Sr. No.,State,Work,Work ID,IDA,Hon'ble Members of Parliament,Constituency,Expenditure Date,Vendor Name,Payment Status,Fund Disbursed Amount ( ₹ )
1,Karnataka,Construction of community centers and community halls,WS/MP18086/2026-2027/292888,HASSAN(DEPUTY COMMISSIONER HASSAN_IDA),SHREYAS. M. PATEL,HASSAN,24-Aug-26,KRIDL BHUSIRI ACCOUNT WORKS,Payment In-Progress,750000
2,Uttar Pradesh,"Construction of roads, link roads, pathways or any other road with or without drainage system",WS/MP18218/2025-2026/233777,GHAZIABAD(DISTRICT MAGISTRAE GHAZIABAD_IDA),ATUL GARG,GHAZIABAD,21-Aug-26,DARSH BUILDCON,Payment In-Progress,799146
3,Uttar Pradesh,"Construction of roads, link roads, pathways or any other road with or without drainage system",WS/MP18218/2025-2026/233781,GHAZIABAD(DISTRICT MAGISTRAE GHAZIABAD_IDA),ATUL GARG,GHAZIABAD,04-Aug-26,DARSH BUILDCON,Payment In-Progress,498309
4,Uttar Pradesh,"Construction of roads, link roads, pathways or any other road with or without drainage system",WS/MP18218/2025-2026/233878,GHAZIABAD(DISTRICT MAGISTRAE GHAZIABAD_IDA),ATUL GARG,GHAZIABAD,04-Aug-26,DARSH BUILDCON,Payment In-Progress,832080
5,Odisha,Construction of community centers and community halls,WS/MP18142/2025-2026/185341,PURI(DISTRICT COLLECTOR PURI_IDA),BIBHU PRASAD TARAI,JAGATSINGHPUR(SC),28-Aug-26,MEMBER SECY OB AND OC WWB BBSR,Payment In-Progress,2000
6,Gujarat,"Purchase of IT systems, including hardware and software for educational purposes","WS/	 MP575/2026-2027/291463",NAVSARI(DISTRICT COLLECTOR NAVSARI_IDA),C R Patil,NAVSARI,29-Aug-26,BHARGAV SUMANTRAI PATEL,Payment In-Progress,497845
7,Odisha,Construction of community centers and community halls,WS/MP300/2026-2027/226384,KHORDHA(DISTRICT COLLECTOR KHORDHA_IDA),Smt Aparajita Sarangi,BHUBANESWAR,29-Aug-26,MEMBER SECY OB AND OC WWB BBSR,Payment In-Progress,3000
8,Odisha,Construction of community centers and community halls,WS/MP300/2025-2026/226393,KHORDHA(DISTRICT COLLECTOR KHORDHA_IDA),Smt Aparajita Sarangi,BHUBANESWAR,25-Aug-26,MEMBER SECY OB AND OC WWB BBSR,Payment In-Progress,7000
9,Odisha,Construction of public irrigation facilities,WS/MP18150/2026-2027/272770,SAMBALPUR(DISTRICT COLLECTOR SAMBALPUR_IDA),DHARMENDRA PRADHAN,SAMBALPUR,25-Aug-26,MEMBER SECY OB AND OC WWB BBSR,Payment In-Progress,7000
10,Odisha,"Construction of roads, link roads, pathways or any other road with or without drainage system",WS/MP18350/2025-2026/182265,BOUDH(District Collector Boudh_IDA),SUKANTA KUMAR PANIGRAHI,KANDHAMAL,17-Aug-26,MEMBER SECY OB AND OC WWB BBSR,Payment In-Progress,3000
11,Karnataka,Construction of buildings for training institutions,WS/MP18093/2026-2027/217128,TUMAKURU(DEPUTY COMMISSIONER TUMKUR_IDA),V. SOMANNA,TUMKUR,05-Aug-26,KRIDL BHUSIRI ACCOUNT WORKS,Payment In-Progress,750000
12,Karnataka,Installing tube-wells and borewells,WS/MP18093/2026-2027/217130,TUMAKURU(DEPUTY COMMISSIONER TUMKUR_IDA),V. SOMANNA,TUMKUR,27-Jul-26,KRIDL BHUSIRI ACCOUNT WORKS,Payment In-Progress,375000
13,Karnataka,Construction of community centers and community halls,WS/MP18093/2026-2027/228510,TUMAKURU(DEPUTY COMMISSIONER TUMKUR_IDA),V. SOMANNA,TUMKUR,02-Jul-26,KRIDL BHUSIRI ACCOUNT WORKS,Payment In-Progress,750000
14,Karnataka,"Construction of roads, link roads, pathways or any other road with or without drainage system",WS/MP18263/2025-2026/173840,CHIKKAMAGALURU(DEPUTY COMMISSIONER CHIKMAGALUR),KOTA SRINIVAS POOJARY,UDUPI CHIKMAGALUR,18-Aug-26,KRIDL BHUSIRI ACCOUNT WORKS,Payment In-Progress,75000
15,Odisha,Construction of public irrigation facilities,WS/MP18150/2026-2027/272840,SAMBALPUR(DISTRICT COLLECTOR SAMBALPUR_IDA),DHARMENDRA PRADHAN,SAMBALPUR,21-Aug-26,MEMBER SECY OB AND OC WWB BBSR,Payment In-Progress,7000
16,Karnataka,"Construction of roads, link roads, pathways or any other road with or without drainage system",WS/MP18082/2025-2026/187502,TUMAKURU(DEPUTY COMMISSIONER TUMKUR_IDA),GOVIND MAKTHAPPA KARJOL,CHITRADURGA(SC),10-Aug-26,KRIDL BHUSIRI ACCOUNT WORKS,Payment In-Progress,250000
17,Uttar Pradesh,Lighting of public spaces,WS/MP18239/2025-2026/214767,SAMBHAL(DISTRICT MAGISTRAE BHIMNAGAR SAMBHAL_IDA),ZIA UR REHMAN,SAMBHAL,20-Aug-26,R G SUPLLIER,Payment In-Progress,36159
18,Uttar Pradesh,Lighting of public spaces,WS/MP18239/2025-2026/214768,SAMBHAL(DISTRICT MAGISTRAE BHIMNAGAR SAMBHAL_IDA),ZIA UR REHMAN,SAMBHAL,20-Aug-26,R G SUPLLIER,Payment In-Progress,36159
19,Uttar Pradesh,Lighting of public spaces,WS/MP18239/2025-2026/214761,SAMBHAL(DISTRICT MAGISTRAE BHIMNAGAR SAMBHAL_IDA),ZIA UR REHMAN,SAMBHAL,20-Aug-26,R G SUPLLIER,Payment In-Progress,36159
20,Uttar Pradesh,Street lights,WS/MP18222/2025-2026/182263,JAUNPUR(DISTRICT MAGISTRATE JAUNPUR_IDA),BABU SINGH KUSHWAHA,JAUNPUR,22-Jul-26,Ajay Kumar Singh,Payment In-Progress,19992
21,Uttar Pradesh,Street lights,WS/MP18222/2025-2026/182264,JAUNPUR(DISTRICT MAGISTRATE JAUNPUR_IDA),BABU SINGH KUSHWAHA,JAUNPUR,22-Jul-26,Ajay Kumar Singh,Payment In-Progress,19992
22,Andhra Pradesh,Construction of veterinary hospitals and dispensaries,WS/MP18007/2024-2025/140066,Kakinada(DISTRICT COLLECTOR KAKINADA_IDA),Putta Mahesh Kumar,ELURU,27-Aug-26,VIJAYA VIKRAM CONSTRUCTIONS,Payment In-Progress,1097173
23,Uttar Pradesh,Lighting of public spaces,WS/MP18239/2025-2026/214771,SAMBHAL(DISTRICT MAGISTRAE BHIMNAGAR SAMBHAL_IDA),ZIA UR REHMAN,SAMBHAL,20-Aug-26,R G SUPLLIER,Payment In-Progress,36159
24,Uttar Pradesh,Lighting of public spaces,WS/MP18239/2025-2026/214772,SAMBHAL(DISTRICT MAGISTRAE BHIMNAGAR SAMBHAL_IDA),ZIA UR REHMAN,SAMBHAL,20-Aug-26,R G SUPLLIER,Payment In-Progress,36159
25,Uttar Pradesh,Lighting of public spaces,WS/MP18239/2025-2026/214774,SAMBHAL(DISTRICT MAGISTRAE BHIMNAGAR SAMBHAL_IDA),ZIA UR REHMAN,SAMBHAL,20-Aug-26,R G SUPLLIER,Payment In-Progress,36159
26,Uttar Pradesh,Lighting of public spaces,WS/MP18239/2025-2026/214776,SAMBHAL(DISTRICT MAGISTRAE BHIMNAGAR SAMBHAL_IDA),ZIA UR REHMAN,SAMBHAL,20-Aug-26,R G SUPLLIER,Payment In-Progress,36159
27,Uttar Pradesh,Lighting of public spaces,WS/MP18239/2025-2026/214778,SAMBHAL(DISTRICT MAGISTRAE BHIMNAGAR SAMBHAL_IDA),ZIA UR REHMAN,SAMBHAL,20-Aug-26,R G SUPLLIER,Payment In-Progress,36159
28,Uttar Pradesh,Lighting of public spaces,WS/MP18239/2025-2026/214780,SAMBHAL(DISTRICT MAGISTRAE BHIMNAGAR SAMBHAL_IDA),ZIA UR REHMAN,SAMBHAL,20-Aug-26,R G SUPLLIER,Payment In-Progress,36159
29,Uttar Pradesh,Lighting of public spaces,WS/MP18239/2025-2026/214637,SAMBHAL(DISTRICT MAGISTRAE BHIMNAGAR SAMBHAL_IDA),ZIA UR REHMAN,SAMBHAL,20-Aug-26,R G SUPLLIER,Payment In-Progress,36159
30,Uttar Pradesh,Lighting of public spaces,WS/MP18239/2025-2026/214638,SAMBHAL(DISTRICT MAGISTRAE BHIMNAGAR SAMBHAL_IDA),ZIA UR REHMAN,SAMBHAL,20-Aug-26,R G SUPLLIER,Payment In-Progress,36159
31,Uttar Pradesh,Lighting of public spaces,WS/MP18239/2025-2026/214639,SAMBHAL(DISTRICT MAGISTRAE BHIMNAGAR SAMBHAL_IDA),ZIA UR REHMAN,SAMBHAL,20-Aug-26,R G SUPLLIER,Payment In-Progress,36159
32,Uttar Pradesh,Lighting of public spaces,WS/MP18239/2025-2026/214643,SAMBHAL(DISTRICT MAGISTRAE BHIMNAGAR SAMBHAL_IDA),ZIA UR REHMAN,SAMBHAL,20-Aug-26,R G SUPLLIER,Payment In-Progress,36159
33,Uttar Pradesh,Lighting of public spaces,WS/MP18239/2025-2026/214751,SAMBHAL(DISTRICT MAGISTRAE BHIMNAGAR SAMBHAL_IDA),ZIA UR REHMAN,SAMBHAL,20-Aug-26,R G SUPLLIER,Payment In-Progress,36159
34,Uttar Pradesh,Lighting of public spaces,WS/MP18239/2025-2026/214753,SAMBHAL(DISTRICT MAGISTRAE BHIMNAGAR SAMBHAL_IDA),ZIA UR REHMAN,SAMBHAL,20-Aug-26,R G SUPLLIER,Payment In-Progress,36159
35,Uttar Pradesh,Street lights,WS/MP18222/2025-2026/187588,JAUNPUR(DISTRICT MAGISTRATE JAUNPUR_IDA),BABU SINGH KUSHWAHA,JAUNPUR,22-Jul-26,Ajay Kumar Singh,Payment In-Progress,19992
36,Uttar Pradesh,Street lights,WS/MP18222/2025-2026/187595,JAUNPUR(DISTRICT MAGISTRATE JAUNPUR_IDA),BABU SINGH KUSHWAHA,JAUNPUR,22-Jul-26,Ajay Kumar Singh,Payment In-Progress,19992
37,Uttar Pradesh,Street lights,WS/MP18222/2025-2026/186942,JAUNPUR(DISTRICT MAGISTRATE JAUNPUR_IDA),BABU SINGH KUSHWAHA,JAUNPUR,22-Jul-26,Ajay Kumar Singh,Payment In-Progress,19992
38,Uttar Pradesh,Street lights,WS/MP18222/2025-2026/187362,JAUNPUR(DISTRICT MAGISTRATE JAUNPUR_IDA),BABU SINGH KUSHWAHA,JAUNPUR,22-Jul-26,Ajay Kumar Singh,Payment In-Progress,19992
39,Uttar Pradesh,Street lights,WS/MP18222/2025-2026/187363,JAUNPUR(DISTRICT MAGISTRATE JAUNPUR_IDA),BABU SINGH KUSHWAHA,JAUNPUR,22-Jul-26,Ajay Kumar Singh,Payment In-Progress,19992
40,Uttar Pradesh,Street lights,WS/MP18222/2025-2026/187364,JAUNPUR(DISTRICT MAGISTRATE JAUNPUR_IDA),BABU SINGH KUSHWAHA,JAUNPUR,22-Jul-26,Ajay Kumar Singh,Payment In-Progress,19992
41,Uttar Pradesh,Street lights,WS/MP18222/2025-2026/187365,JAUNPUR(DISTRICT MAGISTRATE JAUNPUR_IDA),BABU SINGH KUSHWAHA,JAUNPUR,22-Jul-26,Ajay Kumar Singh,Payment In-Progress,19992
42,Uttar Pradesh,Street lights,WS/MP18222/2025-2026/186921,JAUNPUR(DISTRICT MAGISTRATE JAUNPUR_IDA),BABU SINGH KUSHWAHA,JAUNPUR,22-Jul-26,Ajay Kumar Singh,Payment In-Progress,19992
43,Uttar Pradesh,Street lights,WS/MP18222/2025-2026/186922,JAUNPUR(DISTRICT MAGISTRATE JAUNPUR_IDA),BABU SINGH KUSHWAHA,JAUNPUR,22-Jul-26,Ajay Kumar Singh,Payment In-Progress,19992
44,Uttar Pradesh,Street lights,WS/MP18222/2025-2026/186923,JAUNPUR(DISTRICT MAGISTRATE JAUNPUR_IDA),BABU SINGH KUSHWAHA,JAUNPUR,22-Jul-26,Ajay Kumar Singh,Payment In-Progress,19992
45,Uttar Pradesh,Street lights,WS/MP18222/2025-2026/186924,JAUNPUR(DISTRICT MAGISTRATE JAUNPUR_IDA),BABU SINGH KUSHWAHA,JAUNPUR,22-Jul-26,Ajay Kumar Singh,Payment In-Progress,19992
46,Uttar Pradesh,Street lights,WS/MP18222/2025-2026/186925,JAUNPUR(DISTRICT MAGISTRATE JAUNPUR_IDA),BABU SINGH KUSHWAHA,JAUNPUR,22-Jul-26,Ajay Kumar Singh,Payment In-Progress,19992
47,Uttar Pradesh,Street lights,WS/MP18222/2025-2026/186926,JAUNPUR(DISTRICT MAGISTRATE JAUNPUR_IDA),BABU SINGH KUSHWAHA,JAUNPUR,22-Jul-26,Ajay Kumar Singh,Payment In-Progress,19992
48,Uttar Pradesh,Street lights,WS/MP18222/2025-2026/184234,JAUNPUR(DISTRICT MAGISTRATE JAUNPUR_IDA),BABU SINGH KUSHWAHA,JAUNPUR,22-Jul-26,Ajay Kumar Singh,Payment In-Progress,19992
49,Uttar Pradesh,Lighting of public spaces,WS/MP18239/2025-2026/214742,SAMBHAL(DISTRICT MAGISTRAE BHIMNAGAR SAMBHAL_IDA),ZIA UR REHMAN,SAMBHAL,20-Aug-26,R G SUPLLIER,Payment In-Progress,36159
50,Uttar Pradesh,Street lights,WS/MP18222/2025-2026/184239,JAUNPUR(DISTRICT MAGISTRATE JAUNPUR_IDA),BABU SINGH KUSHWAHA,JAUNPUR,22-Jul-26,Ajay Kumar Singh,Payment In-Progress,19992
51,Uttar Pradesh,Street lights,WS/MP18222/2025-2026/184305,JAUNPUR(DISTRICT MAGISTRATE JAUNPUR_IDA),BABU SINGH KUSHWAHA,JAUNPUR,23-Jul-26,Ajay Kumar Singh,Payment In-Progress,19992
52,Uttar Pradesh,Street lights,WS/MP18222/2025-2026/184282,JAUNPUR(DISTRICT MAGISTRATE JAUNPUR_IDA),BABU SINGH KUSHWAHA,JAUNPUR,23-Jul-26,Ajay Kumar Singh,Payment In-Progress,19992
53,Uttar Pradesh,Street lights,WS/MP18222/2025-2026/184254,JAUNPUR(DISTRICT MAGISTRATE JAUNPUR_IDA),BABU SINGH KUSHWAHA,JAUNPUR,23-Jul-26,Ajay Kumar Singh,Payment In-Progress,19992
54,Uttar Pradesh,Street lights,WS/MP18222/2025-2026/184255,JAUNPUR(DISTRICT MAGISTRATE JAUNPUR_IDA),BABU SINGH KUSHWAHA,JAUNPUR,23-Jul-26,Ajay Kumar Singh,Payment In-Progress,19992
55,Uttar Pradesh,Street lights,WS/MP18222/2025-2026/184264,JAUNPUR(DISTRICT MAGISTRATE JAUNPUR_IDA),BABU SINGH KUSHWAHA,JAUNPUR,23-Jul-26,Ajay Kumar Singh,Payment In-Progress,19992
56,Uttar Pradesh,Street lights,WS/MP18222/2025-2026/184266,JAUNPUR(DISTRICT MAGISTRATE JAUNPUR_IDA),BABU SINGH KUSHWAHA,JAUNPUR,23-Jul-26,Ajay Kumar Singh,Payment In-Progress,19992
57,Uttar Pradesh,Street lights,WS/MP18222/2025-2026/184243,JAUNPUR(DISTRICT MAGISTRATE JAUNPUR_IDA),BABU SINGH KUSHWAHA,JAUNPUR,23-Jul-26,Ajay Kumar Singh,Payment In-Progress,19992
58,Uttar Pradesh,Street lights,WS/MP18222/2025-2026/184472,JAUNPUR(DISTRICT MAGISTRATE JAUNPUR_IDA),BABU SINGH KUSHWAHA,JAUNPUR,22-Jul-26,Ajay Kumar Singh,Payment In-Progress,19992
59,Uttar Pradesh,Street lights,WS/MP18222/2025-2026/184543,JAUNPUR(DISTRICT MAGISTRATE JAUNPUR_IDA),BABU SINGH KUSHWAHA,JAUNPUR,22-Jul-26,Ajay Kumar Singh,Payment In-Progress,19992
60,Uttar Pradesh,Street lights,WS/MP18222/2025-2026/184544,JAUNPUR(DISTRICT MAGISTRATE JAUNPUR_IDA),BABU SINGH KUSHWAHA,JAUNPUR,22-Jul-26,Ajay Kumar Singh,Payment In-Progress,19992
61,Uttar Pradesh,Street lights,WS/MP18222/2025-2026/183819,JAUNPUR(DISTRICT MAGISTRATE JAUNPUR_IDA),BABU SINGH KUSHWAHA,JAUNPUR,18-Aug-26,Ajay Kumar Singh,Payment In-Progress,19992
62,Uttar Pradesh,Street lights,WS/MP18222/2025-2026/183845,JAUNPUR(DISTRICT MAGISTRATE JAUNPUR_IDA),BABU SINGH KUSHWAHA,JAUNPUR,22-Jul-26,Ajay Kumar Singh,Payment In-Progress,19992
63,Uttar Pradesh,Street lights,WS/MP18222/2025-2026/184279,JAUNPUR(DISTRICT MAGISTRATE JAUNPUR_IDA),BABU SINGH KUSHWAHA,JAUNPUR,23-Jul-26,Ajay Kumar Singh,Payment In-Progress,19992
64,Uttar Pradesh,Street lights,WS/MP18222/2025-2026/184280,JAUNPUR(DISTRICT MAGISTRATE JAUNPUR_IDA),BABU SINGH KUSHWAHA,JAUNPUR,23-Jul-26,Ajay Kumar Singh,Payment In-Progress,19992
65,Uttar Pradesh,Street lights,WS/MP18222/2025-2026/184088,JAUNPUR(DISTRICT MAGISTRATE JAUNPUR_IDA),BABU SINGH KUSHWAHA,JAUNPUR,22-Jul-26,Ajay Kumar Singh,Payment In-Progress,19992
66,Uttar Pradesh,Street lights,WS/MP18222/2025-2026/184034,JAUNPUR(DISTRICT MAGISTRATE JAUNPUR_IDA),BABU SINGH KUSHWAHA,JAUNPUR,22-Jul-26,Ajay Kumar Singh,Payment In-Progress,19992
67,Uttar Pradesh,Street lights,WS/MP18222/2025-2026/184031,JAUNPUR(DISTRICT MAGISTRATE JAUNPUR_IDA),BABU SINGH KUSHWAHA,JAUNPUR,22-Jul-26,Ajay Kumar Singh,Payment In-Progress,19992
68,Uttar Pradesh,Street lights,WS/MP18222/2025-2026/184028,JAUNPUR(DISTRICT MAGISTRATE JAUNPUR_IDA),BABU SINGH KUSHWAHA,JAUNPUR,18-Aug-26,Ajay Kumar Singh,Payment In-Progress,19992
69,Uttar Pradesh,Street lights,WS/MP18222/2025-2026/171392,JAUNPUR(DISTRICT MAGISTRATE JAUNPUR_IDA),BABU SINGH KUSHWAHA,JAUNPUR,22-Jul-26,Ajay Kumar Singh,Payment In-Progress,19992
70,Uttar Pradesh,Street lights,WS/MP18222/2025-2026/171393,JAUNPUR(DISTRICT MAGISTRATE JAUNPUR_IDA),BABU SINGH KUSHWAHA,JAUNPUR,22-Jul-26,Ajay Kumar Singh,Payment In-Progress,19992
71,Uttar Pradesh,Street lights,WS/MP18222/2025-2026/171388,JAUNPUR(DISTRICT MAGISTRATE JAUNPUR_IDA),BABU SINGH KUSHWAHA,JAUNPUR,21-Jul-26,Ajay Kumar Singh,Payment In-Progress,19992
72,Uttar Pradesh,Street lights,WS/MP18222/2025-2026/171370,JAUNPUR(DISTRICT MAGISTRATE JAUNPUR_IDA),BABU SINGH KUSHWAHA,JAUNPUR,21-Jul-26,Ajay Kumar Singh,Payment In-Progress,19992
73,Uttar Pradesh,Street lights,WS/MP18222/2025-2026/171510,JAUNPUR(DISTRICT MAGISTRATE JAUNPUR_IDA),BABU SINGH KUSHWAHA,JAUNPUR,21-Jul-26,Ajay Kumar Singh,Payment In-Progress,19992
74,Uttar Pradesh,Street lights,WS/MP18222/2025-2026/171466,JAUNPUR(DISTRICT MAGISTRATE JAUNPUR_IDA),BABU SINGH KUSHWAHA,JAUNPUR,21-Jul-26,Ajay Kumar Singh,Payment In-Progress,19992
75,Uttar Pradesh,Street lights,WS/MP18222/2025-2026/171467,JAUNPUR(DISTRICT MAGISTRATE JAUNPUR_IDA),BABU SINGH KUSHWAHA,JAUNPUR,21-Jul-26,Ajay Kumar Singh,Payment In-Progress,19992
76,Uttar Pradesh,Street lights,WS/MP18222/2025-2026/171468,JAUNPUR(DISTRICT MAGISTRATE JAUNPUR_IDA),BABU SINGH KUSHWAHA,JAUNPUR,21-Jul-26,Ajay Kumar Singh,Payment In-Progress,19992
77,Uttar Pradesh,Street lights,WS/MP18222/2025-2026/171469,JAUNPUR(DISTRICT MAGISTRATE JAUNPUR_IDA),BABU SINGH KUSHWAHA,JAUNPUR,21-Jul-26,Ajay Kumar Singh,Payment In-Progress,19992
78,Uttar Pradesh,Street lights,WS/MP18222/2025-2026/171470,JAUNPUR(DISTRICT MAGISTRATE JAUNPUR_IDA),BABU SINGH KUSHWAHA,JAUNPUR,21-Jul-26,Ajay Kumar Singh,Payment In-Progress,19992
79,Uttar Pradesh,Street lights,WS/MP18222/2025-2026/171449,JAUNPUR(DISTRICT MAGISTRATE JAUNPUR_IDA),BABU SINGH KUSHWAHA,JAUNPUR,21-Jul-26,Ajay Kumar Singh,Payment In-Progress,19992
80,Uttar Pradesh,Street lights,WS/MP18222/2025-2026/171451,JAUNPUR(DISTRICT MAGISTRATE JAUNPUR_IDA),BABU SINGH KUSHWAHA,JAUNPUR,21-Jul-26,Ajay Kumar Singh,Payment In-Progress,19992
81,Uttar Pradesh,Street lights,WS/MP18222/2025-2026/171454,JAUNPUR(DISTRICT MAGISTRATE JAUNPUR_IDA),BABU SINGH KUSHWAHA,JAUNPUR,21-Jul-26,Ajay Kumar Singh,Payment In-Progress,19992
82,Uttar Pradesh,Street lights,WS/MP18222/2025-2026/171420,JAUNPUR(DISTRICT MAGISTRATE JAUNPUR_IDA),BABU SINGH KUSHWAHA,JAUNPUR,21-Jul-26,Ajay Kumar Singh,Payment In-Progress,19992
83,West Bengal,Construction of stadiums,WS/MP18272/2026-2027/222318,Paschim Medinipur(DISTRICT MAGISTRATE PASCHIM MEDINIPUR_IDA),KALIPADA SAREN,JHARGRAM(ST),17-Aug-26,RAJAT SUBHRA MANDAL,Payment In-Progress,4881631
84,Uttar Pradesh,Street lights,WS/MP18222/2025-2026/171410,JAUNPUR(DISTRICT MAGISTRATE JAUNPUR_IDA),BABU SINGH KUSHWAHA,JAUNPUR,21-Jul-26,Ajay Kumar Singh,Payment In-Progress,19992
85,Uttar Pradesh,Street lights,WS/MP18222/2025-2026/171411,JAUNPUR(DISTRICT MAGISTRATE JAUNPUR_IDA),BABU SINGH KUSHWAHA,JAUNPUR,21-Jul-26,Ajay Kumar Singh,Payment In-Progress,19992
86,Uttar Pradesh,Street lights,WS/MP18222/2025-2026/171412,JAUNPUR(DISTRICT MAGISTRATE JAUNPUR_IDA),BABU SINGH KUSHWAHA,JAUNPUR,18-Aug-26,Ajay Kumar Singh,Payment In-Progress,19992
87,Uttar Pradesh,Street lights,WS/MP18222/2025-2026/171497,JAUNPUR(DISTRICT MAGISTRATE JAUNPUR_IDA),BABU SINGH KUSHWAHA,JAUNPUR,21-Jul-26,Ajay Kumar Singh,Payment In-Progress,19992
88,Uttar Pradesh,Street lights,WS/MP18222/2025-2026/171499,JAUNPUR(DISTRICT MAGISTRATE JAUNPUR_IDA),BABU SINGH KUSHWAHA,JAUNPUR,21-Jul-26,Ajay Kumar Singh,Payment In-Progress,19992
89,Uttar Pradesh,Street lights,WS/MP18222/2025-2026/171622,JAUNPUR(DISTRICT MAGISTRATE JAUNPUR_IDA),BABU SINGH KUSHWAHA,JAUNPUR,22-Jul-26,Ajay Kumar Singh,Payment In-Progress,19992
90,Uttar Pradesh,Street lights,WS/MP18222/2025-2026/171624,JAUNPUR(DISTRICT MAGISTRATE JAUNPUR_IDA),BABU SINGH KUSHWAHA,JAUNPUR,22-Jul-26,Ajay Kumar Singh,Payment In-Progress,19992
91,Uttar Pradesh,Street lights,WS/MP18222/2025-2026/171625,JAUNPUR(DISTRICT MAGISTRATE JAUNPUR_IDA),BABU SINGH KUSHWAHA,JAUNPUR,22-Jul-26,Ajay Kumar Singh,Payment In-Progress,19992
92,Uttar Pradesh,Street lights,WS/MP18222/2025-2026/171626,JAUNPUR(DISTRICT MAGISTRATE JAUNPUR_IDA),BABU SINGH KUSHWAHA,JAUNPUR,22-Jul-26,Ajay Kumar Singh,Payment In-Progress,19992
93,Uttar Pradesh,Street lights,WS/MP18222/2025-2026/171577,JAUNPUR(DISTRICT MAGISTRATE JAUNPUR_IDA),BABU SINGH KUSHWAHA,JAUNPUR,21-Jul-26,Ajay Kumar Singh,Payment In-Progress,19992
94,Uttar Pradesh,Street lights,WS/MP18222/2025-2026/171579,JAUNPUR(DISTRICT MAGISTRATE JAUNPUR_IDA),BABU SINGH KUSHWAHA,JAUNPUR,21-Jul-26,Ajay Kumar Singh,Payment In-Progress,19992
95,Uttar Pradesh,Street lights,WS/MP18222/2025-2026/171580,JAUNPUR(DISTRICT MAGISTRATE JAUNPUR_IDA),BABU SINGH KUSHWAHA,JAUNPUR,21-Jul-26,Ajay Kumar Singh,Payment In-Progress,19992
96,Uttar Pradesh,Street lights,WS/MP18222/2025-2026/171581,JAUNPUR(DISTRICT MAGISTRATE JAUNPUR_IDA),BABU SINGH KUSHWAHA,JAUNPUR,21-Jul-26,Ajay Kumar Singh,Payment In-Progress,19992
97,Uttar Pradesh,Street lights,WS/MP18222/2025-2026/171582,JAUNPUR(DISTRICT MAGISTRATE JAUNPUR_IDA),BABU SINGH KUSHWAHA,JAUNPUR,21-Jul-26,Ajay Kumar Singh,Payment In-Progress,19992
98,Uttar Pradesh,Street lights,WS/MP18222/2025-2026/171571,JAUNPUR(DISTRICT MAGISTRATE JAUNPUR_IDA),BABU SINGH KUSHWAHA,JAUNPUR,21-Jul-26,Ajay Kumar Singh,Payment In-Progress,19992
99,Uttar Pradesh,Street lights,WS/MP18222/2025-2026/172029,JAUNPUR(DISTRICT MAGISTRATE JAUNPUR_IDA),BABU SINGH KUSHWAHA,JAUNPUR,22-Jul-26,Ajay Kumar Singh,Payment In-Progress,19992
100,Kerala,Purchase of vans and buses for educational institutions,WS/MP18305/2026-2027/302713,MALAPPURAM(DISTRICT COLLECTOR MALAPPURAM_IDA),E.T. MOHAMMED BASHEER,MALAPPURAM,24-Aug-26,SML ISUZU LTD,Payment In-Progress,1768000
101,Kerala,Purchase of vans and buses for educational institutions,WS/MP18305/2026-2027/302829,MALAPPURAM(DISTRICT COLLECTOR MALAPPURAM_IDA),E.T. MOHAMMED BASHEER,MALAPPURAM,29-Aug-26,SML ISUZU LTD,Payment In-Progress,1976000
102,Uttar Pradesh,Street lights,WS/MP18222/2025-2026/214253,JAUNPUR(DISTRICT MAGISTRATE JAUNPUR_IDA),BABU SINGH KUSHWAHA,JAUNPUR,23-Jul-26,Ajay Kumar Singh,Payment In-Progress,18044
103,Uttar Pradesh,Street lights,WS/MP18222/2025-2026/214202,JAUNPUR(DISTRICT MAGISTRATE JAUNPUR_IDA),BABU SINGH KUSHWAHA,JAUNPUR,23-Jul-26,Ajay Kumar Singh,Payment In-Progress,18044
104,Uttar Pradesh,Street lights,WS/MP18222/2025-2026/214320,JAUNPUR(DISTRICT MAGISTRATE JAUNPUR_IDA),BABU SINGH KUSHWAHA,JAUNPUR,23-Jul-26,Ajay Kumar Singh,Payment In-Progress,18044
105,Uttar Pradesh,Street lights,WS/MP18222/2025-2026/214321,JAUNPUR(DISTRICT MAGISTRATE JAUNPUR_IDA),BABU SINGH KUSHWAHA,JAUNPUR,23-Jul-26,Ajay Kumar Singh,Payment In-Progress,18044
106,Uttar Pradesh,Street lights,WS/MP18222/2025-2026/214174,JAUNPUR(DISTRICT MAGISTRATE JAUNPUR_IDA),BABU SINGH KUSHWAHA,JAUNPUR,23-Jul-26,Ajay Kumar Singh,Payment In-Progress,18044
107,Uttar Pradesh,Street lights,WS/MP18222/2025-2026/214190,JAUNPUR(DISTRICT MAGISTRATE JAUNPUR_IDA),BABU SINGH KUSHWAHA,JAUNPUR,23-Jul-26,Ajay Kumar Singh,Payment In-Progress,18044
108,Uttar Pradesh,Street lights,WS/MP18222/2025-2026/214193,JAUNPUR(DISTRICT MAGISTRATE JAUNPUR_IDA),BABU SINGH KUSHWAHA,JAUNPUR,23-Jul-26,Ajay Kumar Singh,Payment In-Progress,18044
109,Uttar Pradesh,Street lights,WS/MP18222/2025-2026/214195,JAUNPUR(DISTRICT MAGISTRATE JAUNPUR_IDA),BABU SINGH KUSHWAHA,JAUNPUR,23-Jul-26,Ajay Kumar Singh,Payment In-Progress,18044
110,Uttar Pradesh,Street lights,WS/MP18222/2025-2026/214196,JAUNPUR(DISTRICT MAGISTRATE JAUNPUR_IDA),BABU SINGH KUSHWAHA,JAUNPUR,23-Jul-26,Ajay Kumar Singh,Payment In-Progress,18044
111,Uttar Pradesh,Street lights,WS/MP18222/2025-2026/214103,JAUNPUR(DISTRICT MAGISTRATE JAUNPUR_IDA),BABU SINGH KUSHWAHA,JAUNPUR,23-Jul-26,Ajay Kumar Singh,Payment In-Progress,18044
112,Uttar Pradesh,Street lights,WS/MP18222/2025-2026/214104,JAUNPUR(DISTRICT MAGISTRATE JAUNPUR_IDA),BABU SINGH KUSHWAHA,JAUNPUR,23-Jul-26,Ajay Kumar Singh,Payment In-Progress,18044
113,Uttar Pradesh,Street lights,WS/MP18222/2025-2026/214105,JAUNPUR(DISTRICT MAGISTRATE JAUNPUR_IDA),BABU SINGH KUSHWAHA,JAUNPUR,23-Jul-26,Ajay Kumar Singh,Payment In-Progress,18044
114,Uttar Pradesh,Street lights,WS/MP18222/2025-2026/214106,JAUNPUR(DISTRICT MAGISTRATE JAUNPUR_IDA),BABU SINGH KUSHWAHA,JAUNPUR,23-Jul-26,Ajay Kumar Singh,Payment In-Progress,18044
115,Uttar Pradesh,Street lights,WS/MP18222/2025-2026/214107,JAUNPUR(DISTRICT MAGISTRATE JAUNPUR_IDA),BABU SINGH KUSHWAHA,JAUNPUR,23-Jul-26,Ajay Kumar Singh,Payment In-Progress,18044
116,Uttar Pradesh,Street lights,WS/MP18222/2025-2026/214115,JAUNPUR(DISTRICT MAGISTRATE JAUNPUR_IDA),BABU SINGH KUSHWAHA,JAUNPUR,23-Jul-26,Ajay Kumar Singh,Payment In-Progress,18044
117,Uttar Pradesh,Street lights,WS/MP18222/2025-2026/214058,JAUNPUR(DISTRICT MAGISTRATE JAUNPUR_IDA),BABU SINGH KUSHWAHA,JAUNPUR,23-Jul-26,Ajay Kumar Singh,Payment In-Progress,18044
118,Uttar Pradesh,Street lights,WS/MP18222/2025-2026/214059,JAUNPUR(DISTRICT MAGISTRATE JAUNPUR_IDA),BABU SINGH KUSHWAHA,JAUNPUR,23-Jul-26,Ajay Kumar Singh,Payment In-Progress,18044
119,Uttar Pradesh,Street lights,WS/MP18222/2025-2026/214060,JAUNPUR(DISTRICT MAGISTRATE JAUNPUR_IDA),BABU SINGH KUSHWAHA,JAUNPUR,23-Jul-26,Ajay Kumar Singh,Payment In-Progress,18044
120,Uttar Pradesh,Street lights,WS/MP18222/2025-2026/214061,JAUNPUR(DISTRICT MAGISTRATE JAUNPUR_IDA),BABU SINGH KUSHWAHA,JAUNPUR,23-Jul-26,Ajay Kumar Singh,Payment In-Progress,18044
121,Uttar Pradesh,Street lights,WS/MP18222/2025-2026/214001,JAUNPUR(DISTRICT MAGISTRATE JAUNPUR_IDA),BABU SINGH KUSHWAHA,JAUNPUR,23-Jul-26,Ajay Kumar Singh,Payment In-Progress,18044
122,Uttar Pradesh,Street lights,WS/MP18222/2025-2026/214002,JAUNPUR(DISTRICT MAGISTRATE JAUNPUR_IDA),BABU SINGH KUSHWAHA,JAUNPUR,23-Jul-26,Ajay Kumar Singh,Payment In-Progress,18044
123,Uttar Pradesh,Street lights,WS/MP18222/2025-2026/214003,JAUNPUR(DISTRICT MAGISTRATE JAUNPUR_IDA),BABU SINGH KUSHWAHA,JAUNPUR,23-Jul-26,Ajay Kumar Singh,Payment In-Progress,18044
124,Uttar Pradesh,Street lights,WS/MP18222/2025-2026/214004,JAUNPUR(DISTRICT MAGISTRATE JAUNPUR_IDA),BABU SINGH KUSHWAHA,JAUNPUR,23-Jul-26,Ajay Kumar Singh,Payment In-Progress,18044
125,Uttar Pradesh,Street lights,WS/MP18222/2025-2026/214008,JAUNPUR(DISTRICT MAGISTRATE JAUNPUR_IDA),BABU SINGH KUSHWAHA,JAUNPUR,23-Jul-26,Ajay Kumar Singh,Payment In-Progress,18044
126,Uttar Pradesh,Street lights,WS/MP18222/2025-2026/214009,JAUNPUR(DISTRICT MAGISTRATE JAUNPUR_IDA),BABU SINGH KUSHWAHA,JAUNPUR,23-Jul-26,Ajay Kumar Singh,Payment In-Progress,18044
127,Uttar Pradesh,Street lights,WS/MP18222/2025-2026/214010,JAUNPUR(DISTRICT MAGISTRATE JAUNPUR_IDA),BABU SINGH KUSHWAHA,JAUNPUR,23-Jul-26,Ajay Kumar Singh,Payment In-Progress,18044
128,Uttar Pradesh,Street lights,WS/MP18222/2025-2026/182254,JAUNPUR(DISTRICT MAGISTRATE JAUNPUR_IDA),BABU SINGH KUSHWAHA,JAUNPUR,22-Jul-26,Ajay Kumar Singh,Payment In-Progress,19992
129,Uttar Pradesh,Street lights,WS/MP18222/2025-2026/182255,JAUNPUR(DISTRICT MAGISTRATE JAUNPUR_IDA),BABU SINGH KUSHWAHA,JAUNPUR,22-Jul-26,Ajay Kumar Singh,Payment In-Progress,19992
130,Uttar Pradesh,Street lights,WS/MP18222/2025-2026/182256,JAUNPUR(DISTRICT MAGISTRATE JAUNPUR_IDA),BABU SINGH KUSHWAHA,JAUNPUR,22-Jul-26,Ajay Kumar Singh,Payment In-Progress,19992
131,Uttar Pradesh,Street lights,WS/MP18222/2025-2026/182257,JAUNPUR(DISTRICT MAGISTRATE JAUNPUR_IDA),BABU SINGH KUSHWAHA,JAUNPUR,22-Jul-26,Ajay Kumar Singh,Payment In-Progress,19992
132,Uttar Pradesh,Street lights,WS/MP18222/2025-2026/182258,JAUNPUR(DISTRICT MAGISTRATE JAUNPUR_IDA),BABU SINGH KUSHWAHA,JAUNPUR,22-Jul-26,Ajay Kumar Singh,Payment In-Progress,19992
133,Uttar Pradesh,Street lights,WS/MP18222/2025-2026/182259,JAUNPUR(DISTRICT MAGISTRATE JAUNPUR_IDA),BABU SINGH KUSHWAHA,JAUNPUR,22-Jul-26,Ajay Kumar Singh,Payment In-Progress,19992
134,Uttar Pradesh,Street lights,WS/MP18222/2025-2026/171610,JAUNPUR(DISTRICT MAGISTRATE JAUNPUR_IDA),BABU SINGH KUSHWAHA,JAUNPUR,22-Jul-26,Ajay Kumar Singh,Payment In-Progress,19992
135,Uttar Pradesh,Street lights,WS/MP18222/2025-2026/171611,JAUNPUR(DISTRICT MAGISTRATE JAUNPUR_IDA),BABU SINGH KUSHWAHA,JAUNPUR,22-Jul-26,Ajay Kumar Singh,Payment In-Progress,19992
136,Uttar Pradesh,Street lights,WS/MP18222/2025-2026/171612,JAUNPUR(DISTRICT MAGISTRATE JAUNPUR_IDA),BABU SINGH KUSHWAHA,JAUNPUR,22-Jul-26,Ajay Kumar Singh,Payment In-Progress,19992
137,Uttar Pradesh,Street lights,WS/MP18222/2025-2026/171613,JAUNPUR(DISTRICT MAGISTRATE JAUNPUR_IDA),BABU SINGH KUSHWAHA,JAUNPUR,22-Jul-26,Ajay Kumar Singh,Payment In-Progress,19992
138,Uttar Pradesh,Street lights,WS/MP18222/2025-2026/171614,JAUNPUR(DISTRICT MAGISTRATE JAUNPUR_IDA),BABU SINGH KUSHWAHA,JAUNPUR,22-Jul-26,Ajay Kumar Singh,Payment In-Progress,19992
139,Uttar Pradesh,Street lights,WS/MP18222/2025-2026/171619,JAUNPUR(DISTRICT MAGISTRATE JAUNPUR_IDA),BABU SINGH KUSHWAHA,JAUNPUR,22-Jul-26,Ajay Kumar Singh,Payment In-Progress,19992
140,Uttar Pradesh,Street lights,WS/MP18222/2025-2026/171501,JAUNPUR(DISTRICT MAGISTRATE JAUNPUR_IDA),BABU SINGH KUSHWAHA,JAUNPUR,21-Jul-26,Ajay Kumar Singh,Payment In-Progress,19992
141,Uttar Pradesh,Street lights,WS/MP18222/2025-2026/171502,JAUNPUR(DISTRICT MAGISTRATE JAUNPUR_IDA),BABU SINGH KUSHWAHA,JAUNPUR,21-Jul-26,Ajay Kumar Singh,Payment In-Progress,19992
142,Uttar Pradesh,Street lights,WS/MP18222/2025-2026/171592,JAUNPUR(DISTRICT MAGISTRATE JAUNPUR_IDA),BABU SINGH KUSHWAHA,JAUNPUR,22-Jul-26,Ajay Kumar Singh,Payment In-Progress,19992
143,Uttar Pradesh,Street lights,WS/MP18222/2025-2026/184316,JAUNPUR(DISTRICT MAGISTRATE JAUNPUR_IDA),BABU SINGH KUSHWAHA,JAUNPUR,22-Jul-26,Ajay Kumar Singh,Payment In-Progress,19992
144,Uttar Pradesh,Street lights,WS/MP18222/2025-2026/184319,JAUNPUR(DISTRICT MAGISTRATE JAUNPUR_IDA),BABU SINGH KUSHWAHA,JAUNPUR,22-Jul-26,Ajay Kumar Singh,Payment In-Progress,19992
145,Uttar Pradesh,Street lights,WS/MP18222/2025-2026/184330,JAUNPUR(DISTRICT MAGISTRATE JAUNPUR_IDA),BABU SINGH KUSHWAHA,JAUNPUR,22-Jul-26,Ajay Kumar Singh,Payment In-Progress,19992
146,Uttar Pradesh,Street lights,WS/MP18222/2025-2026/184332,JAUNPUR(DISTRICT MAGISTRATE JAUNPUR_IDA),BABU SINGH KUSHWAHA,JAUNPUR,22-Jul-26,Ajay Kumar Singh,Payment In-Progress,19992
147,Uttar Pradesh,Street lights,WS/MP18222/2025-2026/184334,JAUNPUR(DISTRICT MAGISTRATE JAUNPUR_IDA),BABU SINGH KUSHWAHA,JAUNPUR,22-Jul-26,Ajay Kumar Singh,Payment In-Progress,19992
148,Uttar Pradesh,Street lights,WS/MP18222/2025-2026/184328,JAUNPUR(DISTRICT MAGISTRATE JAUNPUR_IDA),BABU SINGH KUSHWAHA,JAUNPUR,22-Jul-26,Ajay Kumar Singh,Payment In-Progress,19992
149,Tamil Nadu,Lighting of public spaces,WS/MP746/2026-2027/232927,RAMANATHAPURAM(DISTRICT COLLECTOR RAMANATHAPURAM_IDA),Kani K Navas,RAMANATHAPURAM,28-Aug-26,FPLUS ENTERPRISES,Payment In-Progress,430000
150,Punjab,Construction of additional rooms and halls in the existing public and community building,WS/MP18314/2025-2026/256967,BARNALA(DEPUTY COMMISSIONER BARNALA_IDA),GURMEET SINGH MEET HAYER,SANGRUR,26-Aug-26,Sidhu Cement Store Fatehgarh Channa,Payment In-Progress,44630
151,Punjab,Construction of additional rooms and halls in the existing public and community building,WS/MP18314/2025-2026/256967,BARNALA(DEPUTY COMMISSIONER BARNALA_IDA),GURMEET SINGH MEET HAYER,SANGRUR,26-Aug-26,Sidhu Cement Store Fatehgarh Channa,Payment In-Progress,17920
152,Punjab,Purchase of mobile water tankers,WS/MP18311/2026-2027/287163,S.A.S Nagar(DEPUTY COMMISSIONER SAHIBZADA AJIT SINGH NAGAR MOHALI_IDA),MALVINDER SINGH KANG,ANANDPUR SAHIB,10-Aug-26,DASHMESH ENGG WORKS,Payment In-Progress,350000
153,Jharkhand,Providing drains and gutters for public drainage,WS/MP18072/2025-2026/226948,BOKARO(DEPUTY COMMISSIONER BOKARO_IDA),DULU MAHATO,DHANBAD,27-Aug-26,SABBIR ANSARI,Payment In-Progress,375000
154,Jharkhand,Construction of public staircase/ stair ghat for public convenience,WS/MP334/2025-2026/211607,BOKARO(DEPUTY COMMISSIONER BOKARO_IDA),Shri Chandra Prakash Choudhary,GIRIDIH,26-Aug-26,JUNIOR ENGINEER RDSD BOKARO,Payment In-Progress,25000
155,Uttar Pradesh,"Construction of roads, link roads, pathways or any other road with or without drainage system",WS/MP856/2025-2026/231387,LUCKNOW(DISTRICT MAGISTRAE LUCKNOW_IDA),Rajnath Singh,LUCKNOW,08-Aug-26,MRK CONSTRUCTIONS,Payment In-Progress,133800
156,Uttar Pradesh,Street lights,WS/MP18222/2025-2026/184342,JAUNPUR(DISTRICT MAGISTRATE JAUNPUR_IDA),BABU SINGH KUSHWAHA,JAUNPUR,22-Jul-26,Ajay Kumar Singh,Payment In-Progress,19992
157,Uttar Pradesh,Street lights,WS/MP18222/2025-2026/184343,JAUNPUR(DISTRICT MAGISTRATE JAUNPUR_IDA),BABU SINGH KUSHWAHA,JAUNPUR,22-Jul-26,Ajay Kumar Singh,Payment In-Progress,19992
158,Uttar Pradesh,Street lights,WS/MP18222/2025-2026/171724,JAUNPUR(DISTRICT MAGISTRATE JAUNPUR_IDA),BABU SINGH KUSHWAHA,JAUNPUR,22-Jul-26,Ajay Kumar Singh,Payment In-Progress,19992
159,Uttar Pradesh,Street lights,WS/MP18222/2025-2026/171727,JAUNPUR(DISTRICT MAGISTRATE JAUNPUR_IDA),BABU SINGH KUSHWAHA,JAUNPUR,22-Jul-26,Ajay Kumar Singh,Payment In-Progress,19992
160,Uttar Pradesh,Street lights,WS/MP18222/2025-2026/171728,JAUNPUR(DISTRICT MAGISTRATE JAUNPUR_IDA),BABU SINGH KUSHWAHA,JAUNPUR,22-Jul-26,Ajay Kumar Singh,Payment In-Progress,19992
161,Jharkhand,Construction of common work sheds/ common covered sitting area,WS/MP18072/2025-2026/225052,BOKARO(DEPUTY COMMISSIONER BOKARO_IDA),DULU MAHATO,DHANBAD,27-Aug-26,SABBIR ANSARI,Payment In-Progress,244000
162,Punjab,Construction of additional rooms and halls in the existing public and community building,WS/MP18314/2025-2026/256967,BARNALA(DEPUTY COMMISSIONER BARNALA_IDA),GURMEET SINGH MEET HAYER,SANGRUR,26-Aug-26,Dhanaula BKO,Payment In-Progress,6560
163,Punjab,Construction of rooms and halls in school and colleges,WS/MP381/2026-2027/275258,AMRITSAR(DEPUTY COMMISSIONER AMRITSAR_IDA),Shri Gurjeet Singh Aujla,AMRITSAR,25-Aug-26,SURINDER TRADERS,Payment In-Progress,498148
164,Punjab,Construction of rooms and halls in school and colleges,WS/MP381/2026-2027/275251,AMRITSAR(DEPUTY COMMISSIONER AMRITSAR_IDA),Shri Gurjeet Singh Aujla,AMRITSAR,25-Aug-26,SURINDER TRADERS,Payment In-Progress,495474
165,Tamil Nadu,Construction of community centers and community halls,WS/MP017/2025-2026/257980,THIRUVALLUR(DISTRICT COLLECTOR TIRUVALLUR_IDA),S. Jagathrakshakan,ARAKKONAM,27-Aug-26,Raveendhra G,Payment In-Progress,1599822
166,Punjab,Purchase of mobile water tankers,WS/MP18311/2026-2027/280988,RUPNAGAR(DEPUTY COMMISSIONER ROOPNAGAR_IDA),MALVINDER SINGH KANG,ANANDPUR SAHIB,28-Aug-26,DASHMESH ENGG WORKS,Payment In-Progress,350000
167,Uttar Pradesh,Street lights,WS/MP18222/2025-2026/184338,JAUNPUR(DISTRICT MAGISTRATE JAUNPUR_IDA),BABU SINGH KUSHWAHA,JAUNPUR,22-Jul-26,Ajay Kumar Singh,Payment In-Progress,19992
168,Uttar Pradesh,Street lights,WS/MP18222/2025-2026/184339,JAUNPUR(DISTRICT MAGISTRATE JAUNPUR_IDA),BABU SINGH KUSHWAHA,JAUNPUR,22-Jul-26,Ajay Kumar Singh,Payment In-Progress,19992
169,Jharkhand,Installing tube-wells and borewells,WS/MP334/2025-2026/223476,BOKARO(DEPUTY COMMISSIONER BOKARO_IDA),Shri Chandra Prakash Choudhary,GIRIDIH,26-Aug-26,JUNIOR ENGINEER RDSD BOKARO,Payment In-Progress,70000
170,Jharkhand,Installing tube-wells and borewells,WS/MP334/2025-2026/223481,BOKARO(DEPUTY COMMISSIONER BOKARO_IDA),Shri Chandra Prakash Choudhary,GIRIDIH,26-Aug-26,JUNIOR ENGINEER RDSD BOKARO,Payment In-Progress,25000
171,Uttar Pradesh,"Construction of roads, link roads, pathways or any other road with or without drainage system",WS/MP494/2025-2026/226479,AGRA(DISTRICT MAGISTRAE AGRA_IDA),Prof SP Singh Baghel,AGRA(SC),26-Aug-26,SAI ENTERPRISES,Payment In-Progress,665840
172,Uttar Pradesh,"Construction of roads, link roads, pathways or any other road with or without drainage system",WS/MP494/2025-2026/226492,AGRA(DISTRICT MAGISTRAE AGRA_IDA),Prof SP Singh Baghel,AGRA(SC),26-Aug-26,SAI ENTERPRISES,Payment In-Progress,556999
173,Karnataka,Construction of community centers and community halls,WS/MP337/2026-2027/247788,SHIVAMOGGA(DEPUTY COMMISSIONER SHIMOGA_IDA),Shri B Y Raghavendra,SHIMOGA,29-Aug-26,Nirmithi Kendra Shivamogga,Payment In-Progress,367500
174,Uttar Pradesh,Installing community drinking water plants,WS/MP494/2025-2026/226510,AGRA(DISTRICT MAGISTRAE AGRA_IDA),Prof SP Singh Baghel,AGRA(SC),26-Aug-26,TANYA CONSTRUCTION,Payment In-Progress,66054
175,Uttar Pradesh,"Construction of roads, link roads, pathways or any other road with or without drainage system",WS/MP494/2025-2026/226497,AGRA(DISTRICT MAGISTRAE AGRA_IDA),Prof SP Singh Baghel,AGRA(SC),26-Aug-26,TANYA CONSTRUCTION,Payment In-Progress,287553
176,Jharkhand,Installing tube-wells and borewells,WS/MP334/2025-2026/211258,BOKARO(DEPUTY COMMISSIONER BOKARO_IDA),Shri Chandra Prakash Choudhary,GIRIDIH,26-Aug-26,JUNIOR ENGINEER RDSD BOKARO,Payment In-Progress,25000
177,Uttar Pradesh,"Construction of roads, link roads, pathways or any other road with or without drainage system",WS/MP494/2025-2026/226499,AGRA(DISTRICT MAGISTRAE AGRA_IDA),Prof SP Singh Baghel,AGRA(SC),26-Aug-26,TANYA CONSTRUCTION,Payment In-Progress,979484
178,Uttar Pradesh,Installing community drinking water plants,WS/MP494/2025-2026/226500,AGRA(DISTRICT MAGISTRAE AGRA_IDA),Prof SP Singh Baghel,AGRA(SC),26-Aug-26,TANYA CONSTRUCTION,Payment In-Progress,66175
179,Uttar Pradesh,Installing community drinking water plants,WS/MP494/2025-2026/226501,AGRA(DISTRICT MAGISTRAE AGRA_IDA),Prof SP Singh Baghel,AGRA(SC),26-Aug-26,TANYA CONSTRUCTION,Payment In-Progress,66175
180,Uttar Pradesh,Installing community drinking water plants,WS/MP494/2025-2026/226502,AGRA(DISTRICT MAGISTRAE AGRA_IDA),Prof SP Singh Baghel,AGRA(SC),26-Aug-26,TANYA CONSTRUCTION,Payment In-Progress,66175
181,Uttar Pradesh,Installing community drinking water plants,WS/MP494/2025-2026/226503,AGRA(DISTRICT MAGISTRAE AGRA_IDA),Prof SP Singh Baghel,AGRA(SC),26-Aug-26,TANYA CONSTRUCTION,Payment In-Progress,66175
182,Uttar Pradesh,Installing community drinking water plants,WS/MP494/2025-2026/226504,AGRA(DISTRICT MAGISTRAE AGRA_IDA),Prof SP Singh Baghel,AGRA(SC),26-Aug-26,TANYA CONSTRUCTION,Payment In-Progress,66175
183,Uttar Pradesh,Installing community drinking water plants,WS/MP494/2025-2026/226505,AGRA(DISTRICT MAGISTRAE AGRA_IDA),Prof SP Singh Baghel,AGRA(SC),26-Aug-26,TANYA CONSTRUCTION,Payment In-Progress,66175
184,Uttar Pradesh,Installing community drinking water plants,WS/MP494/2025-2026/226507,AGRA(DISTRICT MAGISTRAE AGRA_IDA),Prof SP Singh Baghel,AGRA(SC),26-Aug-26,TANYA CONSTRUCTION,Payment In-Progress,65762
185,Uttar Pradesh,Installing community drinking water plants,WS/MP494/2025-2026/226509,AGRA(DISTRICT MAGISTRAE AGRA_IDA),Prof SP Singh Baghel,AGRA(SC),26-Aug-26,TANYA CONSTRUCTION,Payment In-Progress,66077
186,Bihar,"Construction of roads, link roads, pathways or any other road with or without drainage system",WS/MP417/2025-2026/215032,NALANDA(DISTRICT PLANNING OFFICER NALANDA_IDA),Kaushalendra Kumar,NALANDA,29-Aug-26,ADARSH KUMAR,Payment In-Progress,296919
187,Tamil Nadu,Lighting of public spaces,WS/MP18179/2026-2027/245271,Mayiladuthurai(District Collector Mayiladuthurai_IDA),SUDHA R,MAYILADUTHURAI,24-Aug-26,SRI SAI ENTERPRISES,Payment In-Progress,900000
188,Tamil Nadu,Purchase of books and periodicals for libraries/digitization of library books,WS/MP746/2025-2026/212906,RAMANATHAPURAM(DISTRICT COLLECTOR RAMANATHAPURAM_IDA),Kani K Navas,RAMANATHAPURAM,01-Apr-26,Nava India Pathipagam,Payment In-Progress,500000
189,Tamil Nadu,Street lights,WS/MP18177/2025-2026/156784,TIRUPPUR(DISTRICT COLLECTOR TIRUPPUR_IDA),K E PRAKASH,ERODE,16-Apr-26,QUALITTY ENTERPRISES,Payment In-Progress,400000
190,Punjab,Construction of additional rooms and halls in the existing public and community building,WS/MP18314/2025-2026/256967,BARNALA(DEPUTY COMMISSIONER BARNALA_IDA),GURMEET SINGH MEET HAYER,SANGRUR,26-Aug-26,Karan Intelock Tiles,Payment In-Progress,34380
191,Punjab,Construction of additional rooms and halls in the existing public and community building,WS/MP18314/2025-2026/256967,BARNALA(DEPUTY COMMISSIONER BARNALA_IDA),GURMEET SINGH MEET HAYER,SANGRUR,26-Aug-26,Karan Intelock Tiles,Payment In-Progress,21201
192,Punjab,Construction of additional rooms and halls in the existing public and community building,WS/MP18314/2025-2026/256967,BARNALA(DEPUTY COMMISSIONER BARNALA_IDA),GURMEET SINGH MEET HAYER,SANGRUR,26-Aug-26,BHAGWATI STEELS,Payment In-Progress,240226
193,Punjab,Installing tube-wells and borewells,WS/MP18158/2026-2027/261347,PATIALA(DEPUTY COMMISSIONER PATIALA_IDA),DR DHARAMVIRA GANDHI,PATIALA,26-Aug-26,SHAM LAL BAL MUKAND,Payment In-Progress,86730
194,Uttarakhand,Construction of footpaths and pedestrian ways,WS/MP477/2026-2027/274283,ALMORA(DISTRICT MAGISTRATE ALMORA_IDA),Ajay Tamta,ALMORA(SC),27-Aug-26,bdo lamgara royalty,Payment In-Progress,11058
195,Madhya Pradesh,Construction of community centers and community halls,WS/MP641/2026-2027/258152,Khargone (West Nimar)(DISTRICT COLLECTOR KHARGONE_IDA),Gajendra Singh Patel,KHARGONE(ST),24-Apr-26,cmobistan,Payment In-Progress,150000
196,Uttar Pradesh,Lighting of public spaces,WS/MP18346/2024-2025/172316,RAE BARELI(DISTRICT MAGISTRATE RAE BARELI_IDA),RAHUL GANDHI,RAE BARELI,23-Jan-26,Exajoule PVT LTD,Payment In-Progress,158500
197,Andhra Pradesh,Improvement of electricity distribution infrastructure,WS/MP405/2025-2026/140142,KRISHNA(DISTRICT COLLECTOR KRISHNA_IDA),Balashowry Vallabbhaneni,MACHILIPATNAM,06-Jul-26,venkateswara rao ganesana,Payment In-Progress,380097
198,Tamil Nadu,"Purchase of smart boards, visual display units and projectors",WS/MP743/2025-2026/190832,CHENGALPATTU(District Collector Chengalpattu_IDA),Ganesan Selvam,KANCHEEPURAM(SC),29-Aug-26,T S SOLAR POWER SYSTEM,Payment In-Progress,400000
199,Karnataka,Setting up of laboratories,WS/MP18078/2026-2027/248997,BALLARI(DEPUTY COMMISSIONER BELLARY_IDA),E. TUKARAM,BELLARY(ST),24-Aug-26,Bellary Nirmithi Kendra Bellary,Payment In-Progress,1125000
200,Andhra Pradesh,Setting up public non-conventional energy plants,WS/MP522/2025-2026/260876,SRIKAKULAM(District Collector Srikakulam_IDA),Kinjarapu Ram Mohan Naidu,SRIKAKULAM,13-Aug-26,VIRAT MODY SOLAR SITY,Payment In-Progress,888865
201,Tamil Nadu,Construction of bus-sheds or bus-stops,WS/MP18179/2026-2027/245281,Mayiladuthurai(District Collector Mayiladuthurai_IDA),SUDHA R,MAYILADUTHURAI,13-Aug-26,Jothiprakash V,Payment In-Progress,595689
202,Bihar,"Construction of roads, link roads, pathways or any other road with or without drainage system",WS/MP417/2025-2026/222071,NALANDA(DISTRICT PLANNING OFFICER NALANDA_IDA),Kaushalendra Kumar,NALANDA,27-Aug-26,simpi,Payment In-Progress,395705
203,Punjab,"Construction of roads, link roads, pathways or any other road with or without drainage system",WS/MP716/2025-2026/203943,BATHINDA(DEPUTY COMMISSIONER BHATINDA_IDA),Smt Harsimrat Kaur Badal,BHATINDA,21-Aug-26,JR INDUSTRIES,Payment In-Progress,30492
204,Punjab,"Construction of roads, link roads, pathways or any other road with or without drainage system",WS/MP716/2025-2026/203943,BATHINDA(DEPUTY COMMISSIONER BHATINDA_IDA),Smt Harsimrat Kaur Badal,BHATINDA,21-Aug-26,JR INDUSTRIES,Payment In-Progress,40356
205,Punjab,"Construction of roads, link roads, pathways or any other road with or without drainage system",WS/MP716/2025-2026/203943,BATHINDA(DEPUTY COMMISSIONER BHATINDA_IDA),Smt Harsimrat Kaur Badal,BHATINDA,21-Aug-26,JR INDUSTRIES,Payment In-Progress,38104
206,Punjab,"Construction of roads, link roads, pathways or any other road with or without drainage system",WS/MP716/2025-2026/203943,BATHINDA(DEPUTY COMMISSIONER BHATINDA_IDA),Smt Harsimrat Kaur Badal,BHATINDA,21-Aug-26,JR INDUSTRIES,Payment In-Progress,38104
207,Punjab,"Construction of roads, link roads, pathways or any other road with or without drainage system",WS/MP716/2025-2026/203944,BATHINDA(DEPUTY COMMISSIONER BHATINDA_IDA),Smt Harsimrat Kaur Badal,BHATINDA,21-Aug-26,JR INDUSTRIES,Payment In-Progress,49488
208,Madhya Pradesh,Purchase of books and periodicals for libraries/digitization of library books,WS/MP444/2026-2027/254267,BETUL(DISTRICT COLLECTOR BETUL_IDA),Durga Das Uikey,BETUL(ST),27-Jul-26,PRATIBHA PRATISHTHAN,Payment In-Progress,1999844
209,Madhya Pradesh,Construction of common work sheds/ common covered sitting area,WS/MP18104/2025-2026/213696,NARMADAPURAM(DISTRICT COLLECTOR NARMADAPURAM_IDA),DARSHAN SINGH CHOUDHARY,HOSHANGABAD,06-Jan-26,Sachiv Gram panchayat kulamadi,Payment In-Progress,75000
210,Madhya Pradesh,"Construction of roads, link roads, pathways or any other road with or without drainage system",WS/MP18100/2025-2026/249986,CHHINDWARA(DISTRICT COLLECTOR CHHINDWARA_IDA),BUNTY VIVEK SAHU,CHHINDWARA,03-Feb-26,Sarpanch Gram Panchayat   KERIYA,Payment In-Progress,120000
211,Bihar,Construction of community centers and community halls,WS/MP18043/2025-2026/198318,KAIMUR (BHABUA)(DISTRICT PLANNING OFFICER KAIMUR BHABUA_IDA),MANOJ KUMAR,SASARAM(SC),27-Jun-26,ASSISTANT ENGINEER MOHANIA,Payment In-Progress,201465
212,West Bengal,Construction of buildings for crèches and anganwadies,WS/MP18248/2024-2025/151513,PURBA BARDHAMAN(DISTRICT MAGISTRATE PURBA BARDHAMAN_IDA),DR. SHARMILA SARKAR,BARDHAMAN PURBA(SC),21-Jul-26,SRI BALAJI CONCERN,Payment In-Progress,799065
213,Punjab,Construction of shelters for animals,WS/MP18314/2026-2027/268676,BARNALA(DEPUTY COMMISSIONER BARNALA_IDA),GURMEET SINGH MEET HAYER,SANGRUR,25-Aug-26,MS SHERPUR BRICK KILN,Payment In-Progress,49200
214,Punjab,Construction of shelters for animals,WS/MP18314/2026-2027/268676,BARNALA(DEPUTY COMMISSIONER BARNALA_IDA),GURMEET SINGH MEET HAYER,SANGRUR,25-Aug-26,MS SHERPUR BRICK KILN,Payment In-Progress,49200
215,Punjab,Construction of shelters for animals,WS/MP18314/2026-2027/268676,BARNALA(DEPUTY COMMISSIONER BARNALA_IDA),GURMEET SINGH MEET HAYER,SANGRUR,25-Aug-26,MS SHERPUR BRICK KILN,Payment In-Progress,49200
216,Punjab,Construction of shelters for animals,WS/MP18314/2026-2027/268676,BARNALA(DEPUTY COMMISSIONER BARNALA_IDA),GURMEET SINGH MEET HAYER,SANGRUR,25-Aug-26,MS SHERPUR BRICK KILN,Payment In-Progress,49200
217,Punjab,Construction of shelters for animals,WS/MP18314/2026-2027/268676,BARNALA(DEPUTY COMMISSIONER BARNALA_IDA),GURMEET SINGH MEET HAYER,SANGRUR,25-Aug-26,MS SHERPUR BRICK KILN,Payment In-Progress,49200
218,Punjab,Construction of shelters for animals,WS/MP18314/2026-2027/268676,BARNALA(DEPUTY COMMISSIONER BARNALA_IDA),GURMEET SINGH MEET HAYER,SANGRUR,25-Aug-26,MS SHERPUR BRICK KILN,Payment In-Progress,49200
219,Punjab,Construction of shelters for animals,WS/MP18314/2026-2027/268676,BARNALA(DEPUTY COMMISSIONER BARNALA_IDA),GURMEET SINGH MEET HAYER,SANGRUR,25-Aug-26,MS SHERPUR BRICK KILN,Payment In-Progress,43050
220,Madhya Pradesh,Construction of buildings for community cultural activities,WS/MP18100/2025-2026/251014,CHHINDWARA(DISTRICT COLLECTOR CHHINDWARA_IDA),BUNTY VIVEK SAHU,CHHINDWARA,25-Aug-26,GRAM PANCHAYAT ARJUNWADI,Payment In-Progress,60000
221,Uttar Pradesh,Lighting of public spaces,WS/MP507/2026-2027/290535,SITAPUR(DISTRICT MAGISTRATE SITAPUR_IDA),Ashok Kumar Rawat,MISRIKH(SC),24-Aug-26,SHRI GURU KRIPA NARSINGH ASSOCIATES,Payment In-Progress,4003098
222,Uttar Pradesh,Lighting of public spaces,WS/MP507/2026-2027/290535,SITAPUR(DISTRICT MAGISTRATE SITAPUR_IDA),Ashok Kumar Rawat,MISRIKH(SC),24-Aug-26,SHRI GURU KRIPA NARSINGH ASSOCIATES,Payment In-Progress,4474051
223,Uttar Pradesh,Lighting of public spaces,WS/MP507/2026-2027/290535,SITAPUR(DISTRICT MAGISTRATE SITAPUR_IDA),Ashok Kumar Rawat,MISRIKH(SC),24-Aug-26,SHRI GURU KRIPA NARSINGH ASSOCIATES,Payment In-Progress,4709528
224,Uttar Pradesh,Lighting of public spaces,WS/MP507/2026-2027/290535,SITAPUR(DISTRICT MAGISTRATE SITAPUR_IDA),Ashok Kumar Rawat,MISRIKH(SC),24-Aug-26,SHRI GURU KRIPA NARSINGH ASSOCIATES,Payment In-Progress,3532146
225,Uttar Pradesh,Lighting of public spaces,WS/MP507/2026-2027/290535,SITAPUR(DISTRICT MAGISTRATE SITAPUR_IDA),Ashok Kumar Rawat,MISRIKH(SC),24-Aug-26,SHRI GURU KRIPA NARSINGH ASSOCIATES,Payment In-Progress,4945004
226,Uttar Pradesh,Lighting of public spaces,WS/MP507/2026-2027/290535,SITAPUR(DISTRICT MAGISTRATE SITAPUR_IDA),Ashok Kumar Rawat,MISRIKH(SC),24-Aug-26,SHRI GURU KRIPA NARSINGH ASSOCIATES,Payment In-Progress,3767622
227,Uttar Pradesh,Lighting of public spaces,WS/MP507/2026-2027/290535,SITAPUR(DISTRICT MAGISTRATE SITAPUR_IDA),Ashok Kumar Rawat,MISRIKH(SC),24-Aug-26,SHRI GURU KRIPA NARSINGH ASSOCIATES,Payment In-Progress,4238575
228,Uttar Pradesh,Lighting of public spaces,WS/MP507/2026-2027/290535,SITAPUR(DISTRICT MAGISTRATE SITAPUR_IDA),Ashok Kumar Rawat,MISRIKH(SC),24-Aug-26,SHRI GURU KRIPA NARSINGH ASSOCIATES,Payment In-Progress,5651433
229,Tamil Nadu,Lighting of public spaces,WS/MP751/2025-2026/249287,MADURAI(DISTRICT COLLECTOR MADURAI_IDA),S Venkatesan,MADURAI,27-Aug-26,N NALLATHAMBI,Payment In-Progress,399890
230,Madhya Pradesh,Purchase of mobile water tankers,WS/MP18108/2026-2027/288545,SAGAR(DISTRICT COLLECTOR SAGAR_IDA),DR. LATA WANKHEDE,SAGAR,27-Aug-26,MANISH FEBRICATION,Payment In-Progress,150229
231,Madhya Pradesh,Purchase of mobile water tankers,WS/MP18108/2026-2027/288546,SAGAR(DISTRICT COLLECTOR SAGAR_IDA),DR. LATA WANKHEDE,SAGAR,27-Aug-26,MANISH FEBRICATION,Payment In-Progress,150229
232,Madhya Pradesh,Purchase of mobile water tankers,WS/MP18108/2026-2027/288582,SAGAR(DISTRICT COLLECTOR SAGAR_IDA),DR. LATA WANKHEDE,SAGAR,27-Aug-26,MANISH FEBRICATION,Payment In-Progress,150229
233,Madhya Pradesh,Purchase of mobile water tankers,WS/MP18108/2026-2027/288583,SAGAR(DISTRICT COLLECTOR SAGAR_IDA),DR. LATA WANKHEDE,SAGAR,27-Aug-26,MANISH FEBRICATION,Payment In-Progress,150229
234,Madhya Pradesh,Purchase of mobile water tankers,WS/MP18108/2026-2027/288337,SAGAR(DISTRICT COLLECTOR SAGAR_IDA),DR. LATA WANKHEDE,SAGAR,27-Aug-26,MANISH FEBRICATION,Payment In-Progress,150229
235,Madhya Pradesh,Purchase of mobile water tankers,WS/MP18108/2026-2027/288338,SAGAR(DISTRICT COLLECTOR SAGAR_IDA),DR. LATA WANKHEDE,SAGAR,27-Aug-26,MANISH FEBRICATION,Payment In-Progress,150229
236,Madhya Pradesh,Purchase of mobile water tankers,WS/MP18108/2026-2027/288339,SAGAR(DISTRICT COLLECTOR SAGAR_IDA),DR. LATA WANKHEDE,SAGAR,27-Aug-26,MANISH FEBRICATION,Payment In-Progress,150229
237,Madhya Pradesh,Purchase of mobile water tankers,WS/MP18108/2026-2027/287213,SAGAR(DISTRICT COLLECTOR SAGAR_IDA),DR. LATA WANKHEDE,SAGAR,27-Aug-26,MANISH FEBRICATION,Payment In-Progress,150229
238,Madhya Pradesh,Purchase of mobile water tankers,WS/MP18108/2026-2027/287214,SAGAR(DISTRICT COLLECTOR SAGAR_IDA),DR. LATA WANKHEDE,SAGAR,27-Aug-26,MANISH FEBRICATION,Payment In-Progress,150229
239,Madhya Pradesh,Purchase of mobile water tankers,WS/MP18108/2026-2027/287215,SAGAR(DISTRICT COLLECTOR SAGAR_IDA),DR. LATA WANKHEDE,SAGAR,27-Aug-26,MANISH FEBRICATION,Payment In-Progress,150229
240,Madhya Pradesh,Purchase of mobile water tankers,WS/MP18108/2026-2027/287216,SAGAR(DISTRICT COLLECTOR SAGAR_IDA),DR. LATA WANKHEDE,SAGAR,27-Aug-26,MANISH FEBRICATION,Payment In-Progress,150229
241,Madhya Pradesh,Purchase of mobile water tankers,WS/MP18108/2026-2027/287217,SAGAR(DISTRICT COLLECTOR SAGAR_IDA),DR. LATA WANKHEDE,SAGAR,27-Aug-26,MANISH FEBRICATION,Payment In-Progress,150229
242,Madhya Pradesh,Purchase of mobile water tankers,WS/MP18108/2026-2027/287218,SAGAR(DISTRICT COLLECTOR SAGAR_IDA),DR. LATA WANKHEDE,SAGAR,27-Aug-26,MANISH FEBRICATION,Payment In-Progress,150229
243,Madhya Pradesh,Purchase of mobile water tankers,WS/MP18108/2026-2027/287219,SAGAR(DISTRICT COLLECTOR SAGAR_IDA),DR. LATA WANKHEDE,SAGAR,27-Aug-26,MANISH FEBRICATION,Payment In-Progress,150229
244,Madhya Pradesh,Purchase of mobile water tankers,WS/MP18108/2026-2027/287220,SAGAR(DISTRICT COLLECTOR SAGAR_IDA),DR. LATA WANKHEDE,SAGAR,27-Aug-26,MANISH FEBRICATION,Payment In-Progress,150229
245,Madhya Pradesh,Purchase of mobile water tankers,WS/MP18108/2026-2027/287221,SAGAR(DISTRICT COLLECTOR SAGAR_IDA),DR. LATA WANKHEDE,SAGAR,27-Aug-26,MANISH FEBRICATION,Payment In-Progress,150229
246,Madhya Pradesh,Purchase of mobile water tankers,WS/MP18108/2026-2027/287222,SAGAR(DISTRICT COLLECTOR SAGAR_IDA),DR. LATA WANKHEDE,SAGAR,27-Aug-26,MANISH FEBRICATION,Payment In-Progress,150229
247,Madhya Pradesh,Purchase of mobile water tankers,WS/MP18108/2026-2027/287223,SAGAR(DISTRICT COLLECTOR SAGAR_IDA),DR. LATA WANKHEDE,SAGAR,27-Aug-26,MANISH FEBRICATION,Payment In-Progress,150229
248,Madhya Pradesh,Purchase of mobile water tankers,WS/MP18108/2026-2027/287224,SAGAR(DISTRICT COLLECTOR SAGAR_IDA),DR. LATA WANKHEDE,SAGAR,27-Aug-26,MANISH FEBRICATION,Payment In-Progress,150229
249,Madhya Pradesh,Purchase of mobile water tankers,WS/MP18108/2026-2027/287225,SAGAR(DISTRICT COLLECTOR SAGAR_IDA),DR. LATA WANKHEDE,SAGAR,27-Aug-26,MANISH FEBRICATION,Payment In-Progress,150229
250,Madhya Pradesh,Purchase of mobile water tankers,WS/MP18108/2026-2027/287226,SAGAR(DISTRICT COLLECTOR SAGAR_IDA),DR. LATA WANKHEDE,SAGAR,27-Aug-26,MANISH FEBRICATION,Payment In-Progress,157341
251,Madhya Pradesh,Purchase of mobile water tankers,WS/MP18108/2026-2027/287227,SAGAR(DISTRICT COLLECTOR SAGAR_IDA),DR. LATA WANKHEDE,SAGAR,27-Aug-26,MANISH FEBRICATION,Payment In-Progress,157341
252,Uttar Pradesh,Construction of boundary walls of existing public and community buildings,WS/MP18221/2026-2027/255639,KANPUR DEHAT(DISTRICT MAGISTRATE KANPUR DEHAT_IDA),NARAYAN DAS AHIRWAR,JALAUN(SC),22-Aug-26,Ms Krishna Traders,Payment In-Progress,725927
253,Uttar Pradesh,Construction of boundary walls of existing public and community buildings,WS/MP18221/2026-2027/255640,KANPUR DEHAT(DISTRICT MAGISTRATE KANPUR DEHAT_IDA),NARAYAN DAS AHIRWAR,JALAUN(SC),22-Aug-26,Ms Krishna Traders,Payment In-Progress,725927
254,Uttar Pradesh,Construction of boundary walls of existing public and community buildings,WS/MP18221/2026-2027/246944,KANPUR DEHAT(DISTRICT MAGISTRATE KANPUR DEHAT_IDA),NARAYAN DAS AHIRWAR,JALAUN(SC),22-Aug-26,Ms Krishna Traders,Payment In-Progress,725927
255,Bihar,Construction of common work sheds/ common covered sitting area,WS/MP18042/2026-2027/274820,DARBHANGA(DISTRICT PLANNING OFFICER DARBANGA_IDA),SHAMBHAVI,SAMASTIPUR(SC),18-Aug-26,ASSISTANT ENGINEER KUSHESHWAR ASTHAN,Payment In-Progress,394259
256,Madhya Pradesh,Construction of community centers and community halls,WS/MP444/2025-2026/252365,BETUL(DISTRICT COLLECTOR BETUL_IDA),Durga Das Uikey,BETUL(ST),20-Aug-26,YADAV TRADERS,Payment In-Progress,75000
257,Jammu And Kashmir,Construction of public irrigation facilities,WS/MP18260/2025-2026/190483,PULWAMA(Deputy Commissioner  Pulwama_IDA),AGA SYED RUHULLAH MEHDI,SRINAGAR,11-Aug-26,Attar Brothers,Payment In-Progress,340600
258,Uttar Pradesh,"Construction of roads, link roads, pathways or any other road with or without drainage system",WS/MP18339/2025-2026/249639,BAHRAICH(DISTRICT MAGISTRAE BAHRAICH_IDA),KARAN BHUSHAN SINGH,KAISERGANJ,09-Jul-26,SRIJAN CONSTRUCTION,Payment In-Progress,2280018
259,Punjab,Construction of community centers and community halls,WS/MP18311/2024-2025/143656,RUPNAGAR(DEPUTY COMMISSIONER ROOPNAGAR_IDA),MALVINDER SINGH KANG,ANANDPUR SAHIB,26-Aug-26,PUNJAB CEMENT AND IRON STORE,Payment In-Progress,49700
260,Punjab,Construction of community centers and community halls,WS/MP18311/2024-2025/143656,RUPNAGAR(DEPUTY COMMISSIONER ROOPNAGAR_IDA),MALVINDER SINGH KANG,ANANDPUR SAHIB,26-Aug-26,PUNJAB CEMENT AND IRON STORE,Payment In-Progress,49000
261,Punjab,Construction of community centers and community halls,WS/MP18311/2024-2025/143656,RUPNAGAR(DEPUTY COMMISSIONER ROOPNAGAR_IDA),MALVINDER SINGH KANG,ANANDPUR SAHIB,26-Aug-26,PUNJAB CEMENT AND IRON STORE,Payment In-Progress,49700
262,Punjab,Construction of community centers and community halls,WS/MP18311/2024-2025/143656,RUPNAGAR(DEPUTY COMMISSIONER ROOPNAGAR_IDA),MALVINDER SINGH KANG,ANANDPUR SAHIB,26-Aug-26,PUNJAB CEMENT AND IRON STORE,Payment In-Progress,48300
263,Punjab,Construction of community centers and community halls,WS/MP18311/2024-2025/143656,RUPNAGAR(DEPUTY COMMISSIONER ROOPNAGAR_IDA),MALVINDER SINGH KANG,ANANDPUR SAHIB,26-Aug-26,PUNJAB CEMENT AND IRON STORE,Payment In-Progress,49000
264,Punjab,Construction of community centers and community halls,WS/MP18311/2024-2025/143656,RUPNAGAR(DEPUTY COMMISSIONER ROOPNAGAR_IDA),MALVINDER SINGH KANG,ANANDPUR SAHIB,26-Aug-26,PUNJAB CEMENT AND IRON STORE,Payment In-Progress,45500
265,Punjab,Construction of community centers and community halls,WS/MP18311/2024-2025/143656,RUPNAGAR(DEPUTY COMMISSIONER ROOPNAGAR_IDA),MALVINDER SINGH KANG,ANANDPUR SAHIB,26-Aug-26,PUNJAB CEMENT AND IRON STORE,Payment In-Progress,40161
266,Punjab,Construction of community centers and community halls,WS/MP18311/2024-2025/143656,RUPNAGAR(DEPUTY COMMISSIONER ROOPNAGAR_IDA),MALVINDER SINGH KANG,ANANDPUR SAHIB,26-Aug-26,PUNJAB CEMENT AND IRON STORE,Payment In-Progress,40000
267,Punjab,Construction of community centers and community halls,WS/MP18311/2024-2025/143656,RUPNAGAR(DEPUTY COMMISSIONER ROOPNAGAR_IDA),MALVINDER SINGH KANG,ANANDPUR SAHIB,26-Aug-26,PUNJAB CEMENT AND IRON STORE,Payment In-Progress,40000
268,Punjab,Construction of community centers and community halls,WS/MP18311/2024-2025/143656,RUPNAGAR(DEPUTY COMMISSIONER ROOPNAGAR_IDA),MALVINDER SINGH KANG,ANANDPUR SAHIB,26-Aug-26,PUNJAB CEMENT AND IRON STORE,Payment In-Progress,30000
269,Assam,Construction of community centers and community halls,WS/MP18024/2025-2026/183890,JORHAT(DEPUTY COMMISSIONER JORHAT_IDA),GAURAV GOGOI,JORHAT,27-Aug-26,Neog Hardware,Payment In-Progress,200000
270,Uttar Pradesh,Construction of buildings for community cultural activities,WS/MP18223/2026-2027/195629,SHAMLI(DISTRICT MAGISTRATE SHAMLI_IDA),IQRA CHOUDHARY,KAIRANA,24-Aug-26,MARUF ALI CONTRACTOR,Payment In-Progress,1322274
271,Madhya Pradesh,Construction of common work sheds/ common covered sitting area,WS/MP18100/2026-2027/261394,CHHINDWARA(DISTRICT COLLECTOR CHHINDWARA_IDA),BUNTY VIVEK SAHU,CHHINDWARA,25-Aug-26,GRAM PANCHAYAT MAU,Payment In-Progress,40000
272,Uttarakhand,Purchase of training equipment,WS/MP477/2026-2027/290928,BAGESHWAR(DISTRICT MAGISTRATE BAGESHWAR_IDA),Ajay Tamta,ALMORA(SC),20-Aug-26,JITAN SAH,Payment In-Progress,150000
273,Rajasthan,Setting up public non-conventional energy plants,WS/MP18165/2025-2026/247101,JAIPUR(DISTRICT COLLECTOR JAIPUR_IDA),MANJU SHARMA,JAIPUR,21-Aug-26,Rajasthan Electronics And Instruments Limited,Payment In-Progress,1000000
274,Rajasthan,Setting up public non-conventional energy plants,WS/MP18165/2025-2026/210687,JAIPUR(DISTRICT COLLECTOR JAIPUR_IDA),MANJU SHARMA,JAIPUR,21-Aug-26,Rajasthan Electronics And Instruments Limited,Payment In-Progress,1000000
275,Madhya Pradesh,Construction of rooms and halls in school and colleges,WS/MP18104/2025-2026/154234,NARMADAPURAM(DISTRICT COLLECTOR NARMADAPURAM_IDA),DARSHAN SINGH CHOUDHARY,HOSHANGABAD,22-Jan-26,Khyati Sports,Payment In-Progress,25000
276,Bihar,Construction of public staircase/ stair ghat for public convenience,WS/MP18042/2026-2027/263185,DARBHANGA(DISTRICT PLANNING OFFICER DARBANGA_IDA),SHAMBHAVI,SAMASTIPUR(SC),13-Jul-26,ASSISTANT ENGINEER HAYAGHAT,Payment In-Progress,597335
277,Bihar,Construction of public staircase/ stair ghat for public convenience,WS/MP18042/2026-2027/263187,DARBHANGA(DISTRICT PLANNING OFFICER DARBANGA_IDA),SHAMBHAVI,SAMASTIPUR(SC),15-Jul-26,ASSISTANT ENGINEER HAYAGHAT,Payment In-Progress,794788
278,Punjab,Crematoriums/energy efficient crematoriums or structures on burial/cremation ground,WS/MP18311/2026-2027/272263,S.A.S Nagar(DEPUTY COMMISSIONER SAHIBZADA AJIT SINGH NAGAR MOHALI_IDA),MALVINDER SINGH KANG,ANANDPUR SAHIB,26-Aug-26,KAILASH BRICK TRADERS,Payment In-Progress,31920
279,Bihar,Construction of public staircase/ stair ghat for public convenience,WS/MP417/2026-2027/284374,NALANDA(DISTRICT PLANNING OFFICER NALANDA_IDA),Kaushalendra Kumar,NALANDA,19-Aug-26,ASSISTANT ENGINEER HILSA A C,Payment In-Progress,398826
280,Bihar,"Construction of roads, link roads, pathways or any other road with or without drainage system",WS/MP417/2026-2027/276187,NALANDA(DISTRICT PLANNING OFFICER NALANDA_IDA),Kaushalendra Kumar,NALANDA,18-Aug-26,ASSISTANT ENGINEER ISLAMPUR A C,Payment In-Progress,398886
281,Chhattisgarh,Construction of community centers and community halls,WS/MP18048/2025-2026/200477,BASTAR(DISTRICT COLLECTOR BASTAR_IDA),MAHESH KASHYAP,BASTAR(ST),25-Sep-25,sarpanchgram panchayat gadiya,Payment In-Progress,450000
282,Uttar Pradesh,"Construction of roads, link roads, pathways or any other road with or without drainage system",WS/MP490/2025-2026/241431,VARANASI(DISTRICT MAGISTRAE VARANASI_IDA),Shri Narendra Modi,VARANASI,12-Aug-26,SAI ENTERPRISES,Payment In-Progress,433258
283,Uttar Pradesh,"Construction of roads, link roads, pathways or any other road with or without drainage system",WS/MP490/2025-2026/241424,VARANASI(DISTRICT MAGISTRAE VARANASI_IDA),Shri Narendra Modi,VARANASI,12-Aug-26,SAI ENTERPRISES,Payment In-Progress,537642
284,Uttar Pradesh,"Construction of roads, link roads, pathways or any other road with or without drainage system",WS/MP18345/2025-2026/234721,AURAIYA(DISTRICT MAGISTRATE AURAIYA_IDA),AKHILESH YADAV,KANNAUJ,14-Aug-26,DIVYANSHU CONSTRUCTION,Payment In-Progress,246562
285,Madhya Pradesh,"Construction of roads, link roads, pathways or any other road with or without drainage system",WS/MP18100/2025-2026/179869,Pandhurna(District Collector Pandhurna_IDA),BUNTY VIVEK SAHU,CHHINDWARA,27-Aug-26,Gram panchayat Ambada,Payment In-Progress,240000
286,Madhya Pradesh,"Construction of roads, link roads, pathways or any other road with or without drainage system",WS/MP18107/2025-2026/261266,RATLAM(District Collector Ratlam_IDA),ANITA NAGARSINGH CHOUHAN,RATLAM(ST),13-Jul-26,PUNNIYAKHIDI,Payment In-Progress,148562
287,Odisha,Construction of community centers and community halls,WS/MP18142/2025-2026/185341,PURI(DISTRICT COLLECTOR PURI_IDA),BIBHU PRASAD TARAI,JAGATSINGHPUR(SC),28-Aug-26,EMF,Payment In-Progress,163
288,Uttar Pradesh,"Construction of roads, link roads, pathways or any other road with or without drainage system",WS/MP777/2025-2026/225342,GAUTAM BUDDHA NAGAR(DISTRICT MAGISTRATE GAUTAMBUDHNAGAR),Mahesh Sharma,GAUTAM BUDDHA NAGAR,06-Aug-26,Yashika Construction Co,Payment In-Progress,868500
289,Madhya Pradesh,"Construction of roads, link roads, pathways or any other road with or without drainage system",WS/MP18100/2025-2026/206194,Pandhurna(District Collector Pandhurna_IDA),BUNTY VIVEK SAHU,CHHINDWARA,27-Aug-26,Gram panchayat Rajna,Payment In-Progress,240000
290,Rajasthan,Improvement of electricity distribution infrastructure,WS/MP728/2026-2027/299266,CHURU(DISTRICT COLLECTOR CHURU_IDA),Rahul Kaswan,CHURU,20-Aug-26,JODHPUR VIDYUT VITARAN NIGAM LTD,Payment In-Progress,151449
291,Gujarat,Providing drains and gutters for public drainage,WS/MP18055/2026-2027/275220,KHEDA(DISTRICT COLLECTOR KHEDA_IDA),RAJPALSINH MAHENDRASINH JADAV,PANCHMAHAL,24-Aug-26,SONIPUR GRAM PANCHAYAT New,Payment In-Progress,497849
292,Gujarat,Construction of footpaths and pedestrian ways,WS/MP18055/2026-2027/276544,KHEDA(DISTRICT COLLECTOR KHEDA_IDA),RAJPALSINH MAHENDRASINH JADAV,PANCHMAHAL,24-Aug-26,SONIPUR GRAM PANCHAYAT New,Payment In-Progress,248748
293,Rajasthan,Development of playground,WS/MP18164/2025-2026/259491,GANGANAGAR(Zilla GANGANAGAR),KULDEEP INDORA,GANGANAGAR(SC),17-Aug-26,Param Enterprises,Payment In-Progress,96454
294,Bihar,Construction of public staircase/ stair ghat for public convenience,WS/MP18042/2026-2027/259745,DARBHANGA(DISTRICT PLANNING OFFICER DARBANGA_IDA),SHAMBHAVI,SAMASTIPUR(SC),18-Aug-26,ASSISTANT ENGINEER HAYAGHAT,Payment In-Progress,695688
295,Madhya Pradesh,Construction of common work sheds/ common covered sitting area,WS/MP18104/2026-2027/290510,NARMADAPURAM(DISTRICT COLLECTOR NARMADAPURAM_IDA),DARSHAN SINGH CHOUDHARY,HOSHANGABAD,25-Aug-26,GRAM PANCHAYAT SURELA KISHOR SFC,Payment In-Progress,125000
296,Odisha,Construction of community centers and community halls,WS/MP300/2025-2026/226393,KHORDHA(DISTRICT COLLECTOR KHORDHA_IDA),Smt Aparajita Sarangi,BHUBANESWAR,25-Aug-26,EMF,Payment In-Progress,232
297,Odisha,Construction of community centers and community halls,WS/MP300/2026-2027/226384,KHORDHA(DISTRICT COLLECTOR KHORDHA_IDA),Smt Aparajita Sarangi,BHUBANESWAR,29-Aug-26,EMF,Payment In-Progress,17
298,Bihar,"Construction of roads, link roads, pathways or any other road with or without drainage system",WS/MP18042/2026-2027/259761,SAMASTIPUR(DISTRICT PLANNING OFFICER SAMASTIPUR_IDA),SHAMBHAVI,SAMASTIPUR(SC),28-Aug-26,PAVAN KUMARI DEVI,Payment In-Progress,598388
299,Bihar,"Construction of roads, link roads, pathways or any other road with or without drainage system",WS/MP18042/2026-2027/259772,SAMASTIPUR(DISTRICT PLANNING OFFICER SAMASTIPUR_IDA),SHAMBHAVI,SAMASTIPUR(SC),27-Aug-26,PAVAN KUMARI DEVI,Payment In-Progress,696543
300,Madhya Pradesh,"Construction of roads, link roads, pathways or any other road with or without drainage system",WS/MP356/2025-2026/225529,MANDSAUR(DISTRICT COLLECTOR MANDSAUR_IDA),Shri Sudheer Gupta,MANDSOUR,27-Aug-26,CEO JANPAD PANCHAYAT SITAMAU,Payment In-Progress,75000
301,Madhya Pradesh,"Construction of roads, link roads, pathways or any other road with or without drainage system",WS/MP356/2026-2027/284065,MANDSAUR(DISTRICT COLLECTOR MANDSAUR_IDA),Shri Sudheer Gupta,MANDSOUR,27-Aug-26,CEO JANPAD PANCHAYAT SITAMAU,Payment In-Progress,100000
302,Madhya Pradesh,Construction of common work sheds/ common covered sitting area,WS/MP356/2026-2027/277509,MANDSAUR(DISTRICT COLLECTOR MANDSAUR_IDA),Shri Sudheer Gupta,MANDSOUR,27-Aug-26,CEO JANPAD PANCHAYAT SITAMAU,Payment In-Progress,100000
303,Madhya Pradesh,"Construction of roads, link roads, pathways or any other road with or without drainage system",WS/MP356/2026-2027/284014,MANDSAUR(DISTRICT COLLECTOR MANDSAUR_IDA),Shri Sudheer Gupta,MANDSOUR,27-Aug-26,CEO JANPAD PANCHAYAT SITAMAU,Payment In-Progress,100000
304,Madhya Pradesh,"Construction of roads, link roads, pathways or any other road with or without drainage system",WS/MP356/2026-2027/295201,MANDSAUR(DISTRICT COLLECTOR MANDSAUR_IDA),Shri Sudheer Gupta,MANDSOUR,27-Aug-26,CEO JANPAD PANCHAYAT SITAMAU,Payment In-Progress,75000
305,Madhya Pradesh,"Construction of roads, link roads, pathways or any other road with or without drainage system",WS/MP356/2026-2027/294976,MANDSAUR(DISTRICT COLLECTOR MANDSAUR_IDA),Shri Sudheer Gupta,MANDSOUR,27-Aug-26,CEO JANPAD PANCHAYAT SITAMAU,Payment In-Progress,125000
306,Uttar Pradesh,"Construction of roads, link roads, pathways or any other road with or without drainage system",WS/MP18345/2025-2026/234719,AURAIYA(DISTRICT MAGISTRATE AURAIYA_IDA),AKHILESH YADAV,KANNAUJ,14-Aug-26,DIVYANSHU CONSTRUCTION,Payment In-Progress,270155
307,Madhya Pradesh,"Construction of roads, link roads, pathways or any other road with or without drainage system",WS/MP18107/2024-2025/163615,RATLAM(District Collector Ratlam_IDA),ANITA NAGARSINGH CHOUHAN,RATLAM(ST),03-Jul-26,PATDI,Payment In-Progress,120000
308,Odisha,Construction of public irrigation facilities,WS/MP18150/2026-2027/272770,SAMBALPUR(DISTRICT COLLECTOR SAMBALPUR_IDA),DHARMENDRA PRADHAN,SAMBALPUR,25-Aug-26,EMF,Payment In-Progress,259
309,Odisha,Construction of public irrigation facilities,WS/MP18150/2026-2027/272840,SAMBALPUR(DISTRICT COLLECTOR SAMBALPUR_IDA),DHARMENDRA PRADHAN,SAMBALPUR,21-Aug-26,EMF,Payment In-Progress,117
310,Odisha,"Construction of roads, link roads, pathways or any other road with or without drainage system",WS/MP18350/2025-2026/182265,BOUDH(District Collector Boudh_IDA),SUKANTA KUMAR PANIGRAHI,KANDHAMAL,17-Aug-26,EMF,Payment In-Progress,383
311,Tamil Nadu,Construction of bus-sheds or bus-stops,WS/MP393/2025-2026/206433,PUDUKKOTTAI(DISTRICT COLLECTOR PUDUKKOTTAI_IDA),Shri Karti P Chidambaram,SIVAGANGA,28-Aug-26,S MEYYAPPAN,Payment In-Progress,597193
312,Rajasthan,"Construction of roads, link roads, pathways or any other road with or without drainage system",WS/MP719/2025-2026/257055,AJMER(DISTRICT COLLECTOR AJMER_IDA),Bhagirath Chaudhary,AJMER,20-Aug-26,omparkash,Payment In-Progress,294063
313,Assam,Construction of community centers and community halls,WS/MP18024/2025-2026/206535,JORHAT(DEPUTY COMMISSIONER JORHAT_IDA),GAURAV GOGOI,JORHAT,29-Aug-26,BRIENSHI SONOWAL,Payment In-Progress,93422
314,Jharkhand,Construction of buildings for community cultural activities,WS/MP433/2025-2026/194240,GIRIDIH(Deputy Commissioner Giridh_IDA),Annpurna Devi,KODARMA,06-Jul-26,EXECUTIVE ENGINER NREP GIRIDIH,Payment In-Progress,498197
315,Jharkhand,Crematoriums/energy efficient crematoriums or structures on burial/cremation ground,WS/MP433/2025-2026/194459,GIRIDIH(Deputy Commissioner Giridh_IDA),Annpurna Devi,KODARMA,19-Jun-26,EXECUTIVE ENGINER NREP GIRIDIH,Payment In-Progress,300000
316,Gujarat,Installing tube-wells and borewells,WS/MP18055/2026-2027/275223,KHEDA(DISTRICT COLLECTOR KHEDA_IDA),RAJPALSINH MAHENDRASINH JADAV,PANCHMAHAL,21-Aug-26,VAJEWAL grampanchayat,Payment In-Progress,149494
317,Gujarat,Providing supply pipelines for drinking water,WS/MP18055/2026-2027/275241,KHEDA(DISTRICT COLLECTOR KHEDA_IDA),RAJPALSINH MAHENDRASINH JADAV,PANCHMAHAL,17-Aug-26,UMBA grampanchayat,Payment In-Progress,249332
318,Uttar Pradesh,"Construction of roads, link roads, pathways or any other road with or without drainage system",WS/MP468/2025-2026/235862,JHANSI(DISTRICT MAGISTRAE JHANSI_IDA),Anurag Sharma,JHANSI,21-Aug-26,GOVIND DAS ARYA,Payment In-Progress,124826
319,Uttarakhand,Purchase of training equipment,WS/MP477/2026-2027/290927,BAGESHWAR(DISTRICT MAGISTRATE BAGESHWAR_IDA),Ajay Tamta,ALMORA(SC),19-Aug-26,MS MEENAKSHI HARDWARE,Payment In-Progress,187900
320,Uttarakhand,Purchase of training equipment,WS/MP477/2026-2027/290927,BAGESHWAR(DISTRICT MAGISTRATE BAGESHWAR_IDA),Ajay Tamta,ALMORA(SC),19-Aug-26,MS MEENAKSHI HARDWARE,Payment In-Progress,79200
321,Jharkhand,"Construction of roads, link roads, pathways or any other road with or without drainage system",WS/MP435/2025-2026/228366,RANCHI(DEPUTY COMMISSIONER RANCHI_IDA),Sanjay Seth,RANCHI,28-Aug-26,AMIT KUMAR,Payment In-Progress,62675
322,Jharkhand,"Construction of roads, link roads, pathways or any other road with or without drainage system",WS/MP433/2025-2026/230251,GIRIDIH(Deputy Commissioner Giridh_IDA),Annpurna Devi,KODARMA,15-Jun-26,EXECUTIVE ENGINER NREP GIRIDIH,Payment In-Progress,299050
323,Jharkhand,Construction of platforms and passenger sheds at railway stations,WS/MP433/2025-2026/230253,GIRIDIH(Deputy Commissioner Giridh_IDA),Annpurna Devi,KODARMA,15-Jun-26,EXECUTIVE ENGINER NREP GIRIDIH,Payment In-Progress,200000
324,Arunachal Pradesh,"Construction of roads, link roads, pathways or any other road with or without drainage system",WS/MP533/2025-2026/226046,LOWER SUBANSIRI(Deputy Commissioner Lower Subansir_IDA),Kiren Rijiju,ARUNACHAL WEST,26-Mar-26,Subansiri Traders Ziro,Payment In-Progress,500000
325,Arunachal Pradesh,"Construction of roads, link roads, pathways or any other road with or without drainage system",WS/MP533/2025-2026/226046,LOWER SUBANSIRI(Deputy Commissioner Lower Subansir_IDA),Kiren Rijiju,ARUNACHAL WEST,26-Mar-26,Subansiri Traders Ziro,Payment In-Progress,500000
326,Arunachal Pradesh,"Construction of roads, link roads, pathways or any other road with or without drainage system",WS/MP533/2025-2026/226046,LOWER SUBANSIRI(Deputy Commissioner Lower Subansir_IDA),Kiren Rijiju,ARUNACHAL WEST,26-Mar-26,Subansiri Traders Ziro,Payment In-Progress,500000
327,Arunachal Pradesh,"Construction of roads, link roads, pathways or any other road with or without drainage system",WS/MP533/2025-2026/226046,LOWER SUBANSIRI(Deputy Commissioner Lower Subansir_IDA),Kiren Rijiju,ARUNACHAL WEST,26-Mar-26,Subansiri Traders Ziro,Payment In-Progress,500000
328,Arunachal Pradesh,"Construction of roads, link roads, pathways or any other road with or without drainage system",WS/MP533/2025-2026/226046,LOWER SUBANSIRI(Deputy Commissioner Lower Subansir_IDA),Kiren Rijiju,ARUNACHAL WEST,26-Mar-26,Subansiri Traders Ziro,Payment In-Progress,250000
329,Arunachal Pradesh,"Construction of roads, link roads, pathways or any other road with or without drainage system",WS/MP533/2025-2026/226046,LOWER SUBANSIRI(Deputy Commissioner Lower Subansir_IDA),Kiren Rijiju,ARUNACHAL WEST,26-Mar-26,Subansiri Traders Ziro,Payment In-Progress,250000
330,Jharkhand,Construction of common work sheds/ common covered sitting area,WS/MP433/2025-2026/230763,GIRIDIH(Deputy Commissioner Giridh_IDA),Annpurna Devi,KODARMA,02-Jul-26,EXECUTIVE ENGINER NREP GIRIDIH,Payment In-Progress,300000
331,Jharkhand,"Construction of roads, link roads, pathways or any other road with or without drainage system",WS/MP433/2025-2026/230604,GIRIDIH(Deputy Commissioner Giridh_IDA),Annpurna Devi,KODARMA,17-Jul-26,EXECUTIVE ENGINER NREP GIRIDIH,Payment In-Progress,250000
332,Jharkhand,"Construction of roads, link roads, pathways or any other road with or without drainage system",WS/MP433/2026-2027/230802,GIRIDIH(Deputy Commissioner Giridh_IDA),Annpurna Devi,KODARMA,19-Jun-26,EXECUTIVE ENGINER NREP GIRIDIH,Payment In-Progress,299221
333,Jharkhand,Crematoriums/energy efficient crematoriums or structures on burial/cremation ground,WS/MP433/2025-2026/194735,GIRIDIH(Deputy Commissioner Giridh_IDA),Annpurna Devi,KODARMA,17-Jul-26,EXECUTIVE ENGINER NREP GIRIDIH,Payment In-Progress,300000
334,Gujarat,"Construction of roads, link roads, pathways or any other road with or without drainage system",WS/MP18055/2026-2027/275237,KHEDA(DISTRICT COLLECTOR KHEDA_IDA),RAJPALSINH MAHENDRASINH JADAV,PANCHMAHAL,21-Aug-26,DHUNADARA  gram panchayat,Payment In-Progress,399439
335,Gujarat,Construction of footpaths and pedestrian ways,WS/MP18055/2026-2027/275228,KHEDA(DISTRICT COLLECTOR KHEDA_IDA),RAJPALSINH MAHENDRASINH JADAV,PANCHMAHAL,21-Aug-26,JESAPURA  gram panchayat,Payment In-Progress,99210
336,Gujarat,"Construction of roads, link roads, pathways or any other road with or without drainage system",WS/MP18055/2026-2027/275222,KHEDA(DISTRICT COLLECTOR KHEDA_IDA),RAJPALSINH MAHENDRASINH JADAV,PANCHMAHAL,21-Aug-26,KHIJALPUR VANTA   gram panchayat,Payment In-Progress,299536
337,Gujarat,"Construction of roads, link roads, pathways or any other road with or without drainage system",WS/MP18055/2026-2027/275238,KHEDA(DISTRICT COLLECTOR KHEDA_IDA),RAJPALSINH MAHENDRASINH JADAV,PANCHMAHAL,21-Aug-26,PORDA  gram panchayat,Payment In-Progress,197883
338,Punjab,Construction of additional rooms and halls in the existing public and community building,WS/MP380/2025-2026/192934,LUDHIANA(DEPUTY COMMISSIONER LUDHIANA_IDA),Shri Amar Singh,FATEHGARH SAHIB(SC),26-Aug-26,TARA SINGH BKO,Payment In-Progress,22854
339,Gujarat,Installing tube-wells and borewells,WS/MP18055/2026-2027/275224,KHEDA(DISTRICT COLLECTOR KHEDA_IDA),RAJPALSINH MAHENDRASINH JADAV,PANCHMAHAL,21-Aug-26,KOTARIYA  gram panchayat,Payment In-Progress,149494
340,Uttar Pradesh,"Construction of roads, link roads, pathways or any other road with or without drainage system",WS/MP468/2025-2026/235851,JHANSI(DISTRICT MAGISTRAE JHANSI_IDA),Anurag Sharma,JHANSI,21-Aug-26,GOVIND DAS ARYA,Payment In-Progress,124876
341,Uttar Pradesh,"Construction of roads, link roads, pathways or any other road with or without drainage system",WS/MP468/2025-2026/235850,JHANSI(DISTRICT MAGISTRAE JHANSI_IDA),Anurag Sharma,JHANSI,21-Aug-26,GOVIND DAS ARYA,Payment In-Progress,124740
342,Jharkhand,Construction of common work sheds/ common covered sitting area,WS/MP435/2025-2026/228481,RANCHI(DEPUTY COMMISSIONER RANCHI_IDA),Sanjay Seth,RANCHI,30-May-26,AMIT KUMAR,Payment In-Progress,56850
343,Jharkhand,"Construction of roads, link roads, pathways or any other road with or without drainage system",WS/MP435/2025-2026/228334,RANCHI(DEPUTY COMMISSIONER RANCHI_IDA),Sanjay Seth,RANCHI,30-May-26,AMIT KUMAR,Payment In-Progress,140325
344,Jharkhand,"Construction of roads, link roads, pathways or any other road with or without drainage system",WS/MP435/2025-2026/228337,RANCHI(DEPUTY COMMISSIONER RANCHI_IDA),Sanjay Seth,RANCHI,27-Aug-26,AMIT KUMAR,Payment In-Progress,93000
345,Jharkhand,"Construction of roads, link roads, pathways or any other road with or without drainage system",WS/MP435/2025-2026/228359,RANCHI(DEPUTY COMMISSIONER RANCHI_IDA),Sanjay Seth,RANCHI,28-Aug-26,AMIT KUMAR,Payment In-Progress,123350
346,Jharkhand,Construction of common work sheds/ common covered sitting area,WS/MP435/2025-2026/228362,RANCHI(DEPUTY COMMISSIONER RANCHI_IDA),Sanjay Seth,RANCHI,28-Aug-26,AMIT KUMAR,Payment In-Progress,115900
347,Jharkhand,Construction of common work sheds/ common covered sitting area,WS/MP435/2025-2026/228363,RANCHI(DEPUTY COMMISSIONER RANCHI_IDA),Sanjay Seth,RANCHI,28-Aug-26,AMIT KUMAR,Payment In-Progress,56850
348,Jharkhand,"Construction of roads, link roads, pathways or any other road with or without drainage system",WS/MP435/2025-2026/228364,RANCHI(DEPUTY COMMISSIONER RANCHI_IDA),Sanjay Seth,RANCHI,28-Aug-26,AMIT KUMAR,Payment In-Progress,123350
349,Jharkhand,Renovation of ponds and lakes,WS/MP435/2025-2026/228365,RANCHI(DEPUTY COMMISSIONER RANCHI_IDA),Sanjay Seth,RANCHI,28-Aug-26,AMIT KUMAR,Payment In-Progress,131250
350,Punjab,Installation of multi-gym equipment,WS/MP18311/2025-2026/255978,S.A.S Nagar(DEPUTY COMMISSIONER SAHIBZADA AJIT SINGH NAGAR MOHALI_IDA),MALVINDER SINGH KANG,ANANDPUR SAHIB,15-Jul-26,MODERN METAL CRAFTS,Payment In-Progress,300000
351,Madhya Pradesh,Construction of public toilets and bathrooms,WS/MP18102/2026-2027/287005,DHAR(DISTRICT COLLECTOR DHAR_IDA),SAVITRI THAKUR,DHAR(ST),27-Aug-26,Gram Panchayat Sundrel J P Dharmpuri Dhar,Payment In-Progress,250000
352,Himachal Pradesh,"Construction of roads, link roads, pathways or any other road with or without drainage system",WS/MP432/2026-2027/247365,UNA(DEPUTY COMMISSIOENR UNA_IDA),Anurag Singh Thakur,HAMIRPUR_HP,27-Aug-26,Gram Panchayat Batuhi,Payment In-Progress,100000
353,Himachal Pradesh,"Construction of roads, link roads, pathways or any other road with or without drainage system",WS/MP432/2026-2027/247366,UNA(DEPUTY COMMISSIOENR UNA_IDA),Anurag Singh Thakur,HAMIRPUR_HP,27-Aug-26,Gram Panchayat Batuhi,Payment In-Progress,100000
354,West Bengal,Lighting of public spaces,WS/MP825/2025-2026/265912,HOWRAH(DISTRICT MAGISTRATE HOWRAH_IDA),Prasun Banerjee,HOWRAH,18-Aug-26,A K CONSTRUCTION,Payment In-Progress,148770
355,West Bengal,Lighting of public spaces,WS/MP825/2025-2026/265913,HOWRAH(DISTRICT MAGISTRATE HOWRAH_IDA),Prasun Banerjee,HOWRAH,18-Aug-26,A K CONSTRUCTION,Payment In-Progress,148184
356,West Bengal,Lighting of public spaces,WS/MP825/2025-2026/265914,HOWRAH(DISTRICT MAGISTRATE HOWRAH_IDA),Prasun Banerjee,HOWRAH,18-Aug-26,A K CONSTRUCTION,Payment In-Progress,147103
357,West Bengal,Lighting of public spaces,WS/MP825/2025-2026/265915,HOWRAH(DISTRICT MAGISTRATE HOWRAH_IDA),Prasun Banerjee,HOWRAH,18-Aug-26,A K CONSTRUCTION,Payment In-Progress,147378
358,West Bengal,Lighting of public spaces,WS/MP825/2025-2026/265916,HOWRAH(DISTRICT MAGISTRATE HOWRAH_IDA),Prasun Banerjee,HOWRAH,18-Aug-26,A K CONSTRUCTION,Payment In-Progress,147378
359,West Bengal,Lighting of public spaces,WS/MP825/2025-2026/265918,HOWRAH(DISTRICT MAGISTRATE HOWRAH_IDA),Prasun Banerjee,HOWRAH,18-Aug-26,A K CONSTRUCTION,Payment In-Progress,148609
360,West Bengal,Lighting of public spaces,WS/MP825/2025-2026/265919,HOWRAH(DISTRICT MAGISTRATE HOWRAH_IDA),Prasun Banerjee,HOWRAH,18-Aug-26,A K CONSTRUCTION,Payment In-Progress,149574
361,West Bengal,Lighting of public spaces,WS/MP825/2025-2026/265920,HOWRAH(DISTRICT MAGISTRATE HOWRAH_IDA),Prasun Banerjee,HOWRAH,18-Aug-26,A K CONSTRUCTION,Payment In-Progress,149253
362,West Bengal,Lighting of public spaces,WS/MP825/2025-2026/265921,HOWRAH(DISTRICT MAGISTRATE HOWRAH_IDA),Prasun Banerjee,HOWRAH,18-Aug-26,A K CONSTRUCTION,Payment In-Progress,147378
363,West Bengal,Lighting of public spaces,WS/MP825/2025-2026/265922,HOWRAH(DISTRICT MAGISTRATE HOWRAH_IDA),Prasun Banerjee,HOWRAH,18-Aug-26,A K CONSTRUCTION,Payment In-Progress,148609
364,Gujarat,Construction of building for artificial insemination and breeding centers,WS/MP18321/2025-2026/271406,SABAR KANTHA(DISTRICT COLLECTOR SABARKANTHA_IDA),SHOBHANABEN MAHENDRASINH BARAIYA,SABARKANTHA,25-Aug-26,JORAJINA MUVADA GRAM PANCHAYAT,Payment In-Progress,500000
365,Uttar Pradesh,"Construction of roads, link roads, pathways or any other road with or without drainage system",WS/MP468/2025-2026/235770,JHANSI(DISTRICT MAGISTRAE JHANSI_IDA),Anurag Sharma,JHANSI,21-Aug-26,OM PRAKASH ARYA,Payment In-Progress,124752
366,Madhya Pradesh,Lighting of public spaces,WS/MP18109/2025-2026/240680,SIDHI(DISTRICT COLLECTOR SIDHI_IDA),DR. RAJESH MISHRA,SIDHI,18-Aug-26,SE O and M MPPKVVCL SIDHI,Payment In-Progress,154652
367,Madhya Pradesh,Lighting of public spaces,WS/MP18109/2025-2026/240681,SIDHI(DISTRICT COLLECTOR SIDHI_IDA),DR. RAJESH MISHRA,SIDHI,14-Aug-26,SE O and M MPPKVVCL SIDHI,Payment In-Progress,97276
368,Madhya Pradesh,Lighting of public spaces,WS/MP18109/2025-2026/240682,SIDHI(DISTRICT COLLECTOR SIDHI_IDA),DR. RAJESH MISHRA,SIDHI,14-May-26,SE O and M MPPKVVCL SIDHI,Payment In-Progress,435675
369,Madhya Pradesh,Lighting of public spaces,WS/MP18109/2025-2026/240682,SIDHI(DISTRICT COLLECTOR SIDHI_IDA),DR. RAJESH MISHRA,SIDHI,25-Aug-26,SE O and M MPPKVVCL SIDHI,Payment In-Progress,39132
370,Madhya Pradesh,Lighting of public spaces,WS/MP18109/2025-2026/240683,SIDHI(DISTRICT COLLECTOR SIDHI_IDA),DR. RAJESH MISHRA,SIDHI,14-Aug-26,SE O and M MPPKVVCL SIDHI,Payment In-Progress,290193
371,Madhya Pradesh,Lighting of public spaces,WS/MP18109/2025-2026/240684,SIDHI(DISTRICT COLLECTOR SIDHI_IDA),DR. RAJESH MISHRA,SIDHI,11-Aug-26,SE O and M MPPKVVCL SIDHI,Payment In-Progress,345085
372,Madhya Pradesh,Lighting of public spaces,WS/MP18109/2025-2026/240685,SIDHI(DISTRICT COLLECTOR SIDHI_IDA),DR. RAJESH MISHRA,SIDHI,14-Aug-26,SE O and M MPPKVVCL SIDHI,Payment In-Progress,776983
373,Madhya Pradesh,Lighting of public spaces,WS/MP18109/2025-2026/240686,SIDHI(DISTRICT COLLECTOR SIDHI_IDA),DR. RAJESH MISHRA,SIDHI,10-Aug-26,SE O and M MPPKVVCL SIDHI,Payment In-Progress,308487
374,Madhya Pradesh,Lighting of public spaces,WS/MP18109/2025-2026/240687,SIDHI(DISTRICT COLLECTOR SIDHI_IDA),DR. RAJESH MISHRA,SIDHI,18-Aug-26,SE O and M MPPKVVCL SIDHI,Payment In-Progress,80296
375,Madhya Pradesh,Lighting of public spaces,WS/MP18109/2025-2026/240688,SIDHI(DISTRICT COLLECTOR SIDHI_IDA),DR. RAJESH MISHRA,SIDHI,18-Aug-26,SE O and M MPPKVVCL SIDHI,Payment In-Progress,29584
376,Madhya Pradesh,Lighting of public spaces,WS/MP18109/2025-2026/240689,SIDHI(DISTRICT COLLECTOR SIDHI_IDA),DR. RAJESH MISHRA,SIDHI,18-Aug-26,SE O and M MPPKVVCL SIDHI,Payment In-Progress,70330
377,Uttar Pradesh,"Construction of roads, link roads, pathways or any other road with or without drainage system",WS/MP468/2025-2026/235859,JHANSI(DISTRICT MAGISTRAE JHANSI_IDA),Anurag Sharma,JHANSI,21-Aug-26,OM PRAKASH ARYA,Payment In-Progress,124876
378,Uttar Pradesh,"Construction of roads, link roads, pathways or any other road with or without drainage system",WS/MP468/2025-2026/235878,JHANSI(DISTRICT MAGISTRAE JHANSI_IDA),Anurag Sharma,JHANSI,21-Aug-26,OM PRAKASH ARYA,Payment In-Progress,124851
379,Uttar Pradesh,"Construction of roads, link roads, pathways or any other road with or without drainage system",WS/MP468/2025-2026/235769,JHANSI(DISTRICT MAGISTRAE JHANSI_IDA),Anurag Sharma,JHANSI,21-Aug-26,OM PRAKASH ARYA,Payment In-Progress,62256
380,Uttar Pradesh,Construction of boundary walls of existing public and community buildings,WS/MP18232/2026-2027/232685,MUZAFFARNAGAR(DISTRICT MAGISTRATE MUZAFFARNAGAR_IDA),HARENDRA SINGH MALIK,MUZAFFARNAGAR,23-Aug-26,Khand vikas adhari,Payment In-Progress,75442
381,Uttar Pradesh,Lighting of public spaces,WS/MP18404/2025-2026/251687,BIJNOR(DISTRICT MAGISTRATE BIJNOR_IDA),CHANDRA SHEKHAR,NAGINA(SC),24-Mar-26,Gul Ahmad Contractor,Payment In-Progress,26819
382,Uttar Pradesh,Lighting of public spaces,WS/MP18404/2025-2026/251688,BIJNOR(DISTRICT MAGISTRATE BIJNOR_IDA),CHANDRA SHEKHAR,NAGINA(SC),24-Mar-26,Gul Ahmad Contractor,Payment In-Progress,26819
383,Uttar Pradesh,Lighting of public spaces,WS/MP18404/2025-2026/251689,BIJNOR(DISTRICT MAGISTRATE BIJNOR_IDA),CHANDRA SHEKHAR,NAGINA(SC),24-Mar-26,Gul Ahmad Contractor,Payment In-Progress,26819
384,Uttar Pradesh,Lighting of public spaces,WS/MP18404/2025-2026/251690,BIJNOR(DISTRICT MAGISTRATE BIJNOR_IDA),CHANDRA SHEKHAR,NAGINA(SC),24-Mar-26,Gul Ahmad Contractor,Payment In-Progress,26819
385,Uttar Pradesh,Lighting of public spaces,WS/MP18404/2025-2026/251691,BIJNOR(DISTRICT MAGISTRATE BIJNOR_IDA),CHANDRA SHEKHAR,NAGINA(SC),24-Mar-26,Gul Ahmad Contractor,Payment In-Progress,26819
386,Uttar Pradesh,Lighting of public spaces,WS/MP18404/2025-2026/251692,BIJNOR(DISTRICT MAGISTRATE BIJNOR_IDA),CHANDRA SHEKHAR,NAGINA(SC),24-Mar-26,Gul Ahmad Contractor,Payment In-Progress,26819
387,Uttar Pradesh,Lighting of public spaces,WS/MP18404/2025-2026/251693,BIJNOR(DISTRICT MAGISTRATE BIJNOR_IDA),CHANDRA SHEKHAR,NAGINA(SC),24-Mar-26,Gul Ahmad Contractor,Payment In-Progress,26819
388,Uttar Pradesh,Lighting of public spaces,WS/MP18404/2025-2026/251694,BIJNOR(DISTRICT MAGISTRATE BIJNOR_IDA),CHANDRA SHEKHAR,NAGINA(SC),24-Mar-26,Gul Ahmad Contractor,Payment In-Progress,26819
389,Uttar Pradesh,Lighting of public spaces,WS/MP18404/2025-2026/251695,BIJNOR(DISTRICT MAGISTRATE BIJNOR_IDA),CHANDRA SHEKHAR,NAGINA(SC),24-Mar-26,Gul Ahmad Contractor,Payment In-Progress,26819
390,Uttar Pradesh,Lighting of public spaces,WS/MP18404/2025-2026/251696,BIJNOR(DISTRICT MAGISTRATE BIJNOR_IDA),CHANDRA SHEKHAR,NAGINA(SC),23-Mar-26,Gul Ahmad Contractor,Payment In-Progress,26819
391,Uttar Pradesh,Lighting of public spaces,WS/MP18404/2025-2026/251697,BIJNOR(DISTRICT MAGISTRATE BIJNOR_IDA),CHANDRA SHEKHAR,NAGINA(SC),23-Mar-26,Gul Ahmad Contractor,Payment In-Progress,26819
392,Uttar Pradesh,Lighting of public spaces,WS/MP18404/2025-2026/251698,BIJNOR(DISTRICT MAGISTRATE BIJNOR_IDA),CHANDRA SHEKHAR,NAGINA(SC),23-Mar-26,Gul Ahmad Contractor,Payment In-Progress,26819
393,Uttar Pradesh,Lighting of public spaces,WS/MP18404/2025-2026/251699,BIJNOR(DISTRICT MAGISTRATE BIJNOR_IDA),CHANDRA SHEKHAR,NAGINA(SC),23-Mar-26,Gul Ahmad Contractor,Payment In-Progress,26819
394,Uttar Pradesh,Lighting of public spaces,WS/MP18404/2025-2026/251700,BIJNOR(DISTRICT MAGISTRATE BIJNOR_IDA),CHANDRA SHEKHAR,NAGINA(SC),23-Mar-26,Gul Ahmad Contractor,Payment In-Progress,26819
395,Uttar Pradesh,Lighting of public spaces,WS/MP18404/2025-2026/251701,BIJNOR(DISTRICT MAGISTRATE BIJNOR_IDA),CHANDRA SHEKHAR,NAGINA(SC),23-Mar-26,Gul Ahmad Contractor,Payment In-Progress,26819
396,Uttar Pradesh,Lighting of public spaces,WS/MP18404/2025-2026/251702,BIJNOR(DISTRICT MAGISTRATE BIJNOR_IDA),CHANDRA SHEKHAR,NAGINA(SC),23-Mar-26,Gul Ahmad Contractor,Payment In-Progress,26819
397,Uttar Pradesh,Lighting of public spaces,WS/MP18404/2025-2026/251703,BIJNOR(DISTRICT MAGISTRATE BIJNOR_IDA),CHANDRA SHEKHAR,NAGINA(SC),23-Mar-26,Gul Ahmad Contractor,Payment In-Progress,26819
398,Uttar Pradesh,Lighting of public spaces,WS/MP18404/2025-2026/251704,BIJNOR(DISTRICT MAGISTRATE BIJNOR_IDA),CHANDRA SHEKHAR,NAGINA(SC),23-Mar-26,Gul Ahmad Contractor,Payment In-Progress,26819
399,Uttar Pradesh,Lighting of public spaces,WS/MP18404/2025-2026/251705,BIJNOR(DISTRICT MAGISTRATE BIJNOR_IDA),CHANDRA SHEKHAR,NAGINA(SC),23-Mar-26,Gul Ahmad Contractor,Payment In-Progress,26819
400,Uttar Pradesh,Lighting of public spaces,WS/MP18404/2025-2026/251706,BIJNOR(DISTRICT MAGISTRATE BIJNOR_IDA),CHANDRA SHEKHAR,NAGINA(SC),23-Mar-26,Gul Ahmad Contractor,Payment In-Progress,26819
401,Uttar Pradesh,Lighting of public spaces,WS/MP18404/2025-2026/251707,BIJNOR(DISTRICT MAGISTRATE BIJNOR_IDA),CHANDRA SHEKHAR,NAGINA(SC),23-Mar-26,Gul Ahmad Contractor,Payment In-Progress,26819
402,Uttar Pradesh,Lighting of public spaces,WS/MP18404/2025-2026/251708,BIJNOR(DISTRICT MAGISTRATE BIJNOR_IDA),CHANDRA SHEKHAR,NAGINA(SC),23-Mar-26,Gul Ahmad Contractor,Payment In-Progress,26819
403,Uttar Pradesh,Lighting of public spaces,WS/MP18404/2025-2026/251709,BIJNOR(DISTRICT MAGISTRATE BIJNOR_IDA),CHANDRA SHEKHAR,NAGINA(SC),23-Mar-26,Gul Ahmad Contractor,Payment In-Progress,26819
404,Uttar Pradesh,Lighting of public spaces,WS/MP18404/2025-2026/251710,BIJNOR(DISTRICT MAGISTRATE BIJNOR_IDA),CHANDRA SHEKHAR,NAGINA(SC),23-Mar-26,Gul Ahmad Contractor,Payment In-Progress,26819
405,Uttar Pradesh,Lighting of public spaces,WS/MP18404/2025-2026/251711,BIJNOR(DISTRICT MAGISTRATE BIJNOR_IDA),CHANDRA SHEKHAR,NAGINA(SC),23-Mar-26,Gul Ahmad Contractor,Payment In-Progress,26819
406,Uttar Pradesh,Lighting of public spaces,WS/MP18404/2025-2026/251729,BIJNOR(DISTRICT MAGISTRATE BIJNOR_IDA),CHANDRA SHEKHAR,NAGINA(SC),23-Mar-26,Gul Ahmad Contractor,Payment In-Progress,26819
407,Uttar Pradesh,Lighting of public spaces,WS/MP18404/2025-2026/251730,BIJNOR(DISTRICT MAGISTRATE BIJNOR_IDA),CHANDRA SHEKHAR,NAGINA(SC),23-Mar-26,Gul Ahmad Contractor,Payment In-Progress,26819
408,Uttar Pradesh,Lighting of public spaces,WS/MP18404/2025-2026/251731,BIJNOR(DISTRICT MAGISTRATE BIJNOR_IDA),CHANDRA SHEKHAR,NAGINA(SC),23-Mar-26,Gul Ahmad Contractor,Payment In-Progress,26819
409,Uttar Pradesh,Lighting of public spaces,WS/MP18404/2025-2026/251732,BIJNOR(DISTRICT MAGISTRATE BIJNOR_IDA),CHANDRA SHEKHAR,NAGINA(SC),23-Mar-26,Gul Ahmad Contractor,Payment In-Progress,26819
410,Uttar Pradesh,Lighting of public spaces,WS/MP18404/2025-2026/251733,BIJNOR(DISTRICT MAGISTRATE BIJNOR_IDA),CHANDRA SHEKHAR,NAGINA(SC),23-Mar-26,Gul Ahmad Contractor,Payment In-Progress,26819
411,Uttar Pradesh,Lighting of public spaces,WS/MP18404/2025-2026/251734,BIJNOR(DISTRICT MAGISTRATE BIJNOR_IDA),CHANDRA SHEKHAR,NAGINA(SC),24-Mar-26,Gul Ahmad Contractor,Payment In-Progress,26819
412,Uttar Pradesh,Lighting of public spaces,WS/MP18404/2025-2026/251735,BIJNOR(DISTRICT MAGISTRATE BIJNOR_IDA),CHANDRA SHEKHAR,NAGINA(SC),24-Mar-26,Gul Ahmad Contractor,Payment In-Progress,26819
413,Uttar Pradesh,Lighting of public spaces,WS/MP18404/2025-2026/251736,BIJNOR(DISTRICT MAGISTRATE BIJNOR_IDA),CHANDRA SHEKHAR,NAGINA(SC),24-Mar-26,Gul Ahmad Contractor,Payment In-Progress,26819
414,Uttar Pradesh,Lighting of public spaces,WS/MP18404/2025-2026/251737,BIJNOR(DISTRICT MAGISTRATE BIJNOR_IDA),CHANDRA SHEKHAR,NAGINA(SC),24-Mar-26,Gul Ahmad Contractor,Payment In-Progress,26819
415,Uttar Pradesh,Lighting of public spaces,WS/MP18404/2025-2026/251739,BIJNOR(DISTRICT MAGISTRATE BIJNOR_IDA),CHANDRA SHEKHAR,NAGINA(SC),23-Mar-26,Gul Ahmad Contractor,Payment In-Progress,26819
416,Uttar Pradesh,Lighting of public spaces,WS/MP18404/2025-2026/251740,BIJNOR(DISTRICT MAGISTRATE BIJNOR_IDA),CHANDRA SHEKHAR,NAGINA(SC),23-Mar-26,Gul Ahmad Contractor,Payment In-Progress,26819
417,Uttar Pradesh,Lighting of public spaces,WS/MP18404/2025-2026/251741,BIJNOR(DISTRICT MAGISTRATE BIJNOR_IDA),CHANDRA SHEKHAR,NAGINA(SC),24-Mar-26,Gul Ahmad Contractor,Payment In-Progress,26819
418,Uttar Pradesh,Lighting of public spaces,WS/MP18404/2025-2026/251742,BIJNOR(DISTRICT MAGISTRATE BIJNOR_IDA),CHANDRA SHEKHAR,NAGINA(SC),24-Mar-26,Gul Ahmad Contractor,Payment In-Progress,26819
419,Uttar Pradesh,Lighting of public spaces,WS/MP18404/2025-2026/251744,BIJNOR(DISTRICT MAGISTRATE BIJNOR_IDA),CHANDRA SHEKHAR,NAGINA(SC),24-Mar-26,Gul Ahmad Contractor,Payment In-Progress,26819
420,Uttar Pradesh,Lighting of public spaces,WS/MP18404/2025-2026/251745,BIJNOR(DISTRICT MAGISTRATE BIJNOR_IDA),CHANDRA SHEKHAR,NAGINA(SC),24-Mar-26,Gul Ahmad Contractor,Payment In-Progress,26819
421,Uttar Pradesh,Lighting of public spaces,WS/MP18404/2025-2026/251746,BIJNOR(DISTRICT MAGISTRATE BIJNOR_IDA),CHANDRA SHEKHAR,NAGINA(SC),24-Mar-26,Gul Ahmad Contractor,Payment In-Progress,26819
422,Uttar Pradesh,Lighting of public spaces,WS/MP18404/2025-2026/251747,BIJNOR(DISTRICT MAGISTRATE BIJNOR_IDA),CHANDRA SHEKHAR,NAGINA(SC),24-Mar-26,Gul Ahmad Contractor,Payment In-Progress,26819
423,Uttar Pradesh,Lighting of public spaces,WS/MP18404/2025-2026/251748,BIJNOR(DISTRICT MAGISTRATE BIJNOR_IDA),CHANDRA SHEKHAR,NAGINA(SC),24-Mar-26,Gul Ahmad Contractor,Payment In-Progress,26819
424,Uttar Pradesh,Lighting of public spaces,WS/MP18404/2025-2026/251750,BIJNOR(DISTRICT MAGISTRATE BIJNOR_IDA),CHANDRA SHEKHAR,NAGINA(SC),24-Mar-26,Gul Ahmad Contractor,Payment In-Progress,26819
425,Uttar Pradesh,Lighting of public spaces,WS/MP18404/2025-2026/251751,BIJNOR(DISTRICT MAGISTRATE BIJNOR_IDA),CHANDRA SHEKHAR,NAGINA(SC),24-Mar-26,Gul Ahmad Contractor,Payment In-Progress,26819
426,Uttar Pradesh,Lighting of public spaces,WS/MP18404/2025-2026/251592,BIJNOR(DISTRICT MAGISTRATE BIJNOR_IDA),CHANDRA SHEKHAR,NAGINA(SC),24-Mar-26,Gul Ahmad Contractor,Payment In-Progress,26819
427,Uttar Pradesh,Lighting of public spaces,WS/MP18404/2025-2026/251593,BIJNOR(DISTRICT MAGISTRATE BIJNOR_IDA),CHANDRA SHEKHAR,NAGINA(SC),24-Mar-26,Gul Ahmad Contractor,Payment In-Progress,26819
428,Uttar Pradesh,Lighting of public spaces,WS/MP18404/2025-2026/251594,BIJNOR(DISTRICT MAGISTRATE BIJNOR_IDA),CHANDRA SHEKHAR,NAGINA(SC),24-Mar-26,Gul Ahmad Contractor,Payment In-Progress,26819
429,Uttar Pradesh,Lighting of public spaces,WS/MP18404/2025-2026/251597,BIJNOR(DISTRICT MAGISTRATE BIJNOR_IDA),CHANDRA SHEKHAR,NAGINA(SC),24-Mar-26,Gul Ahmad Contractor,Payment In-Progress,26819
430,Uttar Pradesh,Lighting of public spaces,WS/MP18404/2025-2026/251598,BIJNOR(DISTRICT MAGISTRATE BIJNOR_IDA),CHANDRA SHEKHAR,NAGINA(SC),24-Mar-26,Gul Ahmad Contractor,Payment In-Progress,26819
431,Uttar Pradesh,Lighting of public spaces,WS/MP18404/2025-2026/251599,BIJNOR(DISTRICT MAGISTRATE BIJNOR_IDA),CHANDRA SHEKHAR,NAGINA(SC),24-Mar-26,Gul Ahmad Contractor,Payment In-Progress,26819
432,Uttar Pradesh,Lighting of public spaces,WS/MP18404/2025-2026/251600,BIJNOR(DISTRICT MAGISTRATE BIJNOR_IDA),CHANDRA SHEKHAR,NAGINA(SC),24-Mar-26,Gul Ahmad Contractor,Payment In-Progress,26819
433,Uttar Pradesh,Lighting of public spaces,WS/MP18404/2025-2026/251601,BIJNOR(DISTRICT MAGISTRATE BIJNOR_IDA),CHANDRA SHEKHAR,NAGINA(SC),24-Mar-26,Gul Ahmad Contractor,Payment In-Progress,26819
434,Uttar Pradesh,Lighting of public spaces,WS/MP18404/2025-2026/251602,BIJNOR(DISTRICT MAGISTRATE BIJNOR_IDA),CHANDRA SHEKHAR,NAGINA(SC),24-Mar-26,Gul Ahmad Contractor,Payment In-Progress,26819
435,Uttar Pradesh,Lighting of public spaces,WS/MP18404/2025-2026/251603,BIJNOR(DISTRICT MAGISTRATE BIJNOR_IDA),CHANDRA SHEKHAR,NAGINA(SC),24-Mar-26,Gul Ahmad Contractor,Payment In-Progress,26819
436,Uttar Pradesh,Lighting of public spaces,WS/MP18404/2025-2026/251604,BIJNOR(DISTRICT MAGISTRATE BIJNOR_IDA),CHANDRA SHEKHAR,NAGINA(SC),24-Mar-26,Gul Ahmad Contractor,Payment In-Progress,26819
437,Uttar Pradesh,Lighting of public spaces,WS/MP18404/2025-2026/251606,BIJNOR(DISTRICT MAGISTRATE BIJNOR_IDA),CHANDRA SHEKHAR,NAGINA(SC),24-Mar-26,Gul Ahmad Contractor,Payment In-Progress,26819
438,Uttar Pradesh,Lighting of public spaces,WS/MP18404/2025-2026/251608,BIJNOR(DISTRICT MAGISTRATE BIJNOR_IDA),CHANDRA SHEKHAR,NAGINA(SC),24-Mar-26,Gul Ahmad Contractor,Payment In-Progress,26819
439,Uttar Pradesh,Lighting of public spaces,WS/MP18404/2025-2026/251609,BIJNOR(DISTRICT MAGISTRATE BIJNOR_IDA),CHANDRA SHEKHAR,NAGINA(SC),24-Mar-26,Gul Ahmad Contractor,Payment In-Progress,26819
440,Uttar Pradesh,Lighting of public spaces,WS/MP18404/2025-2026/251611,BIJNOR(DISTRICT MAGISTRATE BIJNOR_IDA),CHANDRA SHEKHAR,NAGINA(SC),24-Mar-26,Gul Ahmad Contractor,Payment In-Progress,26819
441,Uttar Pradesh,Lighting of public spaces,WS/MP18404/2025-2026/251613,BIJNOR(DISTRICT MAGISTRATE BIJNOR_IDA),CHANDRA SHEKHAR,NAGINA(SC),24-Mar-26,Gul Ahmad Contractor,Payment In-Progress,26819
442,Uttar Pradesh,Lighting of public spaces,WS/MP18404/2025-2026/251614,BIJNOR(DISTRICT MAGISTRATE BIJNOR_IDA),CHANDRA SHEKHAR,NAGINA(SC),24-Mar-26,Gul Ahmad Contractor,Payment In-Progress,26819
443,Uttar Pradesh,Lighting of public spaces,WS/MP18404/2025-2026/251615,BIJNOR(DISTRICT MAGISTRATE BIJNOR_IDA),CHANDRA SHEKHAR,NAGINA(SC),24-Mar-26,Gul Ahmad Contractor,Payment In-Progress,26819
444,Uttar Pradesh,Lighting of public spaces,WS/MP18404/2025-2026/251616,BIJNOR(DISTRICT MAGISTRATE BIJNOR_IDA),CHANDRA SHEKHAR,NAGINA(SC),24-Mar-26,Gul Ahmad Contractor,Payment In-Progress,26819
445,Uttar Pradesh,Lighting of public spaces,WS/MP18404/2025-2026/251617,BIJNOR(DISTRICT MAGISTRATE BIJNOR_IDA),CHANDRA SHEKHAR,NAGINA(SC),24-Mar-26,Gul Ahmad Contractor,Payment In-Progress,26819
446,Uttar Pradesh,Lighting of public spaces,WS/MP18404/2025-2026/251618,BIJNOR(DISTRICT MAGISTRATE BIJNOR_IDA),CHANDRA SHEKHAR,NAGINA(SC),24-Mar-26,Gul Ahmad Contractor,Payment In-Progress,26819
447,Uttar Pradesh,Lighting of public spaces,WS/MP18404/2025-2026/251619,BIJNOR(DISTRICT MAGISTRATE BIJNOR_IDA),CHANDRA SHEKHAR,NAGINA(SC),24-Mar-26,Gul Ahmad Contractor,Payment In-Progress,26819
448,Uttar Pradesh,Lighting of public spaces,WS/MP18404/2025-2026/251620,BIJNOR(DISTRICT MAGISTRATE BIJNOR_IDA),CHANDRA SHEKHAR,NAGINA(SC),24-Mar-26,Gul Ahmad Contractor,Payment In-Progress,26819
449,Uttar Pradesh,Lighting of public spaces,WS/MP18404/2025-2026/251622,BIJNOR(DISTRICT MAGISTRATE BIJNOR_IDA),CHANDRA SHEKHAR,NAGINA(SC),24-Mar-26,Gul Ahmad Contractor,Payment In-Progress,26819
450,Uttar Pradesh,Lighting of public spaces,WS/MP18404/2025-2026/251627,BIJNOR(DISTRICT MAGISTRATE BIJNOR_IDA),CHANDRA SHEKHAR,NAGINA(SC),24-Mar-26,Gul Ahmad Contractor,Payment In-Progress,26819
451,Uttar Pradesh,Lighting of public spaces,WS/MP18404/2025-2026/251628,BIJNOR(DISTRICT MAGISTRATE BIJNOR_IDA),CHANDRA SHEKHAR,NAGINA(SC),24-Mar-26,Gul Ahmad Contractor,Payment In-Progress,26819
452,Uttar Pradesh,Lighting of public spaces,WS/MP18404/2025-2026/251629,BIJNOR(DISTRICT MAGISTRATE BIJNOR_IDA),CHANDRA SHEKHAR,NAGINA(SC),24-Mar-26,Gul Ahmad Contractor,Payment In-Progress,26819
453,Uttar Pradesh,Lighting of public spaces,WS/MP18404/2025-2026/251630,BIJNOR(DISTRICT MAGISTRATE BIJNOR_IDA),CHANDRA SHEKHAR,NAGINA(SC),24-Mar-26,Gul Ahmad Contractor,Payment In-Progress,26819
454,Uttar Pradesh,Lighting of public spaces,WS/MP18404/2025-2026/251631,BIJNOR(DISTRICT MAGISTRATE BIJNOR_IDA),CHANDRA SHEKHAR,NAGINA(SC),24-Mar-26,Gul Ahmad Contractor,Payment In-Progress,26819
455,Uttar Pradesh,Lighting of public spaces,WS/MP18404/2025-2026/251633,BIJNOR(DISTRICT MAGISTRATE BIJNOR_IDA),CHANDRA SHEKHAR,NAGINA(SC),24-Mar-26,Gul Ahmad Contractor,Payment In-Progress,26819
456,Uttar Pradesh,Lighting of public spaces,WS/MP18404/2025-2026/251634,BIJNOR(DISTRICT MAGISTRATE BIJNOR_IDA),CHANDRA SHEKHAR,NAGINA(SC),24-Mar-26,Gul Ahmad Contractor,Payment In-Progress,26819
457,Uttar Pradesh,Lighting of public spaces,WS/MP18404/2025-2026/251635,BIJNOR(DISTRICT MAGISTRATE BIJNOR_IDA),CHANDRA SHEKHAR,NAGINA(SC),24-Mar-26,Gul Ahmad Contractor,Payment In-Progress,26819
458,Uttar Pradesh,Lighting of public spaces,WS/MP18404/2025-2026/251637,BIJNOR(DISTRICT MAGISTRATE BIJNOR_IDA),CHANDRA SHEKHAR,NAGINA(SC),24-Mar-26,Gul Ahmad Contractor,Payment In-Progress,26819
459,Uttar Pradesh,Lighting of public spaces,WS/MP18404/2025-2026/251638,BIJNOR(DISTRICT MAGISTRATE BIJNOR_IDA),CHANDRA SHEKHAR,NAGINA(SC),24-Mar-26,Gul Ahmad Contractor,Payment In-Progress,26819
460,Uttar Pradesh,Lighting of public spaces,WS/MP18404/2025-2026/251639,BIJNOR(DISTRICT MAGISTRATE BIJNOR_IDA),CHANDRA SHEKHAR,NAGINA(SC),24-Mar-26,Gul Ahmad Contractor,Payment In-Progress,26819
461,Uttar Pradesh,Lighting of public spaces,WS/MP18404/2025-2026/251640,BIJNOR(DISTRICT MAGISTRATE BIJNOR_IDA),CHANDRA SHEKHAR,NAGINA(SC),24-Mar-26,Gul Ahmad Contractor,Payment In-Progress,26819
462,Uttar Pradesh,Lighting of public spaces,WS/MP18404/2025-2026/251641,BIJNOR(DISTRICT MAGISTRATE BIJNOR_IDA),CHANDRA SHEKHAR,NAGINA(SC),24-Mar-26,Gul Ahmad Contractor,Payment In-Progress,26819
463,Uttar Pradesh,Lighting of public spaces,WS/MP18404/2025-2026/251642,BIJNOR(DISTRICT MAGISTRATE BIJNOR_IDA),CHANDRA SHEKHAR,NAGINA(SC),24-Mar-26,Gul Ahmad Contractor,Payment In-Progress,26819
464,Uttar Pradesh,Lighting of public spaces,WS/MP18404/2025-2026/251643,BIJNOR(DISTRICT MAGISTRATE BIJNOR_IDA),CHANDRA SHEKHAR,NAGINA(SC),24-Mar-26,Gul Ahmad Contractor,Payment In-Progress,26819
465,Uttar Pradesh,Lighting of public spaces,WS/MP18404/2025-2026/251644,BIJNOR(DISTRICT MAGISTRATE BIJNOR_IDA),CHANDRA SHEKHAR,NAGINA(SC),24-Mar-26,Gul Ahmad Contractor,Payment In-Progress,26819
466,Uttar Pradesh,Lighting of public spaces,WS/MP18404/2025-2026/251645,BIJNOR(DISTRICT MAGISTRATE BIJNOR_IDA),CHANDRA SHEKHAR,NAGINA(SC),24-Mar-26,Gul Ahmad Contractor,Payment In-Progress,26819
467,Uttar Pradesh,Lighting of public spaces,WS/MP18404/2025-2026/251646,BIJNOR(DISTRICT MAGISTRATE BIJNOR_IDA),CHANDRA SHEKHAR,NAGINA(SC),24-Mar-26,Gul Ahmad Contractor,Payment In-Progress,26819
468,Uttar Pradesh,Lighting of public spaces,WS/MP18404/2025-2026/251647,BIJNOR(DISTRICT MAGISTRATE BIJNOR_IDA),CHANDRA SHEKHAR,NAGINA(SC),24-Mar-26,Gul Ahmad Contractor,Payment In-Progress,26819
469,Uttar Pradesh,Lighting of public spaces,WS/MP18404/2025-2026/251655,BIJNOR(DISTRICT MAGISTRATE BIJNOR_IDA),CHANDRA SHEKHAR,NAGINA(SC),24-Mar-26,Gul Ahmad Contractor,Payment In-Progress,26819
470,Uttar Pradesh,Lighting of public spaces,WS/MP18404/2025-2026/251656,BIJNOR(DISTRICT MAGISTRATE BIJNOR_IDA),CHANDRA SHEKHAR,NAGINA(SC),24-Mar-26,Gul Ahmad Contractor,Payment In-Progress,26819
471,Uttar Pradesh,Lighting of public spaces,WS/MP18404/2025-2026/251657,BIJNOR(DISTRICT MAGISTRATE BIJNOR_IDA),CHANDRA SHEKHAR,NAGINA(SC),24-Mar-26,Gul Ahmad Contractor,Payment In-Progress,26819
472,Uttar Pradesh,Lighting of public spaces,WS/MP18404/2025-2026/251658,BIJNOR(DISTRICT MAGISTRATE BIJNOR_IDA),CHANDRA SHEKHAR,NAGINA(SC),24-Mar-26,Gul Ahmad Contractor,Payment In-Progress,26819
473,Uttar Pradesh,Lighting of public spaces,WS/MP18404/2025-2026/251659,BIJNOR(DISTRICT MAGISTRATE BIJNOR_IDA),CHANDRA SHEKHAR,NAGINA(SC),24-Mar-26,Gul Ahmad Contractor,Payment In-Progress,26819
474,Uttar Pradesh,Lighting of public spaces,WS/MP18404/2025-2026/251661,BIJNOR(DISTRICT MAGISTRATE BIJNOR_IDA),CHANDRA SHEKHAR,NAGINA(SC),24-Mar-26,Gul Ahmad Contractor,Payment In-Progress,26819
475,Uttar Pradesh,Lighting of public spaces,WS/MP18404/2025-2026/251662,BIJNOR(DISTRICT MAGISTRATE BIJNOR_IDA),CHANDRA SHEKHAR,NAGINA(SC),24-Mar-26,Gul Ahmad Contractor,Payment In-Progress,26819
476,Uttar Pradesh,Lighting of public spaces,WS/MP18404/2025-2026/251663,BIJNOR(DISTRICT MAGISTRATE BIJNOR_IDA),CHANDRA SHEKHAR,NAGINA(SC),24-Mar-26,Gul Ahmad Contractor,Payment In-Progress,26819
477,Uttar Pradesh,Lighting of public spaces,WS/MP18404/2025-2026/251680,BIJNOR(DISTRICT MAGISTRATE BIJNOR_IDA),CHANDRA SHEKHAR,NAGINA(SC),24-Mar-26,Gul Ahmad Contractor,Payment In-Progress,26819
478,Jharkhand,Construction of platforms and passenger sheds at railway stations,WS/MP433/2026-2027/269512,HAZARIBAGH(DEPUTY COMMISSIONER HAZARIBAGH_IDA),Annpurna Devi,KODARMA,22-Jun-26,RAJ KUMAR SAGAR,Payment In-Progress,199862
479,Chhattisgarh,Construction of common work sheds/ common covered sitting area,WS/MP429/2025-2026/246855,Gaurela-Pendra-Marwahi(Collector GPM_IDA),Jyotsna Charandas Mahant,KORBA,11-Aug-26,GRAM PANCHAYAT BARIUMRAON,Payment In-Progress,180000
480,Uttar Pradesh,Lighting of public spaces,WS/MP18404/2025-2026/251664,BIJNOR(DISTRICT MAGISTRATE BIJNOR_IDA),CHANDRA SHEKHAR,NAGINA(SC),24-Mar-26,Gul Ahmad Contractor,Payment In-Progress,26819
481,Uttar Pradesh,Lighting of public spaces,WS/MP18404/2025-2026/251665,BIJNOR(DISTRICT MAGISTRATE BIJNOR_IDA),CHANDRA SHEKHAR,NAGINA(SC),24-Mar-26,Gul Ahmad Contractor,Payment In-Progress,26819
482,Uttar Pradesh,Lighting of public spaces,WS/MP18404/2025-2026/251666,BIJNOR(DISTRICT MAGISTRATE BIJNOR_IDA),CHANDRA SHEKHAR,NAGINA(SC),24-Mar-26,Gul Ahmad Contractor,Payment In-Progress,26819
483,Uttar Pradesh,Lighting of public spaces,WS/MP18404/2025-2026/251667,BIJNOR(DISTRICT MAGISTRATE BIJNOR_IDA),CHANDRA SHEKHAR,NAGINA(SC),24-Mar-26,Gul Ahmad Contractor,Payment In-Progress,26819
484,Uttar Pradesh,Lighting of public spaces,WS/MP18404/2025-2026/251668,BIJNOR(DISTRICT MAGISTRATE BIJNOR_IDA),CHANDRA SHEKHAR,NAGINA(SC),24-Mar-26,Gul Ahmad Contractor,Payment In-Progress,26819
485,Uttar Pradesh,Lighting of public spaces,WS/MP18404/2025-2026/251669,BIJNOR(DISTRICT MAGISTRATE BIJNOR_IDA),CHANDRA SHEKHAR,NAGINA(SC),24-Mar-26,Gul Ahmad Contractor,Payment In-Progress,26819
486,Uttar Pradesh,Lighting of public spaces,WS/MP18404/2025-2026/251670,BIJNOR(DISTRICT MAGISTRATE BIJNOR_IDA),CHANDRA SHEKHAR,NAGINA(SC),24-Mar-26,Gul Ahmad Contractor,Payment In-Progress,26819
487,Uttar Pradesh,Lighting of public spaces,WS/MP18404/2025-2026/251672,BIJNOR(DISTRICT MAGISTRATE BIJNOR_IDA),CHANDRA SHEKHAR,NAGINA(SC),24-Mar-26,Gul Ahmad Contractor,Payment In-Progress,26819
488,Uttar Pradesh,Lighting of public spaces,WS/MP18404/2025-2026/251673,BIJNOR(DISTRICT MAGISTRATE BIJNOR_IDA),CHANDRA SHEKHAR,NAGINA(SC),24-Mar-26,Gul Ahmad Contractor,Payment In-Progress,26819
489,Uttar Pradesh,Lighting of public spaces,WS/MP18404/2025-2026/251677,BIJNOR(DISTRICT MAGISTRATE BIJNOR_IDA),CHANDRA SHEKHAR,NAGINA(SC),24-Mar-26,Gul Ahmad Contractor,Payment In-Progress,26819
490,Uttar Pradesh,Lighting of public spaces,WS/MP18404/2025-2026/251678,BIJNOR(DISTRICT MAGISTRATE BIJNOR_IDA),CHANDRA SHEKHAR,NAGINA(SC),24-Mar-26,Gul Ahmad Contractor,Payment In-Progress,26819
491,Uttar Pradesh,Lighting of public spaces,WS/MP18404/2025-2026/251679,BIJNOR(DISTRICT MAGISTRATE BIJNOR_IDA),CHANDRA SHEKHAR,NAGINA(SC),24-Mar-26,Gul Ahmad Contractor,Payment In-Progress,26819
492,Uttar Pradesh,"Construction of roads, link roads, pathways or any other road with or without drainage system",WS/MP794/2025-2026/228251,GONDA(DISTRICT MAGISTRATE GONDA_IDA),Kirti Vardhan Singh,GONDA,25-Aug-26,AMARNATH PANDEY AMARNATH PANDEY CONTRACTOR,Payment In-Progress,432983
493,Uttar Pradesh,"Construction of roads, link roads, pathways or any other road with or without drainage system",WS/MP794/2025-2026/228252,GONDA(DISTRICT MAGISTRATE GONDA_IDA),Kirti Vardhan Singh,GONDA,25-Aug-26,AMARNATH PANDEY AMARNATH PANDEY CONTRACTOR,Payment In-Progress,132534
494,Uttar Pradesh,"Construction of roads, link roads, pathways or any other road with or without drainage system",WS/MP794/2025-2026/228257,GONDA(DISTRICT MAGISTRATE GONDA_IDA),Kirti Vardhan Singh,GONDA,25-Aug-26,AMARNATH PANDEY AMARNATH PANDEY CONTRACTOR,Payment In-Progress,266550
495,Uttar Pradesh,"Construction of roads, link roads, pathways or any other road with or without drainage system",WS/MP794/2025-2026/228261,GONDA(DISTRICT MAGISTRATE GONDA_IDA),Kirti Vardhan Singh,GONDA,25-Aug-26,AMARNATH PANDEY AMARNATH PANDEY CONTRACTOR,Payment In-Progress,82414
496,Jharkhand,Construction of public staircase/ stair ghat for public convenience,WS/MP334/2025-2026/211278,GIRIDIH(Deputy Commissioner Giridh_IDA),Shri Chandra Prakash Choudhary,GIRIDIH,20-Jun-26,EXECUTIVE ENGINER NREP GIRIDIH,Payment In-Progress,349924
497,Jharkhand,"Construction of roads, link roads, pathways or any other road with or without drainage system",WS/MP334/2025-2026/211275,GIRIDIH(Deputy Commissioner Giridh_IDA),Shri Chandra Prakash Choudhary,GIRIDIH,27-Jun-26,EXECUTIVE ENGINER NREP GIRIDIH,Payment In-Progress,399490
498,Jharkhand,Lighting of public spaces,WS/MP334/2024-2025/136625,GIRIDIH(Deputy Commissioner Giridh_IDA),Shri Chandra Prakash Choudhary,GIRIDIH,29-Jun-26,EXECUTIVE ENGINER NREP GIRIDIH,Payment In-Progress,149710
499,Uttar Pradesh,"Construction of roads, link roads, pathways or any other road with or without drainage system",WS/MP18352/2025-2026/186281,MAU(DISTRICT MAGISTRATE MAU_IDA),RAJEEV RAI,GHOSI,20-Aug-26,MS Suresh Chauhan,Payment In-Progress,390238
500,Jharkhand,Lighting of public spaces,WS/MP334/2024-2025/136642,GIRIDIH(Deputy Commissioner Giridh_IDA),Shri Chandra Prakash Choudhary,GIRIDIH,19-Mar-26,EXECUTIVE ENGINER NREP GIRIDIH,Payment In-Progress,149710
501,Jharkhand,Lighting of public spaces,WS/MP334/2024-2025/136582,GIRIDIH(Deputy Commissioner Giridh_IDA),Shri Chandra Prakash Choudhary,GIRIDIH,29-Jun-26,EXECUTIVE ENGINER NREP GIRIDIH,Payment In-Progress,149711
502,Jharkhand,Lighting of public spaces,WS/MP334/2024-2025/136583,GIRIDIH(Deputy Commissioner Giridh_IDA),Shri Chandra Prakash Choudhary,GIRIDIH,02-Jul-26,EXECUTIVE ENGINER NREP GIRIDIH,Payment In-Progress,149709
503,Jharkhand,Lighting of public spaces,WS/MP334/2024-2025/136584,GIRIDIH(Deputy Commissioner Giridh_IDA),Shri Chandra Prakash Choudhary,GIRIDIH,29-Jun-26,EXECUTIVE ENGINER NREP GIRIDIH,Payment In-Progress,149709
504,Jharkhand,Lighting of public spaces,WS/MP334/2024-2025/136587,GIRIDIH(Deputy Commissioner Giridh_IDA),Shri Chandra Prakash Choudhary,GIRIDIH,29-Jun-26,EXECUTIVE ENGINER NREP GIRIDIH,Payment In-Progress,149709
505,Jharkhand,Lighting of public spaces,WS/MP334/2024-2025/136588,GIRIDIH(Deputy Commissioner Giridh_IDA),Shri Chandra Prakash Choudhary,GIRIDIH,29-Jun-26,EXECUTIVE ENGINER NREP GIRIDIH,Payment In-Progress,149709
506,Jharkhand,Lighting of public spaces,WS/MP334/2024-2025/136589,GIRIDIH(Deputy Commissioner Giridh_IDA),Shri Chandra Prakash Choudhary,GIRIDIH,29-Jun-26,EXECUTIVE ENGINER NREP GIRIDIH,Payment In-Progress,149752
507,Jharkhand,Lighting of public spaces,WS/MP334/2024-2025/136591,GIRIDIH(Deputy Commissioner Giridh_IDA),Shri Chandra Prakash Choudhary,GIRIDIH,29-Jun-26,EXECUTIVE ENGINER NREP GIRIDIH,Payment In-Progress,149710
508,Jharkhand,Lighting of public spaces,WS/MP334/2024-2025/136598,GIRIDIH(Deputy Commissioner Giridh_IDA),Shri Chandra Prakash Choudhary,GIRIDIH,29-Jun-26,EXECUTIVE ENGINER NREP GIRIDIH,Payment In-Progress,149711
509,Jharkhand,Lighting of public spaces,WS/MP334/2024-2025/136599,GIRIDIH(Deputy Commissioner Giridh_IDA),Shri Chandra Prakash Choudhary,GIRIDIH,29-Jun-26,EXECUTIVE ENGINER NREP GIRIDIH,Payment In-Progress,149711
510,Jharkhand,Lighting of public spaces,WS/MP334/2024-2025/136600,GIRIDIH(Deputy Commissioner Giridh_IDA),Shri Chandra Prakash Choudhary,GIRIDIH,29-Jun-26,EXECUTIVE ENGINER NREP GIRIDIH,Payment In-Progress,149711
511,Jharkhand,Lighting of public spaces,WS/MP334/2024-2025/136611,GIRIDIH(Deputy Commissioner Giridh_IDA),Shri Chandra Prakash Choudhary,GIRIDIH,29-Jun-26,EXECUTIVE ENGINER NREP GIRIDIH,Payment In-Progress,149710
512,Jharkhand,Lighting of public spaces,WS/MP334/2024-2025/136612,GIRIDIH(Deputy Commissioner Giridh_IDA),Shri Chandra Prakash Choudhary,GIRIDIH,02-Jul-26,EXECUTIVE ENGINER NREP GIRIDIH,Payment In-Progress,149711
513,Jharkhand,Lighting of public spaces,WS/MP334/2024-2025/136613,GIRIDIH(Deputy Commissioner Giridh_IDA),Shri Chandra Prakash Choudhary,GIRIDIH,29-Jun-26,EXECUTIVE ENGINER NREP GIRIDIH,Payment In-Progress,149711
514,Jharkhand,Lighting of public spaces,WS/MP334/2024-2025/136572,GIRIDIH(Deputy Commissioner Giridh_IDA),Shri Chandra Prakash Choudhary,GIRIDIH,29-Jun-26,EXECUTIVE ENGINER NREP GIRIDIH,Payment In-Progress,149709
515,Jharkhand,Lighting of public spaces,WS/MP334/2024-2025/136616,GIRIDIH(Deputy Commissioner Giridh_IDA),Shri Chandra Prakash Choudhary,GIRIDIH,29-Jun-26,EXECUTIVE ENGINER NREP GIRIDIH,Payment In-Progress,149710
516,Jharkhand,Lighting of public spaces,WS/MP334/2024-2025/144876,GIRIDIH(Deputy Commissioner Giridh_IDA),Shri Chandra Prakash Choudhary,GIRIDIH,29-Jun-26,EXECUTIVE ENGINER NREP GIRIDIH,Payment In-Progress,149709
517,Jharkhand,Lighting of public spaces,WS/MP334/2024-2025/144877,GIRIDIH(Deputy Commissioner Giridh_IDA),Shri Chandra Prakash Choudhary,GIRIDIH,29-Jun-26,EXECUTIVE ENGINER NREP GIRIDIH,Payment In-Progress,149709
518,Jharkhand,Lighting of public spaces,WS/MP334/2024-2025/144879,GIRIDIH(Deputy Commissioner Giridh_IDA),Shri Chandra Prakash Choudhary,GIRIDIH,29-Jun-26,EXECUTIVE ENGINER NREP GIRIDIH,Payment In-Progress,299420
519,Jharkhand,Lighting of public spaces,WS/MP334/2024-2025/144880,GIRIDIH(Deputy Commissioner Giridh_IDA),Shri Chandra Prakash Choudhary,GIRIDIH,17-Mar-26,EXECUTIVE ENGINER NREP GIRIDIH,Payment In-Progress,149710
520,Jharkhand,Lighting of public spaces,WS/MP334/2024-2025/136620,GIRIDIH(Deputy Commissioner Giridh_IDA),Shri Chandra Prakash Choudhary,GIRIDIH,02-Jul-26,EXECUTIVE ENGINER NREP GIRIDIH,Payment In-Progress,149710
521,Jharkhand,Lighting of public spaces,WS/MP334/2024-2025/136622,GIRIDIH(Deputy Commissioner Giridh_IDA),Shri Chandra Prakash Choudhary,GIRIDIH,29-Jun-26,EXECUTIVE ENGINER NREP GIRIDIH,Payment In-Progress,149710
522,Jharkhand,Lighting of public spaces,WS/MP334/2024-2025/144871,GIRIDIH(Deputy Commissioner Giridh_IDA),Shri Chandra Prakash Choudhary,GIRIDIH,29-Jun-26,EXECUTIVE ENGINER NREP GIRIDIH,Payment In-Progress,149711
523,Jharkhand,Lighting of public spaces,WS/MP334/2024-2025/144872,GIRIDIH(Deputy Commissioner Giridh_IDA),Shri Chandra Prakash Choudhary,GIRIDIH,29-Jun-26,EXECUTIVE ENGINER NREP GIRIDIH,Payment In-Progress,149710
524,Jharkhand,Lighting of public spaces,WS/MP334/2024-2025/144873,GIRIDIH(Deputy Commissioner Giridh_IDA),Shri Chandra Prakash Choudhary,GIRIDIH,29-Jun-26,EXECUTIVE ENGINER NREP GIRIDIH,Payment In-Progress,149711
525,Jharkhand,Lighting of public spaces,WS/MP334/2024-2025/144888,GIRIDIH(Deputy Commissioner Giridh_IDA),Shri Chandra Prakash Choudhary,GIRIDIH,19-Mar-26,EXECUTIVE ENGINER NREP GIRIDIH,Payment In-Progress,149710
526,Jharkhand,Lighting of public spaces,WS/MP334/2024-2025/144894,GIRIDIH(Deputy Commissioner Giridh_IDA),Shri Chandra Prakash Choudhary,GIRIDIH,29-Jun-26,EXECUTIVE ENGINER NREP GIRIDIH,Payment In-Progress,299420
527,Jharkhand,Lighting of public spaces,WS/MP334/2024-2025/144899,GIRIDIH(Deputy Commissioner Giridh_IDA),Shri Chandra Prakash Choudhary,GIRIDIH,29-Jun-26,EXECUTIVE ENGINER NREP GIRIDIH,Payment In-Progress,299420
528,Bihar,Construction of community centers and community halls,WS/MP550/2025-2026/188216,BEGUSARAI(DISTRICT PLANNING OFFICER BEGUSARAI_IDA),Giriraj Singh,BEGUSARAI,22-Aug-26,ASST ENGINEER LAEO WD I BEGUSARAI VSK MATHIHANI,Payment In-Progress,610488
529,Punjab,Purchase of mobile water tankers,WS/MP18311/2026-2027/278248,RUPNAGAR(DEPUTY COMMISSIONER ROOPNAGAR_IDA),MALVINDER SINGH KANG,ANANDPUR SAHIB,26-Aug-26,SINGLA INDUSTRIES,Payment In-Progress,350000
530,Gujarat,"Construction of roads, link roads, pathways or any other road with or without drainage system",WS/MP579/2026-2027/269572,ANAND(District Collector ANAND_IDA),Mitesh Rameshbhai Bakabhai Patel,ANAND,25-Aug-26,MSS MEDITECHNO,Payment In-Progress,1099108
531,Punjab,Construction of additional rooms and halls in the existing public and community building,WS/MP380/2025-2026/192934,LUDHIANA(DEPUTY COMMISSIONER LUDHIANA_IDA),Shri Amar Singh,FATEHGARH SAHIB(SC),26-Aug-26,SIDHU TRADERS,Payment In-Progress,4200
532,Kerala,"Purchase of prosthetics, wheel chairs, tricycles (manual or motorized), elect scooties, hearing aids",WS/MP350/2025-2026/261011,KANNUR(DISTRICT COLLECTOR KANNUR_IDA),Shri Rajmohan Unnithan,KASARAGOD,19-Aug-26,Keltron Component complex Ltd Kannur,Payment In-Progress,220000
533,Kerala,"Purchase of prosthetics, wheel chairs, tricycles (manual or motorized), elect scooties, hearing aids",WS/MP350/2025-2026/261012,KANNUR(DISTRICT COLLECTOR KANNUR_IDA),Shri Rajmohan Unnithan,KASARAGOD,19-Aug-26,Keltron Component complex Ltd Kannur,Payment In-Progress,110000
534,Kerala,"Purchase of prosthetics, wheel chairs, tricycles (manual or motorized), elect scooties, hearing aids",WS/MP350/2025-2026/261013,KANNUR(DISTRICT COLLECTOR KANNUR_IDA),Shri Rajmohan Unnithan,KASARAGOD,19-Aug-26,Keltron Component complex Ltd Kannur,Payment In-Progress,110000
535,Kerala,"Purchase of prosthetics, wheel chairs, tricycles (manual or motorized), elect scooties, hearing aids",WS/MP350/2025-2026/261014,KANNUR(DISTRICT COLLECTOR KANNUR_IDA),Shri Rajmohan Unnithan,KASARAGOD,19-Aug-26,Keltron Component complex Ltd Kannur,Payment In-Progress,110000
536,Kerala,"Purchase of prosthetics, wheel chairs, tricycles (manual or motorized), elect scooties, hearing aids",WS/MP351/2026-2027/243016,KANNUR(DISTRICT COLLECTOR KANNUR_IDA),Shri Kumbakudi Sudhakaran,KANNUR,19-Aug-26,Keltron Component complex Ltd Kannur,Payment In-Progress,110000
537,Kerala,"Purchase of prosthetics, wheel chairs, tricycles (manual or motorized), elect scooties, hearing aids",WS/MP351/2026-2027/243017,KANNUR(DISTRICT COLLECTOR KANNUR_IDA),Shri Kumbakudi Sudhakaran,KANNUR,19-Aug-26,Keltron Component complex Ltd Kannur,Payment In-Progress,110000
538,Kerala,"Purchase of prosthetics, wheel chairs, tricycles (manual or motorized), elect scooties, hearing aids",WS/MP351/2025-2026/243018,KANNUR(DISTRICT COLLECTOR KANNUR_IDA),Shri Kumbakudi Sudhakaran,KANNUR,19-Aug-26,Keltron Component complex Ltd Kannur,Payment In-Progress,110000
539,Kerala,"Purchase of prosthetics, wheel chairs, tricycles (manual or motorized), elect scooties, hearing aids",WS/MP351/2026-2027/243021,KANNUR(DISTRICT COLLECTOR KANNUR_IDA),Shri Kumbakudi Sudhakaran,KANNUR,19-Aug-26,Keltron Component complex Ltd Kannur,Payment In-Progress,110000
540,Kerala,"Purchase of prosthetics, wheel chairs, tricycles (manual or motorized), elect scooties, hearing aids",WS/MP351/2025-2026/243022,KANNUR(DISTRICT COLLECTOR KANNUR_IDA),Shri Kumbakudi Sudhakaran,KANNUR,19-Aug-26,Keltron Component complex Ltd Kannur,Payment In-Progress,110000
541,Kerala,"Purchase of prosthetics, wheel chairs, tricycles (manual or motorized), elect scooties, hearing aids",WS/MP351/2025-2026/243023,KANNUR(DISTRICT COLLECTOR KANNUR_IDA),Shri Kumbakudi Sudhakaran,KANNUR,19-Aug-26,Keltron Component complex Ltd Kannur,Payment In-Progress,110000
542,Kerala,"Purchase of prosthetics, wheel chairs, tricycles (manual or motorized), elect scooties, hearing aids",WS/MP351/2025-2026/243024,KANNUR(DISTRICT COLLECTOR KANNUR_IDA),Shri Kumbakudi Sudhakaran,KANNUR,19-Aug-26,Keltron Component complex Ltd Kannur,Payment In-Progress,110000
543,Kerala,"Purchase of prosthetics, wheel chairs, tricycles (manual or motorized), elect scooties, hearing aids",WS/MP351/2025-2026/243025,KANNUR(DISTRICT COLLECTOR KANNUR_IDA),Shri Kumbakudi Sudhakaran,KANNUR,19-Aug-26,Keltron Component complex Ltd Kannur,Payment In-Progress,110000
544,Kerala,"Purchase of prosthetics, wheel chairs, tricycles (manual or motorized), elect scooties, hearing aids",WS/MP351/2025-2026/243026,KANNUR(DISTRICT COLLECTOR KANNUR_IDA),Shri Kumbakudi Sudhakaran,KANNUR,19-Aug-26,Keltron Component complex Ltd Kannur,Payment In-Progress,110000
545,Kerala,"Purchase of prosthetics, wheel chairs, tricycles (manual or motorized), elect scooties, hearing aids",WS/MP351/2025-2026/243027,KANNUR(DISTRICT COLLECTOR KANNUR_IDA),Shri Kumbakudi Sudhakaran,KANNUR,19-Aug-26,Keltron Component complex Ltd Kannur,Payment In-Progress,110000
546,Kerala,"Purchase of prosthetics, wheel chairs, tricycles (manual or motorized), elect scooties, hearing aids",WS/MP351/2026-2027/243028,KANNUR(DISTRICT COLLECTOR KANNUR_IDA),Shri Kumbakudi Sudhakaran,KANNUR,19-Aug-26,Keltron Component complex Ltd Kannur,Payment In-Progress,110000
547,Kerala,"Purchase of prosthetics, wheel chairs, tricycles (manual or motorized), elect scooties, hearing aids",WS/MP351/2025-2026/243029,KANNUR(DISTRICT COLLECTOR KANNUR_IDA),Shri Kumbakudi Sudhakaran,KANNUR,19-Aug-26,Keltron Component complex Ltd Kannur,Payment In-Progress,110000
548,Kerala,"Purchase of prosthetics, wheel chairs, tricycles (manual or motorized), elect scooties, hearing aids",WS/MP351/2025-2026/243032,KANNUR(DISTRICT COLLECTOR KANNUR_IDA),Shri Kumbakudi Sudhakaran,KANNUR,19-Aug-26,Keltron Component complex Ltd Kannur,Payment In-Progress,110000
549,Kerala,"Purchase of prosthetics, wheel chairs, tricycles (manual or motorized), elect scooties, hearing aids",WS/MP351/2025-2026/243033,KANNUR(DISTRICT COLLECTOR KANNUR_IDA),Shri Kumbakudi Sudhakaran,KANNUR,19-Aug-26,Keltron Component complex Ltd Kannur,Payment In-Progress,110000
550,Kerala,"Purchase of prosthetics, wheel chairs, tricycles (manual or motorized), elect scooties, hearing aids",WS/MP351/2025-2026/243034,KANNUR(DISTRICT COLLECTOR KANNUR_IDA),Shri Kumbakudi Sudhakaran,KANNUR,19-Aug-26,Keltron Component complex Ltd Kannur,Payment In-Progress,110000
551,Kerala,"Purchase of prosthetics, wheel chairs, tricycles (manual or motorized), elect scooties, hearing aids",WS/MP351/2025-2026/243037,KANNUR(DISTRICT COLLECTOR KANNUR_IDA),Shri Kumbakudi Sudhakaran,KANNUR,19-Aug-26,Keltron Component complex Ltd Kannur,Payment In-Progress,110000
552,Andhra Pradesh,Construction of rooms and halls in school and colleges,WS/MP18002/2025-2026/220737,Anakapalli(DISTRICT COLLECTOR ANAKAPALLI_IDA),C.M.RAMESH,ANAKAPALLE,19-Aug-26,CHADARAM VENKATA RAMANA,Payment In-Progress,1526370
553,Kerala,"Purchase of prosthetics, wheel chairs, tricycles (manual or motorized), elect scooties, hearing aids",WS/MP350/2025-2026/245039,KANNUR(DISTRICT COLLECTOR KANNUR_IDA),Shri Rajmohan Unnithan,KASARAGOD,19-Aug-26,Keltron Component complex Ltd Kannur,Payment In-Progress,110000
554,Kerala,"Purchase of prosthetics, wheel chairs, tricycles (manual or motorized), elect scooties, hearing aids",WS/MP350/2025-2026/245040,KANNUR(DISTRICT COLLECTOR KANNUR_IDA),Shri Rajmohan Unnithan,KASARAGOD,19-Aug-26,Keltron Component complex Ltd Kannur,Payment In-Progress,110000
555,Kerala,"Purchase of prosthetics, wheel chairs, tricycles (manual or motorized), elect scooties, hearing aids",WS/MP350/2025-2026/245041,KANNUR(DISTRICT COLLECTOR KANNUR_IDA),Shri Rajmohan Unnithan,KASARAGOD,19-Aug-26,Keltron Component complex Ltd Kannur,Payment In-Progress,110000
556,Kerala,"Purchase of prosthetics, wheel chairs, tricycles (manual or motorized), elect scooties, hearing aids",WS/MP350/2025-2026/245042,KANNUR(DISTRICT COLLECTOR KANNUR_IDA),Shri Rajmohan Unnithan,KASARAGOD,19-Aug-26,Keltron Component complex Ltd Kannur,Payment In-Progress,110000
557,Kerala,"Purchase of prosthetics, wheel chairs, tricycles (manual or motorized), elect scooties, hearing aids",WS/MP350/2026-2027/245044,KANNUR(DISTRICT COLLECTOR KANNUR_IDA),Shri Rajmohan Unnithan,KASARAGOD,19-Aug-26,Keltron Component complex Ltd Kannur,Payment In-Progress,110000
558,Tamil Nadu,Construction of bus-sheds or bus-stops,WS/MP751/2025-2026/235293,MADURAI(DISTRICT COLLECTOR MADURAI_IDA),S Venkatesan,MADURAI,25-Aug-26,A N KANNAN,Payment In-Progress,698676
559,Bihar,Installing hand pumps,WS/MP18035/2025-2026/224988,ARWAL(District Planning Officer Arwal_IDA),SURENDRA PRASAD YADAV,JAHANABAD,20-Aug-26,AE  ARWAL,Payment In-Progress,69739
560,Uttar Pradesh,"Construction of roads, link roads, pathways or any other road with or without drainage system",WS/MP490/2025-2026/241158,VARANASI(DISTRICT MAGISTRAE VARANASI_IDA),Shri Narendra Modi,VARANASI,07-Aug-26,RAJ INFRASTRUCTURE,Payment In-Progress,620444
561,Gujarat,Installing tube-wells and borewells,WS/MP18055/2025-2026/184281,Mahisagar(COLLECTOR MAHISAGAR_IDA),RAJPALSINH MAHENDRASINH JADAV,PANCHMAHAL,19-Aug-26,NAVGAMA GRAM PANCHYAT GRAM PANCHYAT,Payment In-Progress,100000
562,Kerala,"Purchase of vehicle for mobile dispensaries (Four, three and two wheelers)",WS/MP18306/2025-2026/187718,MALAPPURAM(DISTRICT COLLECTOR MALAPPURAM_IDA),DR. M.P ABDUSSAMAD SAMADANI,PONNANI,24-Aug-26,Mahindra and Mahindra Ltd,Payment In-Progress,798631
563,Odisha,Construction of community centers and community halls,WS/MP18142/2025-2026/185341,PURI(DISTRICT COLLECTOR PURI_IDA),BIBHU PRASAD TARAI,JAGATSINGHPUR(SC),28-Aug-26,SUBHASHREE BISWAL,Payment In-Progress,189946
564,Uttar Pradesh,Providing drains and gutters for public drainage,WS/MP490/2025-2026/240972,VARANASI(DISTRICT MAGISTRAE VARANASI_IDA),Shri Narendra Modi,VARANASI,27-Jul-26,ANSH ENTERPRISES,Payment In-Progress,510350
565,Andhra Pradesh,Construction of rooms and halls in school and colleges,WS/MP18002/2025-2026/220734,Anakapalli(DISTRICT COLLECTOR ANAKAPALLI_IDA),C.M.RAMESH,ANAKAPALLE,19-Aug-26,CHADARAM VENKATA RAMANA,Payment In-Progress,1595622
566,Punjab,Purchase of mobile water tankers,WS/MP18311/2026-2027/278244,RUPNAGAR(DEPUTY COMMISSIONER ROOPNAGAR_IDA),MALVINDER SINGH KANG,ANANDPUR SAHIB,26-Aug-26,SINGLA INDUSTRIES,Payment In-Progress,350000
567,Gujarat,Construction of footpaths and pedestrian ways,WS/MP18055/2025-2026/184298,Mahisagar(COLLECTOR MAHISAGAR_IDA),RAJPALSINH MAHENDRASINH JADAV,PANCHMAHAL,19-Aug-26,FELSANI GRAM PANCHYAT GRAM PANCHYAT,Payment In-Progress,100000
568,Odisha,Lighting of public spaces,WS/MP372/2025-2026/231740,Kataka(DISTRICT COLLECTOR CUTTACK_IDA),Shri Bhartruhari Mahtab,CUTTACK,28-Aug-26,BDO BARANGA MP LAD AC,Payment In-Progress,100000
569,Punjab,Construction of footpaths and pedestrian ways,WS/MP18156/2025-2026/184805,JALANDHAR(DEPUTY COMMISSIONER JALANDHAR_IDA),CHARANJIT SINGH CHANNI,JALANDHAR(SC),28-Aug-26,Shri Guru Nanak Interlocking Cement Tile,Payment In-Progress,114700
570,Uttar Pradesh,"Construction of roads, link roads, pathways or any other road with or without drainage system",WS/MP490/2025-2026/241237,VARANASI(DISTRICT MAGISTRAE VARANASI_IDA),Shri Narendra Modi,VARANASI,22-Aug-26,DINESH SINGH,Payment In-Progress,231634
571,Bihar,Installing hand pumps,WS/MP18033/2025-2026/238198,GAYA(DISTRICT PLANNING OFFICER GAYA_IDA),JITAN RAM MANJHI,GAYA (SC),27-Aug-26,ASSISTANT ENGINEER LAEO BARACHATTI VIDHAN SABHA,Payment In-Progress,74899
572,Rajasthan,Construction of boundary walls of existing public and community buildings,WS/MP18164/2026-2027/259483,GANGANAGAR(Zilla GANGANAGAR),KULDEEP INDORA,GANGANAGAR(SC),25-May-26,S M ENTERPRISES,Payment In-Progress,39550
573,Bihar,Construction of community centers and community halls,WS/MP18036/2026-2027/240230,JAMUI(DISTRICT PLANNING OFFICER JAMUI_IDA),ARUN BHARTI,JAMUI(SC),27-Aug-26,ASSISTANT ENGINEER AC JAMUI LAEO WD 01 JAMUI,Payment In-Progress,764387
574,Bihar,Installing hand pumps,WS/MP18033/2025-2026/168863,GAYA(DISTRICT PLANNING OFFICER GAYA_IDA),JITAN RAM MANJHI,GAYA (SC),27-Aug-26,ASSISTANT ENGINEER LAEO BODHGAYA VIDHAN SABHA,Payment In-Progress,74976
575,Bihar,"Construction of roads, link roads, pathways or any other road with or without drainage system",WS/MP18031/2026-2027/281951,GAYA(DISTRICT PLANNING OFFICER GAYA_IDA),ABHAY KUMAR SINHA,AURANGABAD_BR,27-Aug-26,ASSISTANT ENGINEER LAEO IMAMGANJ VIDHAN SABHA,Payment In-Progress,593215
576,Uttar Pradesh,"Construction of roads, link roads, pathways or any other road with or without drainage system",WS/MP818/2025-2026/219649,MAINPURI(DISTRICT MAGISTRATE MAINPURI_IDA),Smt Dimple Yadav,MAINPURI,29-Aug-26,SGR CONSTRUCTION,Payment In-Progress,195258
577,Gujarat,"Construction of roads, link roads, pathways or any other road with or without drainage system","WS/	 MP578/2024-2025/156658",BHARUCH(DISTRICT COLLECTOR BROACH_IDA),Mansukhbhai Dhanjibhai Vasava,BHARUCH,19-Aug-26,JAMANIA GRAM PANCHAYAT,Payment In-Progress,200000
578,Gujarat,"Construction of roads, link roads, pathways or any other road with or without drainage system",WS/MP575/2025-2026/162943,NAVSARI(DISTRICT COLLECTOR NAVSARI_IDA),C R Patil,NAVSARI,09-Jul-26,GRAM PANCHAYAT BIGRI,Payment In-Progress,500000
579,Gujarat,Construction of footpaths and pedestrian ways,WS/MP18055/2026-2027/275225,KHEDA(DISTRICT COLLECTOR KHEDA_IDA),RAJPALSINH MAHENDRASINH JADAV,PANCHMAHAL,21-Aug-26,gumadiya gram panchayat,Payment In-Progress,150000
580,Gujarat,Construction of footpaths and pedestrian ways,WS/MP18055/2026-2027/275226,KHEDA(DISTRICT COLLECTOR KHEDA_IDA),RAJPALSINH MAHENDRASINH JADAV,PANCHMAHAL,21-Aug-26,gumadiya gram panchayat,Payment In-Progress,194075
581,Puducherry,Development of public parks,WS/MP710/2026-2027/210791,Puducherry(PROJECT DIRECTOR RDA PUDUCHERRY_IDA),Vaithilingam Ve,Puducherry,04-Aug-26,M SENTHILKUMAR,Payment In-Progress,1519842
582,Tamil Nadu,Construction of bus-sheds or bus-stops,WS/MP18176/2025-2026/239373,DINDIGUL(DISTRICT COLLECTOR DINDIGUL_IDA),SACHITHANANTHAM R,DINDIGUL,27-Aug-26,RAM CONSTRUCTION,Payment In-Progress,699124
583,Tamil Nadu,Construction of community centers and community halls,WS/MP18186/2026-2027/299515,THIRUVALLUR(DISTRICT COLLECTOR TIRUVALLUR_IDA),Sasikanth Senthil,TIRUVALLUR(SC),25-Aug-26,L G Arasu,Payment In-Progress,291500
584,Bihar,Installing hand pumps,WS/MP18037/2025-2026/209518,AURANGABAD(DISTRICT PLANNING OFFICER AURANGABAD_IDA),RAJA RAM SINGH,KARAKAT,20-Aug-26,BIDHANSABHA KSHETRA OBRA SAHAYAK ABHIYANTA,Payment In-Progress,74509
585,Gujarat,"Construction of roads, link roads, pathways or any other road with or without drainage system",WS/MP579/2025-2026/256320,ANAND(District Collector ANAND_IDA),Mitesh Rameshbhai Bakabhai Patel,ANAND,27-Aug-26,Gram Panchayat Sarol,Payment In-Progress,149829
586,Gujarat,"Construction of roads, link roads, pathways or any other road with or without drainage system",WS/MP579/2025-2026/192948,ANAND(District Collector ANAND_IDA),Mitesh Rameshbhai Bakabhai Patel,ANAND,27-Aug-26,Gram Panchayat Dahevan,Payment In-Progress,50000
587,Gujarat,Construction of common work sheds/ common covered sitting area,WS/MP579/2026-2027/256318,ANAND(District Collector ANAND_IDA),Mitesh Rameshbhai Bakabhai Patel,ANAND,27-Aug-26,Gram Panchayat Umlav,Payment In-Progress,50000
588,Gujarat,"Construction of roads, link roads, pathways or any other road with or without drainage system",WS/MP579/2026-2027/271420,ANAND(District Collector ANAND_IDA),Mitesh Rameshbhai Bakabhai Patel,ANAND,27-Aug-26,Gram Panchayat Kalu,Payment In-Progress,200000
589,Gujarat,"Construction of roads, link roads, pathways or any other road with or without drainage system",WS/MP579/2026-2027/272860,ANAND(District Collector ANAND_IDA),Mitesh Rameshbhai Bakabhai Patel,ANAND,27-Aug-26,Gram Panchayat Napa Talpad,Payment In-Progress,99462
590,Gujarat,"Construction of roads, link roads, pathways or any other road with or without drainage system",WS/MP579/2025-2026/201407,ANAND(District Collector ANAND_IDA),Mitesh Rameshbhai Bakabhai Patel,ANAND,27-Aug-26,Gram Panchayat Kavitha,Payment In-Progress,499787
591,Uttar Pradesh,"Construction of roads, link roads, pathways or any other road with or without drainage system",WS/MP490/2025-2026/241224,VARANASI(DISTRICT MAGISTRAE VARANASI_IDA),Shri Narendra Modi,VARANASI,12-Aug-26,SAGAR CONSTRUCTION COMPANY,Payment In-Progress,880398
592,Tamil Nadu,Construction of water tanks,WS/MP458/2026-2027/150074,Thoothukkudi(DISTRICT COLLECTOR THOOTHUKUDI_IDA),Kanimozhi Karunanidhi,THOOTHUKKUDI,29-May-26,Sree and Co,Payment In-Progress,3000000
593,Odisha,Construction of community centers and community halls,WS/MP300/2026-2027/226384,KHORDHA(DISTRICT COLLECTOR KHORDHA_IDA),Smt Aparajita Sarangi,BHUBANESWAR,29-Aug-26,CDO Zilla Parishad DMF,Payment In-Progress,33
594,Odisha,Construction of community centers and community halls,WS/MP300/2025-2026/226393,KHORDHA(DISTRICT COLLECTOR KHORDHA_IDA),Smt Aparajita Sarangi,BHUBANESWAR,25-Aug-26,CDO Zilla Parishad DMF,Payment In-Progress,463
595,Bihar,Installing hand pumps,WS/MP18037/2025-2026/227217,AURANGABAD(DISTRICT PLANNING OFFICER AURANGABAD_IDA),RAJA RAM SINGH,KARAKAT,20-Aug-26,BIDHANSABHA KSHETRA OBRA SAHAYAK ABHIYANTA,Payment In-Progress,74509
596,Kerala,"Construction of roads, link roads, pathways or any other road with or without drainage system",WS/MP344/2025-2026/186413,KOZHIKODE(DISTRICT COLLECTOR KOZHIKODE_IDA),Shri M K Raghavan,KOZHIKODE,24-Aug-26,OMASSERY LABOUR CONTRACT CO OPARATIVE SOCIETY,Payment In-Progress,327850
597,Gujarat,Construction of common work sheds/ common covered sitting area,WS/MP579/2025-2026/205322,ANAND(District Collector ANAND_IDA),Mitesh Rameshbhai Bakabhai Patel,ANAND,21-Aug-26,Gram Panchayat Kankapura,Payment In-Progress,430237
598,Karnataka,Construction of bus-sheds or bus-stops,WS/MP18084/2026-2027/273306,Davanagere(DEPUTY COMMISSIONER DAUANAGERE_IDA),DR. PRABHA MALLIKARJUN,DAVANAGERE,18-Aug-26,NIRMITHI KENDRA DAVANGERE,Payment In-Progress,375000
599,Maharashtra,"Purchase of IT systems, including hardware and software for educational purposes",WS/MP672/2025-2026/252718,NAGPUR(DISTRICT COLLECTOR NAGPUR_IDA),Nitin Jairam Gadkari,NAGPUR,31-Jul-26,Spectrum Services,Payment In-Progress,150000
600,Uttar Pradesh,"Construction of roads, link roads, pathways or any other road with or without drainage system",WS/MP18210/2026-2027/277917,VARANASI(DISTRICT MAGISTRAE VARANASI_IDA),VIRENDRA SINGH,CHANDAULI,22-Aug-26,SAMRIDHA CONSTRUCTION,Payment In-Progress,906543
601,Himachal Pradesh,Construction of footpaths and pedestrian ways,WS/MP18328/2025-2026/242453,MANDI(DEPUTY COMMISSIONER MANDI_IDA),Kangana Ranaut,MANDI,27-Aug-26,GRAM PANCHAYAT HARI BEHNA,Payment In-Progress,150000
602,Gujarat,Installing tube-wells and borewells,WS/MP18055/2025-2026/184344,Mahisagar(COLLECTOR MAHISAGAR_IDA),RAJPALSINH MAHENDRASINH JADAV,PANCHMAHAL,19-Aug-26,JETHOLI GRAM PANCHYAT GRAM PANCHYAT,Payment In-Progress,100000
603,Odisha,Lighting of public spaces,WS/MP372/2025-2026/233678,Kataka(DISTRICT COLLECTOR CUTTACK_IDA),Shri Bhartruhari Mahtab,CUTTACK,29-Aug-26,BDO BARANGA MP LAD AC,Payment In-Progress,199000
604,Odisha,Lighting of public spaces,WS/MP372/2025-2026/231724,Kataka(DISTRICT COLLECTOR CUTTACK_IDA),Shri Bhartruhari Mahtab,CUTTACK,28-Aug-26,BDO BARANGA MP LAD AC,Payment In-Progress,199000
605,Kerala,"Purchase of prosthetics, wheel chairs, tricycles (manual or motorized), elect scooties, hearing aids",WS/MP351/2025-2026/246661,KANNUR(DISTRICT COLLECTOR KANNUR_IDA),Shri Kumbakudi Sudhakaran,KANNUR,19-Aug-26,Keltron Component complex Ltd Kannur,Payment In-Progress,110000
606,Bihar,"Construction of roads, link roads, pathways or any other road with or without drainage system",WS/MP18033/2026-2027/238605,GAYA(DISTRICT PLANNING OFFICER GAYA_IDA),JITAN RAM MANJHI,GAYA (SC),27-Aug-26,ASSISTANT ENGINEER LAEO BARACHATTI VIDHAN SABHA,Payment In-Progress,1489595
607,Karnataka,Construction of community centers and community halls,WS/MP18084/2026-2027/280137,Davanagere(DEPUTY COMMISSIONER DAUANAGERE_IDA),DR. PRABHA MALLIKARJUN,DAVANAGERE,18-Aug-26,NIRMITHI KENDRA DAVANGERE,Payment In-Progress,1125000
608,Uttar Pradesh,Lighting of public spaces,WS/MP818/2025-2026/176717,MAINPURI(DISTRICT MAGISTRATE MAINPURI_IDA),Smt Dimple Yadav,MAINPURI,21-Feb-26,KLK Ventures Private Limited,Payment In-Progress,15364
609,Uttar Pradesh,Lighting of public spaces,WS/MP818/2025-2026/176719,MAINPURI(DISTRICT MAGISTRATE MAINPURI_IDA),Smt Dimple Yadav,MAINPURI,21-Feb-26,KLK Ventures Private Limited,Payment In-Progress,15364
610,Uttar Pradesh,Lighting of public spaces,WS/MP818/2025-2026/176739,MAINPURI(DISTRICT MAGISTRATE MAINPURI_IDA),Smt Dimple Yadav,MAINPURI,21-Feb-26,KLK Ventures Private Limited,Payment In-Progress,15364
611,Uttar Pradesh,Lighting of public spaces,WS/MP818/2025-2026/176740,MAINPURI(DISTRICT MAGISTRATE MAINPURI_IDA),Smt Dimple Yadav,MAINPURI,21-Feb-26,KLK Ventures Private Limited,Payment In-Progress,15364
612,Uttar Pradesh,Lighting of public spaces,WS/MP818/2025-2026/176741,MAINPURI(DISTRICT MAGISTRATE MAINPURI_IDA),Smt Dimple Yadav,MAINPURI,21-Feb-26,KLK Ventures Private Limited,Payment In-Progress,15364
613,Uttar Pradesh,Lighting of public spaces,WS/MP818/2025-2026/176742,MAINPURI(DISTRICT MAGISTRATE MAINPURI_IDA),Smt Dimple Yadav,MAINPURI,21-Feb-26,KLK Ventures Private Limited,Payment In-Progress,15364
614,Uttar Pradesh,Lighting of public spaces,WS/MP818/2025-2026/176743,MAINPURI(DISTRICT MAGISTRATE MAINPURI_IDA),Smt Dimple Yadav,MAINPURI,21-Feb-26,KLK Ventures Private Limited,Payment In-Progress,15364
615,Uttar Pradesh,Lighting of public spaces,WS/MP818/2025-2026/176744,MAINPURI(DISTRICT MAGISTRATE MAINPURI_IDA),Smt Dimple Yadav,MAINPURI,21-Feb-26,KLK Ventures Private Limited,Payment In-Progress,15364
616,Uttar Pradesh,Lighting of public spaces,WS/MP818/2025-2026/175842,MAINPURI(DISTRICT MAGISTRATE MAINPURI_IDA),Smt Dimple Yadav,MAINPURI,21-Feb-26,KLK Ventures Private Limited,Payment In-Progress,15364
617,Uttar Pradesh,Lighting of public spaces,WS/MP818/2025-2026/175843,MAINPURI(DISTRICT MAGISTRATE MAINPURI_IDA),Smt Dimple Yadav,MAINPURI,21-Feb-26,KLK Ventures Private Limited,Payment In-Progress,15364
618,Uttar Pradesh,Lighting of public spaces,WS/MP818/2025-2026/175844,MAINPURI(DISTRICT MAGISTRATE MAINPURI_IDA),Smt Dimple Yadav,MAINPURI,21-Feb-26,KLK Ventures Private Limited,Payment In-Progress,15364
619,Uttar Pradesh,Lighting of public spaces,WS/MP818/2025-2026/176730,MAINPURI(DISTRICT MAGISTRATE MAINPURI_IDA),Smt Dimple Yadav,MAINPURI,21-Feb-26,KLK Ventures Private Limited,Payment In-Progress,15364
620,Uttar Pradesh,Lighting of public spaces,WS/MP818/2025-2026/176731,MAINPURI(DISTRICT MAGISTRATE MAINPURI_IDA),Smt Dimple Yadav,MAINPURI,21-Feb-26,KLK Ventures Private Limited,Payment In-Progress,15364
621,Uttar Pradesh,Lighting of public spaces,WS/MP818/2025-2026/175846,MAINPURI(DISTRICT MAGISTRATE MAINPURI_IDA),Smt Dimple Yadav,MAINPURI,21-Feb-26,KLK Ventures Private Limited,Payment In-Progress,15364
622,Uttar Pradesh,Lighting of public spaces,WS/MP818/2025-2026/219751,MAINPURI(DISTRICT MAGISTRATE MAINPURI_IDA),Smt Dimple Yadav,MAINPURI,21-Feb-26,KLK Ventures Private Limited,Payment In-Progress,15364
623,Uttar Pradesh,Lighting of public spaces,WS/MP818/2025-2026/219752,MAINPURI(DISTRICT MAGISTRATE MAINPURI_IDA),Smt Dimple Yadav,MAINPURI,21-Feb-26,KLK Ventures Private Limited,Payment In-Progress,15364
624,Uttar Pradesh,Lighting of public spaces,WS/MP818/2025-2026/219753,MAINPURI(DISTRICT MAGISTRATE MAINPURI_IDA),Smt Dimple Yadav,MAINPURI,21-Feb-26,KLK Ventures Private Limited,Payment In-Progress,15364
625,Uttar Pradesh,Lighting of public spaces,WS/MP818/2025-2026/219754,MAINPURI(DISTRICT MAGISTRATE MAINPURI_IDA),Smt Dimple Yadav,MAINPURI,21-Feb-26,KLK Ventures Private Limited,Payment In-Progress,15364
626,Uttar Pradesh,Lighting of public spaces,WS/MP818/2025-2026/219755,MAINPURI(DISTRICT MAGISTRATE MAINPURI_IDA),Smt Dimple Yadav,MAINPURI,21-Feb-26,KLK Ventures Private Limited,Payment In-Progress,15364
627,Uttar Pradesh,Lighting of public spaces,WS/MP818/2025-2026/219756,MAINPURI(DISTRICT MAGISTRATE MAINPURI_IDA),Smt Dimple Yadav,MAINPURI,21-Feb-26,KLK Ventures Private Limited,Payment In-Progress,15364
628,Uttar Pradesh,Lighting of public spaces,WS/MP818/2025-2026/198960,ETAWAH(DISTRICT MAGISTRATE ETAWAH_IDA),Smt Dimple Yadav,MAINPURI,30-May-26,KLK Ventures Private Limited,Payment In-Progress,15364
629,Uttar Pradesh,Lighting of public spaces,WS/MP818/2025-2026/175847,ETAWAH(DISTRICT MAGISTRATE ETAWAH_IDA),Smt Dimple Yadav,MAINPURI,30-May-26,KLK Ventures Private Limited,Payment In-Progress,15364
630,Uttar Pradesh,Lighting of public spaces,WS/MP818/2025-2026/175845,ETAWAH(DISTRICT MAGISTRATE ETAWAH_IDA),Smt Dimple Yadav,MAINPURI,30-May-26,KLK Ventures Private Limited,Payment In-Progress,15364
631,West Bengal,"Construction of roads, link roads, pathways or any other road with or without drainage system",WS/MP18257/2025-2026/244002,Purba Medinipur(DISTRICT MAGISTRATE PURBA MEDINIPUR_IDA),ABHIJIT GANGOPADHYAY,TAMLUK,25-Aug-26,Giri Construction,Payment In-Progress,448508
632,Karnataka,Construction of community centers and community halls,WS/MP18084/2026-2027/270419,Davanagere(DEPUTY COMMISSIONER DAUANAGERE_IDA),DR. PRABHA MALLIKARJUN,DAVANAGERE,18-Aug-26,NIRMITHI KENDRA DAVANGERE,Payment In-Progress,375000
633,Karnataka,Construction of community centers and community halls,WS/MP18090/2025-2026/204742,MANDYA(DEPUTY COMMISSIONER MANDYA_IDA),H.D. KUMARASWAMY,MANDYA,22-May-26,PROJECT MANAGER NIRMITHI KENDRA MANDYA,Payment In-Progress,125000
634,Karnataka,Construction of community centers and community halls,WS/MP18090/2025-2026/201222,MANDYA(DEPUTY COMMISSIONER MANDYA_IDA),H.D. KUMARASWAMY,MANDYA,22-Jul-26,PROJECT MANAGER NIRMITHI KENDRA MANDYA,Payment In-Progress,125000
635,Karnataka,Construction of community centers and community halls,WS/MP18090/2025-2026/204463,MANDYA(DEPUTY COMMISSIONER MANDYA_IDA),H.D. KUMARASWAMY,MANDYA,06-Mar-26,PROJECT MANAGER NIRMITHI KENDRA MANDYA,Payment In-Progress,125000
636,Gujarat,Construction of buildings for community cultural activities,WS/MP584/2025-2026/235687,KACHCHH(DISTRICT COLLECTOR KUTCH_IDA),Vinod Chavda,KACHCHH(SC),17-Aug-26,SHREE GOREWALI JUTH GRAM PANCHAYAT,Payment In-Progress,400000
637,Assam,Construction of boundary walls of existing public and community buildings,WS/MP18025/2025-2026/231629,GOLAGHAT(Deputy Commissioner Golaghat_IDA),KAMAKHYA PRASAD TASA,Kaziranga,27-Aug-26,MONUJ KURMI,Payment In-Progress,200028
638,Karnataka,Construction of community centers and community halls,WS/MP18090/2025-2026/231400,MANDYA(DEPUTY COMMISSIONER MANDYA_IDA),H.D. KUMARASWAMY,MANDYA,14-Jul-26,PROJECT MANAGER NIRMITHI KENDRA MANDYA,Payment In-Progress,250000
639,Karnataka,Construction of rooms and halls in school and colleges,WS/MP18090/2026-2027/231403,MANDYA(DEPUTY COMMISSIONER MANDYA_IDA),H.D. KUMARASWAMY,MANDYA,04-Aug-26,PROJECT MANAGER NIRMITHI KENDRA MANDYA,Payment In-Progress,375000
640,Karnataka,Construction of rooms and halls in school and colleges,WS/MP18090/2026-2027/231403,MANDYA(DEPUTY COMMISSIONER MANDYA_IDA),H.D. KUMARASWAMY,MANDYA,19-Aug-26,PROJECT MANAGER NIRMITHI KENDRA MANDYA,Payment In-Progress,125000
641,Karnataka,Construction of buildings for community cultural activities,WS/MP18084/2026-2027/270415,Davanagere(DEPUTY COMMISSIONER DAUANAGERE_IDA),DR. PRABHA MALLIKARJUN,DAVANAGERE,18-Aug-26,NIRMITHI KENDRA DAVANGERE,Payment In-Progress,750000
642,Karnataka,"Construction of Government office buildings (Post office, Police station, Police chauki, etc.)",WS/MP18084/2026-2027/270416,Davanagere(DEPUTY COMMISSIONER DAUANAGERE_IDA),DR. PRABHA MALLIKARJUN,DAVANAGERE,18-Aug-26,NIRMITHI KENDRA DAVANGERE,Payment In-Progress,1500000
643,Gujarat,"Construction of roads, link roads, pathways or any other road with or without drainage system",WS/MP579/2025-2026/269578,ANAND(District Collector ANAND_IDA),Mitesh Rameshbhai Bakabhai Patel,ANAND,27-Aug-26,Gram Panchayat Ras,Payment In-Progress,490000
644,Karnataka,Construction of community centers and community halls,WS/MP18090/2025-2026/231341,MANDYA(DEPUTY COMMISSIONER MANDYA_IDA),H.D. KUMARASWAMY,MANDYA,22-Jun-26,PROJECT MANAGER NIRMITHI KENDRA MANDYA,Payment In-Progress,375000
645,Karnataka,Construction of community centers and community halls,WS/MP18090/2025-2026/231361,MANDYA(DEPUTY COMMISSIONER MANDYA_IDA),H.D. KUMARASWAMY,MANDYA,22-Jun-26,PROJECT MANAGER NIRMITHI KENDRA MANDYA,Payment In-Progress,750000
646,Karnataka,Construction of community centers and community halls,WS/MP18090/2025-2026/231361,MANDYA(DEPUTY COMMISSIONER MANDYA_IDA),H.D. KUMARASWAMY,MANDYA,20-Jul-26,PROJECT MANAGER NIRMITHI KENDRA MANDYA,Payment In-Progress,250000
647,Punjab,Construction of community centers and community halls,WS/MP18311/2025-2026/272271,RUPNAGAR(DEPUTY COMMISSIONER ROOPNAGAR_IDA),MALVINDER SINGH KANG,ANANDPUR SAHIB,28-Aug-26,Samar Building Point,Payment In-Progress,234500
648,Rajasthan,Installing hand pumps,WS/MP18172/2026-2027/212698,PRATAPGARH(DISTRICT COLLECTOR PRATAPGARH_IDA),MANNA LAL RAWAT,UDAIPUR(ST),24-Aug-26,SHARADA CONSTRUCTION AND SUPLIERS,Payment In-Progress,73331
649,Uttar Pradesh,Lighting of public spaces,WS/MP18239/2025-2026/228467,SAMBHAL(DISTRICT MAGISTRAE BHIMNAGAR SAMBHAL_IDA),ZIA UR REHMAN,SAMBHAL,14-Aug-26,R G SUPPLIERS,Payment In-Progress,105000
650,Uttar Pradesh,Lighting of public spaces,WS/MP18239/2025-2026/228526,SAMBHAL(DISTRICT MAGISTRAE BHIMNAGAR SAMBHAL_IDA),ZIA UR REHMAN,SAMBHAL,14-Aug-26,R G SUPPLIERS,Payment In-Progress,105000
651,Uttar Pradesh,Lighting of public spaces,WS/MP18239/2025-2026/228527,SAMBHAL(DISTRICT MAGISTRAE BHIMNAGAR SAMBHAL_IDA),ZIA UR REHMAN,SAMBHAL,17-Aug-26,R G SUPPLIERS,Payment In-Progress,105000
652,Uttar Pradesh,Lighting of public spaces,WS/MP18239/2025-2026/228528,SAMBHAL(DISTRICT MAGISTRAE BHIMNAGAR SAMBHAL_IDA),ZIA UR REHMAN,SAMBHAL,14-Aug-26,R G SUPPLIERS,Payment In-Progress,105000
653,Uttar Pradesh,Lighting of public spaces,WS/MP18239/2025-2026/228529,SAMBHAL(DISTRICT MAGISTRAE BHIMNAGAR SAMBHAL_IDA),ZIA UR REHMAN,SAMBHAL,14-Aug-26,R G SUPPLIERS,Payment In-Progress,105000
654,Uttar Pradesh,Lighting of public spaces,WS/MP18239/2025-2026/228469,SAMBHAL(DISTRICT MAGISTRAE BHIMNAGAR SAMBHAL_IDA),ZIA UR REHMAN,SAMBHAL,14-Aug-26,R G SUPPLIERS,Payment In-Progress,105000
655,Uttar Pradesh,Lighting of public spaces,WS/MP18239/2025-2026/228512,SAMBHAL(DISTRICT MAGISTRAE BHIMNAGAR SAMBHAL_IDA),ZIA UR REHMAN,SAMBHAL,14-Aug-26,R G SUPPLIERS,Payment In-Progress,105000
656,Uttar Pradesh,Lighting of public spaces,WS/MP18239/2025-2026/228513,SAMBHAL(DISTRICT MAGISTRAE BHIMNAGAR SAMBHAL_IDA),ZIA UR REHMAN,SAMBHAL,14-Aug-26,R G SUPPLIERS,Payment In-Progress,105000
657,Uttar Pradesh,Lighting of public spaces,WS/MP18239/2025-2026/228514,SAMBHAL(DISTRICT MAGISTRAE BHIMNAGAR SAMBHAL_IDA),ZIA UR REHMAN,SAMBHAL,14-Aug-26,R G SUPPLIERS,Payment In-Progress,105000
658,Uttar Pradesh,Lighting of public spaces,WS/MP18239/2025-2026/228517,SAMBHAL(DISTRICT MAGISTRAE BHIMNAGAR SAMBHAL_IDA),ZIA UR REHMAN,SAMBHAL,14-Aug-26,R G SUPPLIERS,Payment In-Progress,105000
659,Uttar Pradesh,Lighting of public spaces,WS/MP18239/2025-2026/228520,SAMBHAL(DISTRICT MAGISTRAE BHIMNAGAR SAMBHAL_IDA),ZIA UR REHMAN,SAMBHAL,14-Aug-26,R G SUPPLIERS,Payment In-Progress,105000
660,Uttar Pradesh,Lighting of public spaces,WS/MP18239/2025-2026/228523,SAMBHAL(DISTRICT MAGISTRAE BHIMNAGAR SAMBHAL_IDA),ZIA UR REHMAN,SAMBHAL,14-Aug-26,R G SUPPLIERS,Payment In-Progress,105000
661,Uttar Pradesh,Lighting of public spaces,WS/MP18239/2025-2026/230583,SAMBHAL(DISTRICT MAGISTRAE BHIMNAGAR SAMBHAL_IDA),ZIA UR REHMAN,SAMBHAL,14-Aug-26,R G SUPPLIERS,Payment In-Progress,105000
662,Uttar Pradesh,Lighting of public spaces,WS/MP18239/2025-2026/232747,SAMBHAL(DISTRICT MAGISTRAE BHIMNAGAR SAMBHAL_IDA),ZIA UR REHMAN,SAMBHAL,14-Aug-26,R G SUPPLIERS,Payment In-Progress,105000
663,Uttar Pradesh,Lighting of public spaces,WS/MP18239/2025-2026/232748,SAMBHAL(DISTRICT MAGISTRAE BHIMNAGAR SAMBHAL_IDA),ZIA UR REHMAN,SAMBHAL,14-Aug-26,R G SUPPLIERS,Payment In-Progress,105000
664,Uttar Pradesh,Lighting of public spaces,WS/MP18239/2025-2026/232749,SAMBHAL(DISTRICT MAGISTRAE BHIMNAGAR SAMBHAL_IDA),ZIA UR REHMAN,SAMBHAL,14-Aug-26,R G SUPPLIERS,Payment In-Progress,105000
665,Uttar Pradesh,Lighting of public spaces,WS/MP18239/2025-2026/232756,SAMBHAL(DISTRICT MAGISTRAE BHIMNAGAR SAMBHAL_IDA),ZIA UR REHMAN,SAMBHAL,14-Aug-26,R G SUPPLIERS,Payment In-Progress,105000
666,Uttar Pradesh,Lighting of public spaces,WS/MP18239/2025-2026/232757,SAMBHAL(DISTRICT MAGISTRAE BHIMNAGAR SAMBHAL_IDA),ZIA UR REHMAN,SAMBHAL,14-Aug-26,R G SUPPLIERS,Payment In-Progress,105000
667,Uttar Pradesh,Lighting of public spaces,WS/MP18239/2025-2026/233030,SAMBHAL(DISTRICT MAGISTRAE BHIMNAGAR SAMBHAL_IDA),ZIA UR REHMAN,SAMBHAL,17-Aug-26,R G SUPPLIERS,Payment In-Progress,105000
668,Uttar Pradesh,Lighting of public spaces,WS/MP18239/2025-2026/233031,SAMBHAL(DISTRICT MAGISTRAE BHIMNAGAR SAMBHAL_IDA),ZIA UR REHMAN,SAMBHAL,17-Aug-26,R G SUPPLIERS,Payment In-Progress,105000
669,Uttar Pradesh,Lighting of public spaces,WS/MP18239/2025-2026/233048,SAMBHAL(DISTRICT MAGISTRAE BHIMNAGAR SAMBHAL_IDA),ZIA UR REHMAN,SAMBHAL,17-Aug-26,R G SUPPLIERS,Payment In-Progress,105000
670,Uttar Pradesh,Lighting of public spaces,WS/MP18239/2025-2026/232744,SAMBHAL(DISTRICT MAGISTRAE BHIMNAGAR SAMBHAL_IDA),ZIA UR REHMAN,SAMBHAL,14-Aug-26,R G SUPPLIERS,Payment In-Progress,105000
671,Uttar Pradesh,Lighting of public spaces,WS/MP18239/2025-2026/232763,SAMBHAL(DISTRICT MAGISTRAE BHIMNAGAR SAMBHAL_IDA),ZIA UR REHMAN,SAMBHAL,14-Aug-26,R G SUPPLIERS,Payment In-Progress,105000
672,Uttar Pradesh,Lighting of public spaces,WS/MP18239/2025-2026/232764,SAMBHAL(DISTRICT MAGISTRAE BHIMNAGAR SAMBHAL_IDA),ZIA UR REHMAN,SAMBHAL,17-Aug-26,R G SUPPLIERS,Payment In-Progress,105000
673,Uttar Pradesh,Lighting of public spaces,WS/MP18239/2025-2026/233427,SAMBHAL(DISTRICT MAGISTRAE BHIMNAGAR SAMBHAL_IDA),ZIA UR REHMAN,SAMBHAL,14-Aug-26,R G SUPPLIERS,Payment In-Progress,105000
674,Uttar Pradesh,Lighting of public spaces,WS/MP18239/2025-2026/233428,SAMBHAL(DISTRICT MAGISTRAE BHIMNAGAR SAMBHAL_IDA),ZIA UR REHMAN,SAMBHAL,17-Aug-26,R G SUPPLIERS,Payment In-Progress,105000
675,Uttar Pradesh,Lighting of public spaces,WS/MP18239/2025-2026/233429,SAMBHAL(DISTRICT MAGISTRAE BHIMNAGAR SAMBHAL_IDA),ZIA UR REHMAN,SAMBHAL,18-Aug-26,R G SUPPLIERS,Payment In-Progress,105000
676,Uttar Pradesh,Lighting of public spaces,WS/MP18239/2025-2026/233430,SAMBHAL(DISTRICT MAGISTRAE BHIMNAGAR SAMBHAL_IDA),ZIA UR REHMAN,SAMBHAL,18-Aug-26,R G SUPPLIERS,Payment In-Progress,105000
677,Uttar Pradesh,Lighting of public spaces,WS/MP18239/2025-2026/233432,SAMBHAL(DISTRICT MAGISTRAE BHIMNAGAR SAMBHAL_IDA),ZIA UR REHMAN,SAMBHAL,18-Aug-26,R G SUPPLIERS,Payment In-Progress,105000
678,Uttar Pradesh,Lighting of public spaces,WS/MP18239/2025-2026/233433,SAMBHAL(DISTRICT MAGISTRAE BHIMNAGAR SAMBHAL_IDA),ZIA UR REHMAN,SAMBHAL,18-Aug-26,R G SUPPLIERS,Payment In-Progress,105000
679,Uttar Pradesh,Lighting of public spaces,WS/MP18239/2025-2026/233447,SAMBHAL(DISTRICT MAGISTRAE BHIMNAGAR SAMBHAL_IDA),ZIA UR REHMAN,SAMBHAL,18-Aug-26,R G SUPPLIERS,Payment In-Progress,105000
680,Uttar Pradesh,Lighting of public spaces,WS/MP18239/2025-2026/233448,SAMBHAL(DISTRICT MAGISTRAE BHIMNAGAR SAMBHAL_IDA),ZIA UR REHMAN,SAMBHAL,18-Aug-26,R G SUPPLIERS,Payment In-Progress,105000
681,Uttar Pradesh,Lighting of public spaces,WS/MP18239/2025-2026/233449,SAMBHAL(DISTRICT MAGISTRAE BHIMNAGAR SAMBHAL_IDA),ZIA UR REHMAN,SAMBHAL,18-Aug-26,R G SUPPLIERS,Payment In-Progress,105000
682,Uttar Pradesh,Lighting of public spaces,WS/MP18239/2025-2026/233450,SAMBHAL(DISTRICT MAGISTRAE BHIMNAGAR SAMBHAL_IDA),ZIA UR REHMAN,SAMBHAL,18-Aug-26,R G SUPPLIERS,Payment In-Progress,105000
683,Uttar Pradesh,Lighting of public spaces,WS/MP18239/2025-2026/233460,SAMBHAL(DISTRICT MAGISTRAE BHIMNAGAR SAMBHAL_IDA),ZIA UR REHMAN,SAMBHAL,18-Aug-26,R G SUPPLIERS,Payment In-Progress,105000
684,Uttar Pradesh,Lighting of public spaces,WS/MP18239/2025-2026/233461,SAMBHAL(DISTRICT MAGISTRAE BHIMNAGAR SAMBHAL_IDA),ZIA UR REHMAN,SAMBHAL,18-Aug-26,R G SUPPLIERS,Payment In-Progress,105000
685,Uttar Pradesh,Lighting of public spaces,WS/MP18239/2025-2026/233463,SAMBHAL(DISTRICT MAGISTRAE BHIMNAGAR SAMBHAL_IDA),ZIA UR REHMAN,SAMBHAL,18-Aug-26,R G SUPPLIERS,Payment In-Progress,105000
686,Uttar Pradesh,Lighting of public spaces,WS/MP18239/2025-2026/233464,SAMBHAL(DISTRICT MAGISTRAE BHIMNAGAR SAMBHAL_IDA),ZIA UR REHMAN,SAMBHAL,18-Aug-26,R G SUPPLIERS,Payment In-Progress,105000
687,Uttar Pradesh,Lighting of public spaces,WS/MP18239/2025-2026/233465,SAMBHAL(DISTRICT MAGISTRAE BHIMNAGAR SAMBHAL_IDA),ZIA UR REHMAN,SAMBHAL,22-Aug-26,R G SUPPLIERS,Payment In-Progress,105000
688,Uttar Pradesh,Lighting of public spaces,WS/MP18239/2025-2026/233466,SAMBHAL(DISTRICT MAGISTRAE BHIMNAGAR SAMBHAL_IDA),ZIA UR REHMAN,SAMBHAL,22-Aug-26,R G SUPPLIERS,Payment In-Progress,105000
689,Uttar Pradesh,Lighting of public spaces,WS/MP18239/2025-2026/233467,SAMBHAL(DISTRICT MAGISTRAE BHIMNAGAR SAMBHAL_IDA),ZIA UR REHMAN,SAMBHAL,22-Aug-26,R G SUPPLIERS,Payment In-Progress,105000
690,Uttar Pradesh,Lighting of public spaces,WS/MP18239/2025-2026/233468,SAMBHAL(DISTRICT MAGISTRAE BHIMNAGAR SAMBHAL_IDA),ZIA UR REHMAN,SAMBHAL,22-Aug-26,R G SUPPLIERS,Payment In-Progress,105000
691,Uttar Pradesh,Lighting of public spaces,WS/MP18239/2025-2026/233469,SAMBHAL(DISTRICT MAGISTRAE BHIMNAGAR SAMBHAL_IDA),ZIA UR REHMAN,SAMBHAL,22-Aug-26,R G SUPPLIERS,Payment In-Progress,105000
692,Uttar Pradesh,Lighting of public spaces,WS/MP18239/2025-2026/233471,SAMBHAL(DISTRICT MAGISTRAE BHIMNAGAR SAMBHAL_IDA),ZIA UR REHMAN,SAMBHAL,22-Aug-26,R G SUPPLIERS,Payment In-Progress,105000
693,Uttar Pradesh,Lighting of public spaces,WS/MP18239/2025-2026/233473,SAMBHAL(DISTRICT MAGISTRAE BHIMNAGAR SAMBHAL_IDA),ZIA UR REHMAN,SAMBHAL,22-Aug-26,R G SUPPLIERS,Payment In-Progress,105000
694,Uttar Pradesh,Lighting of public spaces,WS/MP18239/2025-2026/233474,SAMBHAL(DISTRICT MAGISTRAE BHIMNAGAR SAMBHAL_IDA),ZIA UR REHMAN,SAMBHAL,22-Aug-26,R G SUPPLIERS,Payment In-Progress,105000
695,Odisha,Construction of public irrigation facilities,WS/MP18150/2026-2027/272770,SAMBALPUR(DISTRICT COLLECTOR SAMBALPUR_IDA),DHARMENDRA PRADHAN,SAMBALPUR,25-Aug-26,DMF,Payment In-Progress,518
696,Odisha,Construction of community centers and community halls,WS/MP372/2025-2026/265269,Kataka(DISTRICT COLLECTOR CUTTACK_IDA),Shri Bhartruhari Mahtab,CUTTACK,29-Aug-26,BDO Nischintakoili MPLAD Holding,Payment In-Progress,29155
697,Gujarat,Construction of common work sheds/ common covered sitting area,WS/MP18321/2025-2026/228406,SABAR KANTHA(DISTRICT COLLECTOR SABARKANTHA_IDA),SHOBHANABEN MAHENDRASINH BARAIYA,SABARKANTHA,24-Aug-26,kamalpur gram panchayat,Payment In-Progress,500000
698,Karnataka,Construction of buildings for community cultural activities,"WS/	 MP620/2026-2027/270149",DHARWAD(DEPUTY COMMISSIONER DHARWAR_IDA),Pralhad Venkatesh Joshi,DHARWAD,28-Aug-26,Manjunath S Pawar,Payment In-Progress,495246
699,Maharashtra,"Construction of roads, link roads, pathways or any other road with or without drainage system",WS/MP673/2026-2027/225939,SOLAPUR(DISTRICT COLLECTOR SOLAPUR_IDA),Omprakash Bhupalsinh Alias Pawan Rajenimbalkar,OSMANABAD,14-Aug-26,CHAIRMAN MAHALAXMI MAJUR SAHKARI SANSTHA LTD WANEWADI TAL BARSHI,Payment In-Progress,993405
700,Andhra Pradesh,Providing supply pipelines for drinking water,WS/MP524/2025-2026/198367,CHITTOOR(DISTRICT COLLECTOR CHITTOOR_IDA),Midhun Reddy,RAJAMPET,06-Aug-26,V HARI BABU,Payment In-Progress,99980
701,Karnataka,"Construction of roads, link roads, pathways or any other road with or without drainage system",WS/MP18356/2026-2027/228796,BELAGAVI(DEPUTY COMMISSIONER BELGAUM_IDA),PRIYANKA SATISH JARKIHOLI,CHIKKODI,11-Aug-26,MAHESH KULAGUDE,Payment In-Progress,124731
702,West Bengal,Purchase of non-conventional energy system and devices for community use,WS/MP481/2026-2027/203981,MURSHIDABAD(DISTRICT MAGISTRATE MURSHIDABAD_IDA),Khalilur Rahaman,JANGIPUR,06-Aug-26,CHUMKI SAHA SARKAR,Payment In-Progress,887155
703,Karnataka,Construction of buildings for community cultural activities,WS/MP18087/2025-2026/179034,GADAG(Deputy Commsioner Gadag_ida),BASAVARAJ BOMMAI,HAVERI,21-Aug-26,Project Manager Nirmiti kendra gadag,Payment In-Progress,125000
704,Uttarakhand,"Construction of roads, link roads, pathways or any other road with or without drainage system",WS/MP021/2025-2026/254834,NAINITAL(DISTRICT MAGISTRATE NAINITAL_IDA),Ajay Bhatt,NAINITAL UDHAM SINGH NAG.,27-Aug-26,MAHESH CHANDRA,Payment In-Progress,99277
705,Karnataka,Construction of buildings for community cultural activities,WS/MP18077/2026-2027/192591,BELAGAVI(DEPUTY COMMISSIONER BELGAUM_IDA),JAGADISH SHETTAR,BELGAUM,12-Aug-26,SOMANATH MALLAPPA HUNDRE,Payment In-Progress,375000
706,Rajasthan,"Construction of roads, link roads, pathways or any other road with or without drainage system",WS/MP18161/2025-2026/258702,ALWAR(DISTRICT COLLECTOR ALWAR_IDA),SANJNA JATAV,BHARATPUR(SC),17-Aug-26,GANTHOLIYA ENTERPRISES,Payment In-Progress,999737
707,Andhra Pradesh,"Construction of Government office buildings (Post office, Police station, Police chauki, etc.)",WS/MP18005/2025-2026/232793,Bapatla(DISTRICT COLLECTOR BAPATLA_IDA),Krishna Prasad Tenneti,BAPATLA,28-Aug-26,KRISHAN KISHORE PARCHURU,Payment In-Progress,589011
708,Odisha,Construction of community centers and community halls,WS/MP372/2025-2026/257882,Kataka(DISTRICT COLLECTOR CUTTACK_IDA),Shri Bhartruhari Mahtab,CUTTACK,29-Aug-26,BDO Nischintakoili MPLAD Holding,Payment In-Progress,8527
709,Kerala,Purchase of hospital equipment,WS/MP18264/2025-2026/220210,KOTTAYAM(DISTRICT COLLECTOR KOTTAYAM_IDA),ADV K FRANCIS GEORGE,KOTTAYAM,24-Jul-26,SREE GOKULAM HEALTHCARE PVT LTD,Payment In-Progress,498750
710,Karnataka,Construction of common work sheds/ common covered sitting area,WS/MP18090/2025-2026/231345,MANDYA(DEPUTY COMMISSIONER MANDYA_IDA),H.D. KUMARASWAMY,MANDYA,29-Apr-26,PROJECT MANAGER NIRMITHI KENDRA MANDYA,Payment In-Progress,125000
711,Haryana,Construction of community centers and community halls,WS/MP18067/2025-2026/194316,SONIPAT(DEPUTY COMMISSIONER SONEPAT_IDA),SATPAL BRAHAMCHARI,SONEPAT,17-Aug-26,THE VK COOPERATIVE LABOUR AND CONSTRUCTION SOCIETY LIMITED,Payment In-Progress,163052
712,Gujarat,Construction of public toilets and bathrooms,WS/MP18059/2024-2025/168631,VALSAD(DISTRICT COLLECTOR VALSAD_IDA),DHAVAL LAXMANBHAI PATEL,VALSAD(ST),16-Jul-26,GRAM PANCHAYAT PNAGARBARI,Payment In-Progress,500000
713,Assam,Construction of community centers and community halls,WS/MP18024/2025-2026/172614,CHARAIDEO(Deputy Commissioner Charaideo_IDA),GAURAV GOGOI,JORHAT,28-Aug-26,Prabhat Changmai,Payment In-Progress,65005
714,Uttar Pradesh,"Construction of roads, link roads, pathways or any other road with or without drainage system",WS/MP490/2025-2026/241223,VARANASI(DISTRICT MAGISTRAE VARANASI_IDA),Shri Narendra Modi,VARANASI,12-Aug-26,TARUN CONCRETE UDYOG,Payment In-Progress,738562
715,Punjab,Construction of additional rooms and halls in the existing public and community building,WS/MP380/2025-2026/192934,LUDHIANA(DEPUTY COMMISSIONER LUDHIANA_IDA),Shri Amar Singh,FATEHGARH SAHIB(SC),26-Aug-26,BHAGWATI TILE STUDIO,Payment In-Progress,92225
716,Punjab,Installing community drinking water plants,WS/MP18153/2025-2026/212819,FAZILKA(DEPUTY COMMISSIONER FAZILKA_IDA),SHER SINGH GHUBAYA,FIROZPUR,26-Aug-26,The Gill Sehkari Kirat te Ussari Sabha Ltd,Payment In-Progress,232838
717,Karnataka,Construction of buildings for community cultural activities,"WS/	 MP620/2025-2026/254664",DHARWAD(DEPUTY COMMISSIONER DHARWAR_IDA),Pralhad Venkatesh Joshi,DHARWAD,05-Aug-26,MANJUNATH R KALAWAD,Payment In-Progress,498497
718,Himachal Pradesh,Construction of community centers and community halls,WS/MP18328/2026-2027/267696,MANDI(DEPUTY COMMISSIONER MANDI_IDA),Kangana Ranaut,MANDI,27-Aug-26,Gram Panchayat Navlaye,Payment In-Progress,100000
719,Uttar Pradesh,"Construction of roads, link roads, pathways or any other road with or without drainage system",WS/MP18209/2026-2027/191654,MUZAFFARNAGAR(DISTRICT MAGISTRATE MUZAFFARNAGAR_IDA),CHANDAN CHAUHAN,BIJNOR,20-Jul-26,RAMA SHAMYA CONT,Payment In-Progress,902266
720,Assam,"Construction of roads, link roads, pathways or any other road with or without drainage system",WS/MP18028/2025-2026/207913,CACHAR(DEPUTY COMMISSIONER CACHAR_IDA),PARIMAL SUKLABAIDYA,SILCHAR,27-Aug-26,DAS ENTERPRISE,Payment In-Progress,12680
721,Assam,Construction of boundary walls of existing public and community buildings,WS/MP538/2026-2027/223497,UDALGURI(DEPUTY COMMISSIONER Udalguri_IDA),Dilip Saikia,Darrang-Udalguri,27-Aug-26,MS A K ENTERPRISE,Payment In-Progress,184294
722,Chhattisgarh,Street lights,WS/MP18278/2025-2026/243961,SAKTI(COLLECTOR SAKTI_IDA),KAMLESH JANGDE,JANJGIR CHAMPA(SC),21-Jul-26,SARPANCH GRAM PANCHAYAT SENDURAS,Payment In-Progress,300000
723,Gujarat,Construction of boundary walls of existing public and community buildings,WS/MP588/2025-2026/202574,JAMNAGAR(DISTRICT COLLECTOR JAMNAGAR_IDA),Smt Poonamben Hematbhai Maadam,JAMNAGAR,11-Aug-26,BHIMANUGAM GRAM PANCHAYAT,Payment In-Progress,189460
724,Karnataka,Construction of buildings for community cultural activities,"WS/	 MP620/2026-2027/254679",DHARWAD(DEPUTY COMMISSIONER DHARWAR_IDA),Pralhad Venkatesh Joshi,DHARWAD,18-Aug-26,SHRINIVAS S MAVINAKAI CONTRACTOR,Payment In-Progress,398213
725,Karnataka,Construction of community centers and community halls,WS/MP623/2026-2027/208582,VIJAYAPURA(DEPUTY COMMISSIONER BIJAPUR_IDA),Ramesh Chandappa Jigajinagi,BIJAPUR(SC),07-Aug-26,SHRISHAIL BUDDAPPA HONNAKORE,Payment In-Progress,123588
726,Karnataka,Construction of community centers and community halls,WS/MP623/2025-2026/177681,VIJAYAPURA(DEPUTY COMMISSIONER BIJAPUR_IDA),Ramesh Chandappa Jigajinagi,BIJAPUR(SC),28-Jul-26,SANGANAGOUD BIRADAR,Payment In-Progress,72947
727,Gujarat,"Construction of roads, link roads, pathways or any other road with or without drainage system",WS/MP588/2026-2027/269974,JAMNAGAR(DISTRICT COLLECTOR JAMNAGAR_IDA),Smt Poonamben Hematbhai Maadam,JAMNAGAR,12-Aug-26,SHRI MOTABHADUKIYA GRAM PANCHAYAT,Payment In-Progress,398074
728,Maharashtra,"Construction of roads, link roads, pathways or any other road with or without drainage system",WS/MP18127/2025-2026/253707,NASHIK(DISTRICT COLLECTOR NASHIK_IDA),RAJABHAU,NASHIK,24-Aug-26,SAGAR BHASKAR KOLHE,Payment In-Progress,948000
729,Assam,Construction of community centers and community halls,WS/MP18024/2025-2026/206731,CHARAIDEO(Deputy Commissioner Charaideo_IDA),GAURAV GOGOI,JORHAT,28-Aug-26,Prabhat Changmai,Payment In-Progress,80190
730,Odisha,Construction of public irrigation facilities,WS/MP18150/2026-2027/272840,SAMBALPUR(DISTRICT COLLECTOR SAMBALPUR_IDA),DHARMENDRA PRADHAN,SAMBALPUR,21-Aug-26,DMF,Payment In-Progress,234
731,Chhattisgarh,Construction of water tanks,WS/MP18278/2025-2026/248124,SAKTI(COLLECTOR SAKTI_IDA),KAMLESH JANGDE,JANJGIR CHAMPA(SC),31-Jul-26,SARPANCH GRAM PANCHAYAT SENDURAS,Payment In-Progress,150000
732,Odisha,Street lights,WS/MP18310/2025-2026/240196,Baleshwar(DISTRICT COLLECTOR BALESHWAR_IDA),AVIMANYU SETHI,BHADRAK(SC),29-Aug-26,BAHANAGA BLOCK JUNIOR ENGINEER III,Payment In-Progress,33000
733,Himachal Pradesh,"Construction of roads, link roads, pathways or any other road with or without drainage system",WS/MP18069/2025-2026/212149,KANGRA(DEPUTY COMMISSIONER KANGRA_IDA),RAJEEV BHARDWAJ,KANGRA,14-Aug-26,EE HPPWD PALAMPUR,Payment In-Progress,199521
734,Himachal Pradesh,"Construction of roads, link roads, pathways or any other road with or without drainage system",WS/MP18328/2026-2027/267702,MANDI(DEPUTY COMMISSIONER MANDI_IDA),Kangana Ranaut,MANDI,27-Aug-26,GP Kutahar,Payment In-Progress,100000
735,Gujarat,"Construction of roads, link roads, pathways or any other road with or without drainage system",WS/MP578/2025-2026/242910,BHARUCH(DISTRICT COLLECTOR BROACH_IDA),Mansukhbhai Dhanjibhai Vasava,BHARUCH,19-Aug-26,KARSAD GRAM PANCHAYAT,Payment In-Progress,200000
736,West Bengal,Lighting of public spaces,WS/MP479/2025-2026/193012,BANKURA(DISTRICT MAGISTRATE BANKURA_IDA),Saumitra khan,BISHNUPUR(SC),25-Aug-26,SUSANTA KUMAR DAS,Payment In-Progress,579756
737,Chhattisgarh,Construction of community centers and community halls,WS/MP429/2025-2026/246854,Gaurela-Pendra-Marwahi(Collector GPM_IDA),Jyotsna Charandas Mahant,KORBA,11-Aug-26,SARPANCH GRAM PANCHAYAT NAWAGAON,Payment In-Progress,239960
738,Karnataka,Construction of public toilets and bathrooms,WS/MP18083/2025-2026/235290,DAKSHINA KANNADA(DEPUTY COMMISSIONER DAKSHIN KANNAD MANGALORE_IDA),CAPTAIN BRIJESH CHOWTA,DAKSHINA KANNADA,26-Aug-26,D K NIRMITHI KENDRA,Payment In-Progress,1800000
739,Karnataka,Construction of community centers and community halls,WS/MP623/2025-2026/171079,VIJAYAPURA(DEPUTY COMMISSIONER BIJAPUR_IDA),Ramesh Chandappa Jigajinagi,BIJAPUR(SC),28-Jul-26,SANGANAGOUD BIRADAR,Payment In-Progress,72769
740,Karnataka,Construction of community centers and community halls,WS/MP623/2025-2026/197027,VIJAYAPURA(DEPUTY COMMISSIONER BIJAPUR_IDA),Ramesh Chandappa Jigajinagi,BIJAPUR(SC),28-Jul-26,SANGANAGOUD BIRADAR,Payment In-Progress,72993
741,Karnataka,Construction of community centers and community halls,WS/MP623/2025-2026/169562,VIJAYAPURA(DEPUTY COMMISSIONER BIJAPUR_IDA),Ramesh Chandappa Jigajinagi,BIJAPUR(SC),28-Jul-26,SANGANAGOUD BIRADAR,Payment In-Progress,117849
742,Karnataka,Construction of community centers and community halls,WS/MP623/2025-2026/171085,VIJAYAPURA(DEPUTY COMMISSIONER BIJAPUR_IDA),Ramesh Chandappa Jigajinagi,BIJAPUR(SC),28-Jul-26,SANGANAGOUD BIRADAR,Payment In-Progress,73540
743,Rajasthan,Construction of community centers and community halls,WS/MP18162/2025-2026/178543,Shahpura(DISTRICT COLLECTOR Shahpura_IDA),DAMODAR AGARWAL,BHILWARA,24-Aug-26,DEU BALAI,Payment In-Progress,16000
744,Rajasthan,Construction of community centers and community halls,WS/MP18162/2025-2026/178543,Shahpura(DISTRICT COLLECTOR Shahpura_IDA),DAMODAR AGARWAL,BHILWARA,24-Aug-26,GOPAL BALAI,Payment In-Progress,9500
745,Rajasthan,Construction of community centers and community halls,WS/MP18162/2025-2026/178543,Shahpura(DISTRICT COLLECTOR Shahpura_IDA),DAMODAR AGARWAL,BHILWARA,24-Aug-26,GOPAL BALAI,Payment In-Progress,40750
746,Rajasthan,Construction of community centers and community halls,WS/MP18162/2025-2026/178543,Shahpura(DISTRICT COLLECTOR Shahpura_IDA),DAMODAR AGARWAL,BHILWARA,24-Aug-26,KISHAN LAL BALAI,Payment In-Progress,9500
747,Karnataka,Construction of boundary walls of existing public and community buildings,WS/MP18083/2025-2026/213262,DAKSHINA KANNADA(DEPUTY COMMISSIONER DAKSHIN KANNAD MANGALORE_IDA),CAPTAIN BRIJESH CHOWTA,DAKSHINA KANNADA,28-Aug-26,LEELADHAR,Payment In-Progress,499508
748,Andhra Pradesh,Providing supply pipelines for drinking water,WS/MP524/2025-2026/198366,CHITTOOR(DISTRICT COLLECTOR CHITTOOR_IDA),Midhun Reddy,RAJAMPET,06-Aug-26,Surya Teja Bore wells,Payment In-Progress,109110
749,Gujarat,Construction of community centers and community halls,WS/MP588/2025-2026/213411,DEVBHUMI DWARKA(DISTRICT COLLECTOR DEVBHUMI DWARKA_IDA),Smt Poonamben Hematbhai Maadam,JAMNAGAR,06-Aug-26,GRAM PANCHAYAT PACHHTAR,Payment In-Progress,498981
750,Uttar Pradesh,Setting up public non-conventional energy plants,WS/MP18346/2025-2026/219263,RAE BARELI(DISTRICT MAGISTRATE RAE BARELI_IDA),RAHUL GANDHI,RAE BARELI,11-Aug-26,Aditya Construction,Payment In-Progress,1252721
751,Odisha,"Purchase of IT systems, including hardware and software for educational purposes",WS/MP370/2025-2026/270545,Sundaragada(DISTRICT COLLECTOR SUNDARGARH_IDA),Shri Jual Oram,SUNDARGARH (ST),25-Aug-26,BDO SUBDEGA PS MISC,Payment In-Progress,14400
752,Odisha,"Purchase of IT systems, including hardware and software for educational purposes",WS/MP370/2025-2026/270546,Sundaragada(DISTRICT COLLECTOR SUNDARGARH_IDA),Shri Jual Oram,SUNDARGARH (ST),25-Aug-26,BDO SUBDEGA PS MISC,Payment In-Progress,14400
753,Odisha,"Purchase of IT systems, including hardware and software for educational purposes",WS/MP370/2025-2026/270547,Sundaragada(DISTRICT COLLECTOR SUNDARGARH_IDA),Shri Jual Oram,SUNDARGARH (ST),25-Aug-26,BDO SUBDEGA PS MISC,Payment In-Progress,14400
754,Odisha,"Purchase of IT systems, including hardware and software for educational purposes",WS/MP370/2025-2026/270548,Sundaragada(DISTRICT COLLECTOR SUNDARGARH_IDA),Shri Jual Oram,SUNDARGARH (ST),25-Aug-26,BDO SUBDEGA PS MISC,Payment In-Progress,14400
755,Odisha,"Purchase of IT systems, including hardware and software for educational purposes",WS/MP370/2025-2026/270549,Sundaragada(DISTRICT COLLECTOR SUNDARGARH_IDA),Shri Jual Oram,SUNDARGARH (ST),25-Aug-26,BDO SUBDEGA PS MISC,Payment In-Progress,14400
756,Rajasthan,Providing drains and gutters for public drainage,WS/MP18167/2025-2026/269303,JHUNJHUNU(DISTRICT COLLECTOR JHUNJHUNU_IDA),BRIJENDRA SINGH OLA,JHUNJHUNU,27-Aug-26,MS SURENDRA SINGH THEKEDAR,Payment In-Progress,1884581
757,Odisha,"Purchase of IT systems, including hardware and software for educational purposes",WS/MP370/2025-2026/270550,Sundaragada(DISTRICT COLLECTOR SUNDARGARH_IDA),Shri Jual Oram,SUNDARGARH (ST),25-Aug-26,BDO SUBDEGA PS MISC,Payment In-Progress,14400
758,Odisha,"Purchase of IT systems, including hardware and software for educational purposes",WS/MP370/2025-2026/270551,Sundaragada(DISTRICT COLLECTOR SUNDARGARH_IDA),Shri Jual Oram,SUNDARGARH (ST),25-Aug-26,BDO SUBDEGA PS MISC,Payment In-Progress,14400
759,Odisha,"Purchase of IT systems, including hardware and software for educational purposes",WS/MP370/2025-2026/270552,Sundaragada(DISTRICT COLLECTOR SUNDARGARH_IDA),Shri Jual Oram,SUNDARGARH (ST),25-Aug-26,BDO SUBDEGA PS MISC,Payment In-Progress,14400
760,Odisha,"Purchase of IT systems, including hardware and software for educational purposes",WS/MP370/2025-2026/270553,Sundaragada(DISTRICT COLLECTOR SUNDARGARH_IDA),Shri Jual Oram,SUNDARGARH (ST),25-Aug-26,BDO SUBDEGA PS MISC,Payment In-Progress,14400
761,Odisha,"Purchase of IT systems, including hardware and software for educational purposes",WS/MP370/2025-2026/270554,Sundaragada(DISTRICT COLLECTOR SUNDARGARH_IDA),Shri Jual Oram,SUNDARGARH (ST),25-Aug-26,BDO SUBDEGA PS MISC,Payment In-Progress,14400
762,Uttar Pradesh,Purchase of non-conventional energy system and devices for community use,WS/MP18346/2024-2025/162596,RAE BARELI(DISTRICT MAGISTRATE RAE BARELI_IDA),RAHUL GANDHI,RAE BARELI,28-Oct-25,Aditya Construction,Payment In-Progress,19199
763,Uttar Pradesh,Lighting of public spaces,WS/MP18230/2025-2026/161482,LUCKNOW(DISTRICT MAGISTRAE LUCKNOW_IDA),R.K. CHAUDHARY,MOHANLALGANJ(SC),18-Jun-26,SHREE HARIOM INFOTECH,Payment In-Progress,1575027
764,Karnataka,Construction of rooms and halls in school and colleges,WS/MP18086/2025-2026/211932,HASSAN(DEPUTY COMMISSIONER HASSAN_IDA),SHREYAS. M. PATEL,HASSAN,18-Aug-26,Suresh naika,Payment In-Progress,43886
765,Uttar Pradesh,Street lights,WS/MP18228/2025-2026/249977,JAUNPUR(DISTRICT MAGISTRATE JAUNPUR_IDA),PRIYA SAROJ,MACHHLISHAHR(SC),11-Aug-26,BHAGWATI CHAND,Payment In-Progress,2940447
766,Karnataka,Construction of community centers and community halls,WS/MP623/2026-2027/247175,VIJAYAPURA(DEPUTY COMMISSIONER BIJAPUR_IDA),Ramesh Chandappa Jigajinagi,BIJAPUR(SC),27-Aug-26,AMARESH JALAWADI,Payment In-Progress,187500
767,Karnataka,Construction of community centers and community halls,WS/MP623/2026-2027/247185,VIJAYAPURA(DEPUTY COMMISSIONER BIJAPUR_IDA),Ramesh Chandappa Jigajinagi,BIJAPUR(SC),27-Aug-26,AMARESH JALAWADI,Payment In-Progress,187500
768,Karnataka,Construction of rooms and halls in school and colleges,WS/MP623/2026-2027/247188,VIJAYAPURA(DEPUTY COMMISSIONER BIJAPUR_IDA),Ramesh Chandappa Jigajinagi,BIJAPUR(SC),27-Aug-26,AMARESH JALAWADI,Payment In-Progress,187500
769,Karnataka,Development of playground,WS/MP18082/2025-2026/213883,CHITRADURGA(DEPUTY COMMISSIONER CHITRADURGA_IDA),GOVIND MAKTHAPPA KARJOL,CHITRADURGA(SC),09-Jul-26,Project Director Nirmithi Kendra Chitradrga,Payment In-Progress,100000
770,Puducherry,Construction of rooms and halls in school and colleges,WS/MP710/2026-2027/300350,Puducherry(PROJECT DIRECTOR RDA PUDUCHERRY_IDA),Vaithilingam Ve,Puducherry,18-Aug-26,VENGADACHALAM,Payment In-Progress,102421
771,Uttar Pradesh,Purchase of non-conventional energy system and devices for community use,WS/MP18346/2024-2025/162612,RAE BARELI(DISTRICT MAGISTRATE RAE BARELI_IDA),RAHUL GANDHI,RAE BARELI,28-Oct-25,Aditya Construction,Payment In-Progress,19199
772,Uttar Pradesh,Purchase of non-conventional energy system and devices for community use,WS/MP18346/2024-2025/162613,RAE BARELI(DISTRICT MAGISTRATE RAE BARELI_IDA),RAHUL GANDHI,RAE BARELI,28-Oct-25,Aditya Construction,Payment In-Progress,19199
773,Uttar Pradesh,Purchase of non-conventional energy system and devices for community use,WS/MP18346/2024-2025/162616,RAE BARELI(DISTRICT MAGISTRATE RAE BARELI_IDA),RAHUL GANDHI,RAE BARELI,28-Oct-25,Aditya Construction,Payment In-Progress,19199
774,Uttar Pradesh,Purchase of non-conventional energy system and devices for community use,WS/MP18346/2024-2025/162617,RAE BARELI(DISTRICT MAGISTRATE RAE BARELI_IDA),RAHUL GANDHI,RAE BARELI,28-Oct-25,Aditya Construction,Payment In-Progress,19199
775,Uttar Pradesh,Purchase of non-conventional energy system and devices for community use,WS/MP18346/2024-2025/162437,RAE BARELI(DISTRICT MAGISTRATE RAE BARELI_IDA),RAHUL GANDHI,RAE BARELI,28-Oct-25,Aditya Construction,Payment In-Progress,19199
776,Karnataka,Construction of community centers and community halls,WS/MP623/2026-2027/247160,VIJAYAPURA(DEPUTY COMMISSIONER BIJAPUR_IDA),Ramesh Chandappa Jigajinagi,BIJAPUR(SC),30-Jul-26,NAGARAJ PRAKASH PATTAR,Payment In-Progress,187500
777,Karnataka,Construction of community centers and community halls,WS/MP623/2026-2027/247160,VIJAYAPURA(DEPUTY COMMISSIONER BIJAPUR_IDA),Ramesh Chandappa Jigajinagi,BIJAPUR(SC),27-Aug-26,NAGARAJ PRAKASH PATTAR,Payment In-Progress,61749
778,Chhattisgarh,Construction of common work sheds/ common covered sitting area,WS/MP18049/2026-2027/266760,MUNGELI(Collector Mungeli_IDA),TOKHAN SAHU,BILASPUR,19-Aug-26,GRAM PANCHAYAT KOYLARI,Payment In-Progress,200000
779,Uttar Pradesh,Purchase of non-conventional energy system and devices for community use,WS/MP18346/2024-2025/162483,RAE BARELI(DISTRICT MAGISTRATE RAE BARELI_IDA),RAHUL GANDHI,RAE BARELI,28-Oct-25,Aditya Construction,Payment In-Progress,19199
780,Uttar Pradesh,Purchase of non-conventional energy system and devices for community use,WS/MP18346/2024-2025/162456,RAE BARELI(DISTRICT MAGISTRATE RAE BARELI_IDA),RAHUL GANDHI,RAE BARELI,28-Oct-25,Aditya Construction,Payment In-Progress,19199
781,Uttar Pradesh,Purchase of non-conventional energy system and devices for community use,WS/MP18346/2024-2025/162463,RAE BARELI(DISTRICT MAGISTRATE RAE BARELI_IDA),RAHUL GANDHI,RAE BARELI,28-Oct-25,Aditya Construction,Payment In-Progress,19199
782,Uttar Pradesh,Lighting of public spaces,WS/MP18230/2025-2026/161485,LUCKNOW(DISTRICT MAGISTRAE LUCKNOW_IDA),R.K. CHAUDHARY,MOHANLALGANJ(SC),12-Apr-26,SHREE HARIOM INFOTECH,Payment In-Progress,917104
783,Madhya Pradesh,Improvement of electricity distribution infrastructure,WS/MP642/2025-2026/196579,SATNA(DISTRICT COLLECTOR SATNA_IDA),Ganesh Singh,SATNA,27-Aug-26,ARVIND SINGH SATNA,Payment In-Progress,186922
784,Madhya Pradesh,Improvement of electricity distribution infrastructure,WS/MP642/2025-2026/196588,SATNA(DISTRICT COLLECTOR SATNA_IDA),Ganesh Singh,SATNA,27-Aug-26,ARVIND SINGH SATNA,Payment In-Progress,285774
785,Madhya Pradesh,Improvement of electricity distribution infrastructure,WS/MP642/2025-2026/196589,SATNA(DISTRICT COLLECTOR SATNA_IDA),Ganesh Singh,SATNA,27-Aug-26,ARVIND SINGH SATNA,Payment In-Progress,252878
786,Madhya Pradesh,Improvement of electricity distribution infrastructure,WS/MP642/2025-2026/196590,SATNA(DISTRICT COLLECTOR SATNA_IDA),Ganesh Singh,SATNA,27-Aug-26,ARVIND SINGH SATNA,Payment In-Progress,267676
787,Madhya Pradesh,Improvement of electricity distribution infrastructure,WS/MP642/2025-2026/196593,SATNA(DISTRICT COLLECTOR SATNA_IDA),Ganesh Singh,SATNA,27-Aug-26,ARVIND SINGH SATNA,Payment In-Progress,260120
788,Madhya Pradesh,Improvement of electricity distribution infrastructure,WS/MP642/2025-2026/196594,SATNA(DISTRICT COLLECTOR SATNA_IDA),Ganesh Singh,SATNA,27-Aug-26,ARVIND SINGH SATNA,Payment In-Progress,227606
789,Madhya Pradesh,Improvement of electricity distribution infrastructure,WS/MP642/2025-2026/196597,SATNA(DISTRICT COLLECTOR SATNA_IDA),Ganesh Singh,SATNA,27-Aug-26,ARVIND SINGH SATNA,Payment In-Progress,265681
790,Madhya Pradesh,Improvement of electricity distribution infrastructure,WS/MP642/2025-2026/196598,SATNA(DISTRICT COLLECTOR SATNA_IDA),Ganesh Singh,SATNA,27-Aug-26,ARVIND SINGH SATNA,Payment In-Progress,55373
791,Punjab,Installing community drinking water plants,WS/MP18153/2025-2026/212808,FAZILKA(DEPUTY COMMISSIONER FAZILKA_IDA),SHER SINGH GHUBAYA,FIROZPUR,26-Aug-26,The Sidhu Kirat te Usari Sehkari Sabha ltd,Payment In-Progress,232626
792,Punjab,Installing community drinking water plants,WS/MP18153/2025-2026/205309,FAZILKA(DEPUTY COMMISSIONER FAZILKA_IDA),SHER SINGH GHUBAYA,FIROZPUR,26-Aug-26,The Sidhu Kirat te Usari Sehkari Sabha ltd,Payment In-Progress,232603
793,Karnataka,Construction of community centers and community halls,WS/MP623/2026-2027/168555,VIJAYAPURA(DEPUTY COMMISSIONER BIJAPUR_IDA),Ramesh Chandappa Jigajinagi,BIJAPUR(SC),07-Aug-26,PAMPAPATI H BELAGAL,Payment In-Progress,371250
794,Karnataka,Construction of community centers and community halls,WS/MP623/2026-2027/247039,VIJAYAPURA(DEPUTY COMMISSIONER BIJAPUR_IDA),Ramesh Chandappa Jigajinagi,BIJAPUR(SC),07-Aug-26,PAMPAPATI H BELAGAL,Payment In-Progress,187500
795,Karnataka,Construction of community centers and community halls,WS/MP623/2026-2027/247182,VIJAYAPURA(DEPUTY COMMISSIONER BIJAPUR_IDA),Ramesh Chandappa Jigajinagi,BIJAPUR(SC),30-Jul-26,PAMPAPATI H BELAGAL,Payment In-Progress,187500
796,Karnataka,Construction of community centers and community halls,WS/MP623/2026-2027/247182,VIJAYAPURA(DEPUTY COMMISSIONER BIJAPUR_IDA),Ramesh Chandappa Jigajinagi,BIJAPUR(SC),27-Aug-26,PAMPAPATI H BELAGAL,Payment In-Progress,61376
797,Karnataka,Construction of community centers and community halls,WS/MP623/2026-2027/206926,VIJAYAPURA(DEPUTY COMMISSIONER BIJAPUR_IDA),Ramesh Chandappa Jigajinagi,BIJAPUR(SC),07-Aug-26,PAMPAPATI H BELAGAL,Payment In-Progress,225000
798,Uttar Pradesh,"Construction of rooms and facilities for hospitals, FWC , PHC Centers and ANM centers",WS/MP465/2025-2026/189652,UNNAO(DISTRICT MAGIISTRATE UNNAO_IDA),Swami Sachchidanandhari Sakshi ji Maharaj,UNNAO,03-Jul-26,RAJESH KUMAR PAL,Payment In-Progress,22000
799,Uttar Pradesh,"Construction of rooms and facilities for hospitals, FWC , PHC Centers and ANM centers",WS/MP465/2025-2026/189652,UNNAO(DISTRICT MAGIISTRATE UNNAO_IDA),Swami Sachchidanandhari Sakshi ji Maharaj,UNNAO,03-Jul-26,RAJESH KUMAR PAL,Payment In-Progress,242000
800,Uttar Pradesh,"Construction of rooms and facilities for hospitals, FWC , PHC Centers and ANM centers",WS/MP465/2025-2026/189652,UNNAO(DISTRICT MAGIISTRATE UNNAO_IDA),Swami Sachchidanandhari Sakshi ji Maharaj,UNNAO,03-Jul-26,RAJESH KUMAR PAL,Payment In-Progress,33000
801,West Bengal,Installation of multi-gym equipment,WS/MP484/2025-2026/161569,KOLKATA(COMMISSIONER KOLKATA MUNICIPAL CORPORATION_IDA),Mala Roy,KOLKATA DAKSHIN,12-Mar-26,G K SPORTS,Payment In-Progress,1005903
802,Madhya Pradesh,Improvement of electricity distribution infrastructure,WS/MP642/2025-2026/196624,SATNA(DISTRICT COLLECTOR SATNA_IDA),Ganesh Singh,SATNA,27-Aug-26,ARVIND SINGH SATNA,Payment In-Progress,64940
803,Madhya Pradesh,Improvement of electricity distribution infrastructure,WS/MP642/2025-2026/196603,SATNA(DISTRICT COLLECTOR SATNA_IDA),Ganesh Singh,SATNA,27-Aug-26,ARVIND SINGH SATNA,Payment In-Progress,237046
804,Madhya Pradesh,Improvement of electricity distribution infrastructure,WS/MP642/2025-2026/196604,SATNA(DISTRICT COLLECTOR SATNA_IDA),Ganesh Singh,SATNA,27-Aug-26,ARVIND SINGH SATNA,Payment In-Progress,234493
805,Madhya Pradesh,Improvement of electricity distribution infrastructure,WS/MP642/2025-2026/196613,SATNA(DISTRICT COLLECTOR SATNA_IDA),Ganesh Singh,SATNA,27-Aug-26,ARVIND SINGH SATNA,Payment In-Progress,244262
806,Madhya Pradesh,Improvement of electricity distribution infrastructure,WS/MP642/2025-2026/196614,SATNA(DISTRICT COLLECTOR SATNA_IDA),Ganesh Singh,SATNA,27-Aug-26,ARVIND SINGH SATNA,Payment In-Progress,94797
807,Madhya Pradesh,Improvement of electricity distribution infrastructure,WS/MP642/2025-2026/196619,SATNA(DISTRICT COLLECTOR SATNA_IDA),Ganesh Singh,SATNA,27-Aug-26,ARVIND SINGH SATNA,Payment In-Progress,193957
808,Madhya Pradesh,Improvement of electricity distribution infrastructure,WS/MP642/2025-2026/196620,SATNA(DISTRICT COLLECTOR SATNA_IDA),Ganesh Singh,SATNA,27-Aug-26,ARVIND SINGH SATNA,Payment In-Progress,247324
809,Punjab,Purchase of mobile water tankers,WS/MP18153/2025-2026/229090,FAZILKA(DEPUTY COMMISSIONER FAZILKA_IDA),SHER SINGH GHUBAYA,FIROZPUR,26-Aug-26,The Sidhu Kirat te Usari Sehkari Sabha ltd,Payment In-Progress,240497
810,Karnataka,Construction of rooms and halls in school and colleges,WS/MP18093/2025-2026/180351,TUMAKURU(DEPUTY COMMISSIONER TUMKUR_IDA),V. SOMANNA,TUMKUR,27-May-26,TUMKUR NIRMITHI KENDRA,Payment In-Progress,500000
811,Karnataka,Construction of community centers and community halls,WS/MP18082/2026-2027/260436,CHITRADURGA(DEPUTY COMMISSIONER CHITRADURGA_IDA),GOVIND MAKTHAPPA KARJOL,CHITRADURGA(SC),09-Jul-26,Project Director Nirmithi Kendra Chitradrga,Payment In-Progress,375000
812,Madhya Pradesh,Improvement of electricity distribution infrastructure,WS/MP642/2025-2026/196576,SATNA(DISTRICT COLLECTOR SATNA_IDA),Ganesh Singh,SATNA,27-Aug-26,ARVIND SINGH SATNA,Payment In-Progress,251896
813,Karnataka,Construction of community centers and community halls,WS/MP18093/2026-2027/246220,TUMAKURU(DEPUTY COMMISSIONER TUMKUR_IDA),V. SOMANNA,TUMKUR,22-Jun-26,TUMKUR NIRMITHI KENDRA,Payment In-Progress,750000
814,Karnataka,Construction of rooms and halls in school and colleges,WS/MP18093/2025-2026/180263,TUMAKURU(DEPUTY COMMISSIONER TUMKUR_IDA),V. SOMANNA,TUMKUR,07-Aug-26,TUMKUR NIRMITHI KENDRA,Payment In-Progress,3375000
815,Karnataka,Construction of buildings for community cultural activities,WS/MP18076/2026-2027/206950,TUMAKURU(DEPUTY COMMISSIONER TUMKUR_IDA),DR C N MANJUNATH,BANGALORE RURAL,30-Jun-26,TUMKUR NIRMITHI KENDRA,Payment In-Progress,750000
816,Karnataka,Construction of rooms and halls in school and colleges,WS/MP18093/2026-2027/257152,TUMAKURU(DEPUTY COMMISSIONER TUMKUR_IDA),V. SOMANNA,TUMKUR,22-Jun-26,TUMKUR NIRMITHI KENDRA,Payment In-Progress,1500000
817,Assam,Construction of boundary walls of existing public and community buildings,WS/MP18019/2024-2025/137729,KARBI ANGLONG(DEPUTY COMMISSIONER KARBI ANGLONG_IDA),AMARSING TISSO,Diphu (ST),16-Jul-26,SIRA RONGHANGPI,Payment In-Progress,77000
818,Rajasthan,Construction of community centers and community halls,WS/MP18169/2025-2026/257624,RAJSAMAND(DISTRICT COLLECTOR RAJSAMAND_IDA),MAHIMA KUMARI MEWAR,RAJSAMAND,25-Aug-26,UJJAWAL ENTERPRISE,Payment In-Progress,53460
819,Delhi,Installation of multi-gym equipment,WS/MP18400/2025-2026/199528,WEST(COMMISSIONER MCD WEST),Kamaljeet Sehrawat,WEST DELHI,19-May-26,Radhey Mohan International,Payment In-Progress,165416
820,Gujarat,Construction of boundary walls of existing public and community buildings,WS/MP584/2025-2026/217168,KACHCHH(DISTRICT COLLECTOR KUTCH_IDA),Vinod Chavda,KACHCHH(SC),12-Aug-26,SATAPAR GRAM PANCHAYAT,Payment In-Progress,300000
821,Gujarat,"Construction of roads, link roads, pathways or any other road with or without drainage system",WS/MP323/2025-2026/218120,GIR SOMNATH(DISTRICT COLLECTOR GIR SOMNATH_IDA),Rajeshbhai Naranbhai Chudasama,JUNAGADH,14-Aug-26,SARA GRAM PANCHAYAT,Payment In-Progress,249216
822,Andhra Pradesh,"Construction of roads, link roads, pathways or any other road with or without drainage system",WS/MP529/2025-2026/236649,Tirupati(DISTRICT COLLECTOR TIRUPATI_IDA),Maddila Gurumoorthy,TIRUPATI(SC),09-Aug-26,G DAYAKAR,Payment In-Progress,488636
823,Gujarat,"Construction of roads, link roads, pathways or any other road with or without drainage system",WS/MP575/2026-2027/273398,NAVSARI(DISTRICT COLLECTOR NAVSARI_IDA),C R Patil,NAVSARI,23-Aug-26,GRAM PANCHAYAT KACHHOLI,Payment In-Progress,500000
824,Assam,Installing tube-wells and borewells,WS/MP18019/2025-2026/173483,KARBI ANGLONG(DEPUTY COMMISSIONER KARBI ANGLONG_IDA),AMARSING TISSO,Diphu (ST),16-Jun-26,GAUTAM HANSE,Payment In-Progress,10632
825,Assam,Installing tube-wells and borewells,WS/MP18019/2025-2026/173483,KARBI ANGLONG(DEPUTY COMMISSIONER KARBI ANGLONG_IDA),AMARSING TISSO,Diphu (ST),16-Jul-26,GAUTAM HANSE,Payment In-Progress,111000
826,Assam,Installing tube-wells and borewells,WS/MP18019/2024-2025/137607,KARBI ANGLONG(DEPUTY COMMISSIONER KARBI ANGLONG_IDA),AMARSING TISSO,Diphu (ST),13-Jun-26,GAUTAM HANSE,Payment In-Progress,10212
827,Assam,Installing tube-wells and borewells,WS/MP18019/2026-2027/260732,KARBI ANGLONG(DEPUTY COMMISSIONER KARBI ANGLONG_IDA),AMARSING TISSO,Diphu (ST),20-Aug-26,GAUTAM HANSE,Payment In-Progress,105000
828,Assam,Installing tube-wells and borewells,WS/MP18019/2026-2027/260732,KARBI ANGLONG(DEPUTY COMMISSIONER KARBI ANGLONG_IDA),AMARSING TISSO,Diphu (ST),21-Aug-26,GAUTAM HANSE,Payment In-Progress,74120
829,Assam,Installing tube-wells and borewells,WS/MP18019/2026-2027/260735,KARBI ANGLONG(DEPUTY COMMISSIONER KARBI ANGLONG_IDA),AMARSING TISSO,Diphu (ST),20-Aug-26,GAUTAM HANSE,Payment In-Progress,105000
830,Assam,Installing tube-wells and borewells,WS/MP18019/2026-2027/260735,KARBI ANGLONG(DEPUTY COMMISSIONER KARBI ANGLONG_IDA),AMARSING TISSO,Diphu (ST),21-Aug-26,GAUTAM HANSE,Payment In-Progress,74120
831,Assam,Installing tube-wells and borewells,WS/MP18019/2024-2025/137592,KARBI ANGLONG(DEPUTY COMMISSIONER KARBI ANGLONG_IDA),AMARSING TISSO,Diphu (ST),13-Jun-26,GAUTAM HANSE,Payment In-Progress,37540
832,Karnataka,Construction of community centers and community halls,WS/MP18076/2025-2026/220444,TUMAKURU(DEPUTY COMMISSIONER TUMKUR_IDA),DR C N MANJUNATH,BANGALORE RURAL,10-Jul-26,TUMKUR NIRMITHI KENDRA,Payment In-Progress,100000
833,Assam,Installing tube-wells and borewells,WS/MP18019/2024-2025/146093,KARBI ANGLONG(DEPUTY COMMISSIONER KARBI ANGLONG_IDA),AMARSING TISSO,Diphu (ST),13-Jun-26,GAUTAM HANSE,Payment In-Progress,10212
834,Assam,Installing tube-wells and borewells,WS/MP18019/2024-2025/137606,KARBI ANGLONG(DEPUTY COMMISSIONER KARBI ANGLONG_IDA),AMARSING TISSO,Diphu (ST),13-Jun-26,GAUTAM HANSE,Payment In-Progress,10212
835,Rajasthan,Construction of common work sheds/ common covered sitting area,WS/MP728/2025-2026/262937,CHURU(DISTRICT COLLECTOR CHURU_IDA),Rahul Kaswan,CHURU,25-Aug-26,om fhoji construction,Payment In-Progress,900255
836,Rajasthan,Construction of public toilets and bathrooms,WS/MP18169/2025-2026/185932,RAJSAMAND(DISTRICT COLLECTOR RAJSAMAND_IDA),MAHIMA KUMARI MEWAR,RAJSAMAND,21-Jul-26,CHARBHUJA HARDROCK DRILLER,Payment In-Progress,292199
837,Bihar,Construction of public staircase/ stair ghat for public convenience,WS/MP18367/2026-2027/273529,PURBI CHAMPARAN(DISTRICT PLANNING OFFICER MOTHIHARI EAST CHAMPARAN_IDA),LOVELY ANAND,SHEOHAR,22-Aug-26,VIVEK KUMAR SINGH,Payment In-Progress,990478
838,Rajasthan,Lighting of public spaces,WS/MP18162/2025-2026/200623,BHILWARA(DISTRICT COLLECTOR BHILWARA_IDA),DAMODAR AGARWAL,BHILWARA,23-Jul-26,C S TECHNOLOGIES,Payment In-Progress,209379
839,Rajasthan,Lighting of public spaces,WS/MP18162/2025-2026/200624,BHILWARA(DISTRICT COLLECTOR BHILWARA_IDA),DAMODAR AGARWAL,BHILWARA,23-Jul-26,C S TECHNOLOGIES,Payment In-Progress,208453
840,Rajasthan,Lighting of public spaces,WS/MP18162/2025-2026/200627,BHILWARA(DISTRICT COLLECTOR BHILWARA_IDA),DAMODAR AGARWAL,BHILWARA,23-Jul-26,C S TECHNOLOGIES,Payment In-Progress,210062
841,Rajasthan,Lighting of public spaces,WS/MP18162/2025-2026/201389,BHILWARA(DISTRICT COLLECTOR BHILWARA_IDA),DAMODAR AGARWAL,BHILWARA,05-Aug-26,C S TECHNOLOGIES,Payment In-Progress,208064
842,Rajasthan,Lighting of public spaces,WS/MP18162/2025-2026/201379,BHILWARA(DISTRICT COLLECTOR BHILWARA_IDA),DAMODAR AGARWAL,BHILWARA,05-Aug-26,C S TECHNOLOGIES,Payment In-Progress,208064
843,Rajasthan,Lighting of public spaces,WS/MP18162/2025-2026/201382,BHILWARA(DISTRICT COLLECTOR BHILWARA_IDA),DAMODAR AGARWAL,BHILWARA,05-Aug-26,C S TECHNOLOGIES,Payment In-Progress,208064
844,Rajasthan,Lighting of public spaces,WS/MP18162/2025-2026/201403,BHILWARA(DISTRICT COLLECTOR BHILWARA_IDA),DAMODAR AGARWAL,BHILWARA,05-Aug-26,C S TECHNOLOGIES,Payment In-Progress,208064
845,Rajasthan,Lighting of public spaces,WS/MP18162/2025-2026/202029,BHILWARA(DISTRICT COLLECTOR BHILWARA_IDA),DAMODAR AGARWAL,BHILWARA,05-Aug-26,C S TECHNOLOGIES,Payment In-Progress,208064
846,Chhattisgarh,"Construction of roads, link roads, pathways or any other road with or without drainage system",WS/MP18048/2024-2025/149433,BIJAPUR(Collector Bijapur_IDA),MAHESH KASHYAP,BASTAR(ST),17-Jun-26,GRAM PANCHAYAT MADDED,Payment In-Progress,346092
847,West Bengal,"Construction of roads, link roads, pathways or any other road with or without drainage system",WS/MP825/2025-2026/266000,HOWRAH(DISTRICT MAGISTRATE HOWRAH_IDA),Prasun Banerjee,HOWRAH,24-Aug-26,MONDAL CONSTRUCTION,Payment In-Progress,1281469
848,Rajasthan,Construction of boundary walls of existing public and community buildings,WS/MP719/2025-2026/226416,Dudu(DISTRICT COLLECTOR Dudu_IDA),Bhagirath Chaudhary,AJMER,24-Apr-26,ARBM CONSTRUCTIONS,Payment In-Progress,498320
849,Himachal Pradesh,Construction of community centers and community halls,WS/MP18328/2026-2027/253065,KULLU(DEPUTY COMMISSIONER KULLU_IDA),Kangana Ranaut,MANDI,26-Aug-26,GP Dunkhrigahar,Payment In-Progress,200000
850,Rajasthan,Construction of community centers and community halls,WS/MP719/2025-2026/227474,AJMER(DISTRICT COLLECTOR AJMER_IDA),Bhagirath Chaudhary,AJMER,06-Aug-26,INDAR MOPRKASH,Payment In-Progress,3861
851,Rajasthan,Construction of community centers and community halls,WS/MP719/2025-2026/227474,AJMER(DISTRICT COLLECTOR AJMER_IDA),Bhagirath Chaudhary,AJMER,06-Aug-26,rahul omprkash,Payment In-Progress,15561
852,Uttar Pradesh,"Construction of roads, link roads, pathways or any other road with or without drainage system",WS/MP18211/2025-2026/215169,DEORIA(DISTRICT MAGISTRATE DEORIA),SHASHANK MANI,DEORIA,21-Jul-26,MS MADANPAL SINGH,Payment In-Progress,407481
853,Uttar Pradesh,"Construction of roads, link roads, pathways or any other road with or without drainage system",WS/MP18199/2025-2026/252316,AMBEDKAR NAGAR(DISTRICT MAGISTRATE AMBEDKAR NAGAR_IDA),LALJI VERMA,AMBEDKAR NAGAR,05-May-26,MS SAKET TRADERS,Payment In-Progress,747772
854,Uttar Pradesh,"Construction of roads, link roads, pathways or any other road with or without drainage system",WS/MP18199/2025-2026/247251,AMBEDKAR NAGAR(DISTRICT MAGISTRATE AMBEDKAR NAGAR_IDA),LALJI VERMA,AMBEDKAR NAGAR,13-Aug-26,MS SAKET TRADERS,Payment In-Progress,1658090
855,Uttar Pradesh,"Construction of roads, link roads, pathways or any other road with or without drainage system",WS/MP18208/2026-2027/266248,BASTI(DISTRICT MAGISTRATE BASTI_IDA),RAM PRASAD CHAUDHARY,BASTI,17-Aug-26,JAI CONSTRUCTION,Payment In-Progress,713900
856,Assam,Construction of community centers and community halls,WS/MP18024/2026-2027/207563,JORHAT(DEPUTY COMMISSIONER JORHAT_IDA),GAURAV GOGOI,JORHAT,27-Aug-26,RAJKUMAR DUARAH,Payment In-Progress,61420
857,Assam,Construction of community centers and community halls,WS/MP18024/2026-2027/207563,JORHAT(DEPUTY COMMISSIONER JORHAT_IDA),GAURAV GOGOI,JORHAT,28-Aug-26,RAJKUMAR DUARAH,Payment In-Progress,21300
858,Uttar Pradesh,"Construction of roads, link roads, pathways or any other road with or without drainage system",WS/MP18199/2025-2026/205330,AMBEDKAR NAGAR(DISTRICT MAGISTRATE AMBEDKAR NAGAR_IDA),LALJI VERMA,AMBEDKAR NAGAR,29-Jul-26,MS SHOBHNATH VERMA,Payment In-Progress,453306
859,West Bengal,"Construction of rooms and facilities for hospitals, FWC , PHC Centers and ANM centers",WS/MP18248/2024-2025/150129,PURBA BARDHAMAN(DISTRICT MAGISTRATE PURBA BARDHAMAN_IDA),DR. SHARMILA SARKAR,BARDHAMAN PURBA(SC),11-Aug-26,SINDHUJA CONSTRUCTION,Payment In-Progress,987384
860,Andhra Pradesh,Installing community drinking water plants,WS/MP529/2025-2026/213220,Tirupati(DISTRICT COLLECTOR TIRUPATI_IDA),Maddila Gurumoorthy,TIRUPATI(SC),10-Aug-26,Sai Manjula Agencies,Payment In-Progress,419963
861,West Bengal,Lighting of public spaces,WS/MP481/2025-2026/204514,MURSHIDABAD(DISTRICT MAGISTRATE MURSHIDABAD_IDA),Khalilur Rahaman,JANGIPUR,22-Aug-26,SADIKUL ISLAM,Payment In-Progress,139707
862,West Bengal,Lighting of public spaces,WS/MP481/2025-2026/204515,MURSHIDABAD(DISTRICT MAGISTRATE MURSHIDABAD_IDA),Khalilur Rahaman,JANGIPUR,22-Aug-26,SADIKUL ISLAM,Payment In-Progress,139707
863,West Bengal,Lighting of public spaces,WS/MP481/2025-2026/204516,MURSHIDABAD(DISTRICT MAGISTRATE MURSHIDABAD_IDA),Khalilur Rahaman,JANGIPUR,22-Aug-26,SADIKUL ISLAM,Payment In-Progress,139707
864,West Bengal,Lighting of public spaces,WS/MP481/2025-2026/204517,MURSHIDABAD(DISTRICT MAGISTRATE MURSHIDABAD_IDA),Khalilur Rahaman,JANGIPUR,22-Aug-26,SADIKUL ISLAM,Payment In-Progress,139707
865,West Bengal,Lighting of public spaces,WS/MP481/2025-2026/204518,MURSHIDABAD(DISTRICT MAGISTRATE MURSHIDABAD_IDA),Khalilur Rahaman,JANGIPUR,22-Aug-26,SADIKUL ISLAM,Payment In-Progress,139707
866,West Bengal,Lighting of public spaces,WS/MP481/2025-2026/204519,MURSHIDABAD(DISTRICT MAGISTRATE MURSHIDABAD_IDA),Khalilur Rahaman,JANGIPUR,22-Aug-26,SADIKUL ISLAM,Payment In-Progress,139707
867,West Bengal,Lighting of public spaces,WS/MP481/2025-2026/204520,MURSHIDABAD(DISTRICT MAGISTRATE MURSHIDABAD_IDA),Khalilur Rahaman,JANGIPUR,22-Aug-26,SADIKUL ISLAM,Payment In-Progress,139707
868,West Bengal,Lighting of public spaces,WS/MP481/2025-2026/204521,MURSHIDABAD(DISTRICT MAGISTRATE MURSHIDABAD_IDA),Khalilur Rahaman,JANGIPUR,22-Aug-26,SADIKUL ISLAM,Payment In-Progress,139707
869,West Bengal,Lighting of public spaces,WS/MP481/2025-2026/204522,MURSHIDABAD(DISTRICT MAGISTRATE MURSHIDABAD_IDA),Khalilur Rahaman,JANGIPUR,23-Aug-26,SADIKUL ISLAM,Payment In-Progress,139707
870,West Bengal,Lighting of public spaces,WS/MP481/2025-2026/204523,MURSHIDABAD(DISTRICT MAGISTRATE MURSHIDABAD_IDA),Khalilur Rahaman,JANGIPUR,23-Aug-26,SADIKUL ISLAM,Payment In-Progress,139707
871,Gujarat,"Construction of roads, link roads, pathways or any other road with or without drainage system",WS/MP18055/2026-2027/275231,KHEDA(DISTRICT COLLECTOR KHEDA_IDA),RAJPALSINH MAHENDRASINH JADAV,PANCHMAHAL,21-Aug-26,RAVALIYA GRAM PANCHAYAT,Payment In-Progress,199852
872,Uttar Pradesh,"Construction of roads, link roads, pathways or any other road with or without drainage system",WS/MP18211/2025-2026/241674,DEORIA(DISTRICT MAGISTRATE DEORIA),SHASHANK MANI,DEORIA,29-May-26,DINESH KUMAR DUBEY,Payment In-Progress,49125
873,Odisha,Street lights,WS/MP18310/2025-2026/240197,Baleshwar(DISTRICT COLLECTOR BALESHWAR_IDA),AVIMANYU SETHI,BHADRAK(SC),29-Aug-26,BAHANAGA BLOCK JUNIOR ENGINEER IV,Payment In-Progress,33000
874,Odisha,Street lights,WS/MP18310/2025-2026/240335,Baleshwar(DISTRICT COLLECTOR BALESHWAR_IDA),AVIMANYU SETHI,BHADRAK(SC),29-Aug-26,BAHANAGA BLOCK JUNIOR ENGINEER IV,Payment In-Progress,44000
875,Odisha,Street lights,WS/MP18310/2025-2026/240340,Baleshwar(DISTRICT COLLECTOR BALESHWAR_IDA),AVIMANYU SETHI,BHADRAK(SC),29-Aug-26,BAHANAGA BLOCK JUNIOR ENGINEER IV,Payment In-Progress,33000
876,Odisha,"Purchase of IT systems, including hardware and software for educational purposes",WS/MP370/2025-2026/270554,Sundaragada(DISTRICT COLLECTOR SUNDARGARH_IDA),Shri Jual Oram,SUNDARGARH (ST),25-Aug-26,Geetanjali Traders,Payment In-Progress,465600
877,Odisha,"Purchase of IT systems, including hardware and software for educational purposes",WS/MP370/2025-2026/270553,Sundaragada(DISTRICT COLLECTOR SUNDARGARH_IDA),Shri Jual Oram,SUNDARGARH (ST),25-Aug-26,Geetanjali Traders,Payment In-Progress,465600
878,Odisha,"Purchase of IT systems, including hardware and software for educational purposes",WS/MP370/2025-2026/270552,Sundaragada(DISTRICT COLLECTOR SUNDARGARH_IDA),Shri Jual Oram,SUNDARGARH (ST),25-Aug-26,Geetanjali Traders,Payment In-Progress,465600
879,Odisha,"Purchase of IT systems, including hardware and software for educational purposes",WS/MP370/2025-2026/270551,Sundaragada(DISTRICT COLLECTOR SUNDARGARH_IDA),Shri Jual Oram,SUNDARGARH (ST),25-Aug-26,Geetanjali Traders,Payment In-Progress,465600
880,Odisha,"Purchase of IT systems, including hardware and software for educational purposes",WS/MP370/2025-2026/270550,Sundaragada(DISTRICT COLLECTOR SUNDARGARH_IDA),Shri Jual Oram,SUNDARGARH (ST),25-Aug-26,Geetanjali Traders,Payment In-Progress,465600
881,Andhra Pradesh,Purchase of hospital equipment,WS/MP526/2026-2027/296254,Y.S.R. Kadapa(DISTRICT COLLECTOR CUDDAPAH_IDA),Y S Avinash Reddy,KADAPA,29-Aug-26,Assistant Director Welfare of Differently Abled TG  Sr Citizens YSR Annamayya District,Payment In-Progress,300000
882,Uttar Pradesh,"Construction of roads, link roads, pathways or any other road with or without drainage system",WS/MP18346/2026-2027/277203,RAE BARELI(DISTRICT MAGISTRATE RAE BARELI_IDA),RAHUL GANDHI,RAE BARELI,25-Jul-26,SHIV ENTERPRISES,Payment In-Progress,489646
883,Uttar Pradesh,"Construction of roads, link roads, pathways or any other road with or without drainage system",WS/MP18346/2026-2027/277213,RAE BARELI(DISTRICT MAGISTRATE RAE BARELI_IDA),RAHUL GANDHI,RAE BARELI,25-Jul-26,SHIV ENTERPRISES,Payment In-Progress,385120
884,West Bengal,Construction of additional rooms and halls in the existing public and community building,WS/MP858/2026-2027/252029,BIRBHUM(DISTRICT MAGISTRATE BIRBHUM_IDA),Asit Kumar Mal,BOLPUR(SC),24-Aug-26,SEKH BASIRUDDIN,Payment In-Progress,1100000
885,Karnataka,Construction of community centers and community halls,WS/MP623/2026-2027/247169,VIJAYAPURA(DEPUTY COMMISSIONER BIJAPUR_IDA),Ramesh Chandappa Jigajinagi,BIJAPUR(SC),30-Jul-26,B K Appanna,Payment In-Progress,187500
886,Karnataka,Construction of community centers and community halls,WS/MP623/2026-2027/247053,VIJAYAPURA(DEPUTY COMMISSIONER BIJAPUR_IDA),Ramesh Chandappa Jigajinagi,BIJAPUR(SC),07-Aug-26,B K Appanna,Payment In-Progress,187500
887,Punjab,"Construction of roads, link roads, pathways or any other road with or without drainage system",WS/MP716/2025-2026/203944,BATHINDA(DEPUTY COMMISSIONER BHATINDA_IDA),Smt Harsimrat Kaur Badal,BHATINDA,21-Aug-26,MAHALUXMI BKO,Payment In-Progress,10710
888,Punjab,"Construction of roads, link roads, pathways or any other road with or without drainage system",WS/MP716/2025-2026/203943,BATHINDA(DEPUTY COMMISSIONER BHATINDA_IDA),Smt Harsimrat Kaur Badal,BHATINDA,21-Aug-26,MAHALUXMI BKO,Payment In-Progress,36523
889,Punjab,"Construction of roads, link roads, pathways or any other road with or without drainage system",WS/MP716/2025-2026/203954,BATHINDA(DEPUTY COMMISSIONER BHATINDA_IDA),Smt Harsimrat Kaur Badal,BHATINDA,11-Aug-26,MAHALUXMI BKO,Payment In-Progress,117702
890,Punjab,"Construction of roads, link roads, pathways or any other road with or without drainage system",WS/MP716/2025-2026/203954,BATHINDA(DEPUTY COMMISSIONER BHATINDA_IDA),Smt Harsimrat Kaur Badal,BHATINDA,14-Aug-26,MAHALUXMI BKO,Payment In-Progress,34000
891,Uttar Pradesh,"Construction of roads, link roads, pathways or any other road with or without drainage system",WS/MP18211/2025-2026/215170,DEORIA(DISTRICT MAGISTRATE DEORIA),SHASHANK MANI,DEORIA,07-Aug-26,MS AMAR MANI TRIPATHI,Payment In-Progress,539782
892,Odisha,"Purchase of IT systems, including hardware and software for educational purposes",WS/MP370/2025-2026/270549,Sundaragada(DISTRICT COLLECTOR SUNDARGARH_IDA),Shri Jual Oram,SUNDARGARH (ST),25-Aug-26,Geetanjali Traders,Payment In-Progress,465600
893,Odisha,"Purchase of IT systems, including hardware and software for educational purposes",WS/MP370/2025-2026/270548,Sundaragada(DISTRICT COLLECTOR SUNDARGARH_IDA),Shri Jual Oram,SUNDARGARH (ST),25-Aug-26,Geetanjali Traders,Payment In-Progress,465600
894,Odisha,"Purchase of IT systems, including hardware and software for educational purposes",WS/MP370/2025-2026/270547,Sundaragada(DISTRICT COLLECTOR SUNDARGARH_IDA),Shri Jual Oram,SUNDARGARH (ST),25-Aug-26,Geetanjali Traders,Payment In-Progress,465600
895,Odisha,"Purchase of IT systems, including hardware and software for educational purposes",WS/MP370/2025-2026/270546,Sundaragada(DISTRICT COLLECTOR SUNDARGARH_IDA),Shri Jual Oram,SUNDARGARH (ST),25-Aug-26,Geetanjali Traders,Payment In-Progress,465600
896,Karnataka,Construction of bus-sheds or bus-stops,WS/MP18076/2024-2025/145644,Bengaluru South(DEPUTY COMMISSIONER RAMANAGARA_IDA),DR C N MANJUNATH,BANGALORE RURAL,25-Aug-26,PROJECT MANAGER NIRMITHI KENDRA RAMANAGARA,Payment In-Progress,125000
897,Odisha,Construction of community centers and community halls,WS/MP18139/2025-2026/202075,Baragada(DISTRICT COLLECTOR BARAGARH_IDA),PRADEEP PUROHIT,BARGARH,24-Aug-26,BIJEPI BAGH,Payment In-Progress,278598
898,Uttar Pradesh,"Construction of roads, link roads, pathways or any other road with or without drainage system",WS/MP18199/2025-2026/200141,AMBEDKAR NAGAR(DISTRICT MAGISTRATE AMBEDKAR NAGAR_IDA),LALJI VERMA,AMBEDKAR NAGAR,29-Jul-26,MS SAKET TRADERS,Payment In-Progress,442410
899,Andhra Pradesh,Installing community drinking water plants,WS/MP529/2024-2025/147335,Tirupati(DISTRICT COLLECTOR TIRUPATI_IDA),Maddila Gurumoorthy,TIRUPATI(SC),29-Aug-26,G DAYAKAR,Payment In-Progress,223100
900,Uttar Pradesh,Construction of boundary walls of existing public and community buildings,WS/MP18199/2025-2026/227891,AMBEDKAR NAGAR(DISTRICT MAGISTRATE AMBEDKAR NAGAR_IDA),LALJI VERMA,AMBEDKAR NAGAR,29-Jul-26,MS SHOBHNATH VERMA,Payment In-Progress,396749
901,Andhra Pradesh,Purchase of other aids / devices required for P/ M/ V/ H impaired for differently abled persons,WS/MP524/2026-2027/290354,Annamayya(DISTRICT COLLECTOR ANNAMAYYA_IDA),Midhun Reddy,RAJAMPET,20-Jul-26,Assistant Director Welfare of Differently Abled TG  Sr Citizens YSR Annamayya District,Payment In-Progress,361000
902,Andhra Pradesh,Purchase of other aids / devices required for P/ M/ V/ H impaired for differently abled persons,WS/MP524/2026-2027/290356,Annamayya(DISTRICT COLLECTOR ANNAMAYYA_IDA),Midhun Reddy,RAJAMPET,03-Aug-26,Assistant Director Welfare of Differently Abled TG  Sr Citizens YSR Annamayya District,Payment In-Progress,597000
903,Odisha,"Purchase of IT systems, including hardware and software for educational purposes",WS/MP370/2025-2026/270545,Sundaragada(DISTRICT COLLECTOR SUNDARGARH_IDA),Shri Jual Oram,SUNDARGARH (ST),25-Aug-26,Geetanjali Traders,Payment In-Progress,465600
904,Karnataka,Construction of bus-sheds or bus-stops,WS/MP18076/2024-2025/145631,Bengaluru South(DEPUTY COMMISSIONER RAMANAGARA_IDA),DR C N MANJUNATH,BANGALORE RURAL,24-Aug-26,PROJECT MANAGER NIRMITHI KENDRA RAMANAGARA,Payment In-Progress,125000
905,Assam,Crematoriums/energy efficient crematoriums or structures on burial/cremation ground,WS/MP541/2025-2026/225455,MARIGAON(District Development Commissioner Morigaon),Pradyut Bordoloi,NOWGONG,28-Aug-26,PRITOM TRIBEDI,Payment In-Progress,199812
906,Odisha,Construction of community centers and community halls,WS/MP372/2025-2026/265269,Kataka(DISTRICT COLLECTOR CUTTACK_IDA),Shri Bhartruhari Mahtab,CUTTACK,29-Aug-26,Satya Ranjan Mishra JE,Payment In-Progress,470845
907,Assam,Construction of community centers and community halls,WS/MP541/2025-2026/153174,MARIGAON(District Development Commissioner Morigaon),Pradyut Bordoloi,NOWGONG,28-Aug-26,PRITOM TRIBEDI,Payment In-Progress,118257
908,Gujarat,"Construction of roads, link roads, pathways or any other road with or without drainage system",WS/MP18056/2025-2026/236453,MORBI(District collector Morbi_IDA),PARSHOTTAMBHAI RUPALA,RAJKOT,20-Aug-26,BANGAVADI GRAM PANCHAYAT,Payment In-Progress,294118
909,Uttar Pradesh,Construction of rooms and halls in school and colleges,WS/MP18238/2025-2026/152813,DEORIA(DISTRICT MAGISTRATE DEORIA),RAMASHANKAR RAJBHAR,SALEMPUR,11-Mar-26,Mhatma budh prathmik vidyalaya Musaila Khurd,Payment In-Progress,150000
910,Uttar Pradesh,Installing hand pumps,WS/MP18225/2024-2025/144734,KAUSHAMBI(DISTRICT MAGISTRAE KAUSHAMBI_IDA),PUSHPENDRA SAROJ,KAUSHAMBI(SC),22-Dec-25,VIVEK ENTERPRISES,Payment In-Progress,29578
911,Assam,Street lights,WS/MP541/2026-2027/227617,MARIGAON(District Development Commissioner Morigaon),Pradyut Bordoloi,NOWGONG,26-Aug-26,PRITOM TRIBEDI,Payment In-Progress,104000
912,Punjab,"Construction of roads, link roads, pathways or any other road with or without drainage system",WS/MP716/2025-2026/203954,BATHINDA(DEPUTY COMMISSIONER BHATINDA_IDA),Smt Harsimrat Kaur Badal,BHATINDA,14-Aug-26,Shinda Singh,Payment In-Progress,109572
913,Uttar Pradesh,Installing hand pumps,WS/MP18225/2024-2025/144315,KAUSHAMBI(DISTRICT MAGISTRAE KAUSHAMBI_IDA),PUSHPENDRA SAROJ,KAUSHAMBI(SC),22-Dec-25,VIVEK ENTERPRISES,Payment In-Progress,29578
914,Rajasthan,Crematoriums/energy efficient crematoriums or structures on burial/cremation ground,WS/MP719/2025-2026/208008,AJMER(DISTRICT COLLECTOR AJMER_IDA),Bhagirath Chaudhary,AJMER,13-Aug-26,LALITA,Payment In-Progress,3705
915,Karnataka,Construction of bus-sheds or bus-stops,WS/MP18077/2026-2027/254682,BELAGAVI(DEPUTY COMMISSIONER BELGAUM_IDA),JAGADISH SHETTAR,BELGAUM,19-Aug-26,PRIYESH GOUNDADKAR,Payment In-Progress,124690
916,Tamil Nadu,Construction of bus-sheds or bus-stops,WS/MP870/2025-2026/200569,VELLORE(DISTRICT COLLECTOR VELLORE_IDA),D M Kathir Anand,VELLORE,27-Aug-26,KR CONSTRUCTIONS,Payment In-Progress,1099275
917,Gujarat,Construction of community centers and community halls,WS/MP323/2025-2026/180054,GIR SOMNATH(DISTRICT COLLECTOR GIR SOMNATH_IDA),Rajeshbhai Naranbhai Chudasama,JUNAGADH,21-Aug-26,Indroi Gram Panchayat,Payment In-Progress,492857
918,Uttar Pradesh,"Construction of roads, link roads, pathways or any other road with or without drainage system",WS/MP18232/2026-2027/240893,MUZAFFARNAGAR(DISTRICT MAGISTRATE MUZAFFARNAGAR_IDA),HARENDRA SINGH MALIK,MUZAFFARNAGAR,04-Aug-26,PRAVINDRA KUMAR,Payment In-Progress,107938
919,Uttar Pradesh,"Construction of roads, link roads, pathways or any other road with or without drainage system",WS/MP18232/2026-2027/259269,MUZAFFARNAGAR(DISTRICT MAGISTRATE MUZAFFARNAGAR_IDA),HARENDRA SINGH MALIK,MUZAFFARNAGAR,06-Aug-26,PRAVINDRA KUMAR,Payment In-Progress,53264
920,Rajasthan,Crematoriums/energy efficient crematoriums or structures on burial/cremation ground,WS/MP719/2025-2026/208008,AJMER(DISTRICT COLLECTOR AJMER_IDA),Bhagirath Chaudhary,AJMER,14-Aug-26,CHATUBHRAJ BAGRIYA,Payment In-Progress,255
921,Rajasthan,Construction of community centers and community halls,WS/MP719/2025-2026/227474,AJMER(DISTRICT COLLECTOR AJMER_IDA),Bhagirath Chaudhary,AJMER,06-Aug-26,HANUMAN CONSTRUCTION,Payment In-Progress,358019
922,Rajasthan,Crematoriums/energy efficient crematoriums or structures on burial/cremation ground,WS/MP719/2025-2026/208008,AJMER(DISTRICT COLLECTOR AJMER_IDA),Bhagirath Chaudhary,AJMER,13-Aug-26,NORAVA,Payment In-Progress,3705
923,Uttar Pradesh,"Construction of roads, link roads, pathways or any other road with or without drainage system",WS/MP18232/2026-2027/278423,MUZAFFARNAGAR(DISTRICT MAGISTRATE MUZAFFARNAGAR_IDA),HARENDRA SINGH MALIK,MUZAFFARNAGAR,05-Aug-26,A P DEVELOPERS,Payment In-Progress,439619
924,Gujarat,"Construction of roads, link roads, pathways or any other road with or without drainage system",WS/MP18054/2025-2026/162793,MAHESANA(DISTRICT COLLECTOR MAHESANA_IDA),HARIBHAI PATEL,MAHESANA,24-Aug-26,JEPUR GRAM PANCHAYAT,Payment In-Progress,331343
925,Uttar Pradesh,"Construction of roads, link roads, pathways or any other road with or without drainage system",WS/MP18232/2024-2025/141619,MUZAFFARNAGAR(DISTRICT MAGISTRATE MUZAFFARNAGAR_IDA),HARENDRA SINGH MALIK,MUZAFFARNAGAR,24-Apr-26,A P DEVELOPERS,Payment In-Progress,26735
926,Uttar Pradesh,Street lights,WS/MP18205/2024-2025/148363,BALLIA(DISTRICT MAGISTRAE BALLIA_IDA),SANATAN PANDEY,BALLIA,06-Aug-25,SHRI SAI ENGINEERING WORKS,Payment In-Progress,216409
927,Assam,Construction of community centers and community halls,WS/MP18029/2025-2026/182037,Biswanath(Deputy Commissioner Biswanath_IDA),RANJIT DUTTA,Sonitpur,29-Aug-26,PRANABJYOTI SAIKIA,Payment In-Progress,108750
928,Assam,Crematoriums/energy efficient crematoriums or structures on burial/cremation ground,WS/MP18029/2025-2026/246472,Biswanath(Deputy Commissioner Biswanath_IDA),RANJIT DUTTA,Sonitpur,29-Aug-26,PRANABJYOTI SAIKIA,Payment In-Progress,285960
929,Uttar Pradesh,"Construction of roads, link roads, pathways or any other road with or without drainage system",WS/MP18238/2025-2026/190938,DEORIA(DISTRICT MAGISTRATE DEORIA),RAMASHANKAR RAJBHAR,SALEMPUR,16-Feb-26,MS AKHAND PRATAP TRADERS,Payment In-Progress,121501
930,Gujarat,Fitting of Sitting RCC Benches in Public Places,WS/MP18056/2025-2026/263041,RAJKOT(DISTRICT COLLECTOR RAJKOT_IDA),PARSHOTTAMBHAI RUPALA,RAJKOT,18-Aug-26,HIRAL CONSTRUCTION,Payment In-Progress,46952
931,Uttar Pradesh,Construction of boundary walls of existing public and community buildings,WS/MP18238/2025-2026/214951,DEORIA(DISTRICT MAGISTRATE DEORIA),RAMASHANKAR RAJBHAR,SALEMPUR,22-Aug-26,MS AKHAND PRATAP TRADERS,Payment In-Progress,524573
932,Uttar Pradesh,"Construction of roads, link roads, pathways or any other road with or without drainage system",WS/MP18232/2026-2027/228652,MUZAFFARNAGAR(DISTRICT MAGISTRATE MUZAFFARNAGAR_IDA),HARENDRA SINGH MALIK,MUZAFFARNAGAR,14-May-26,PRAVINDRA KUMAR,Payment In-Progress,1138440
933,Uttar Pradesh,"Construction of roads, link roads, pathways or any other road with or without drainage system",WS/MP18232/2026-2027/242943,MUZAFFARNAGAR(DISTRICT MAGISTRATE MUZAFFARNAGAR_IDA),HARENDRA SINGH MALIK,MUZAFFARNAGAR,04-Aug-26,PRAVINDRA KUMAR,Payment In-Progress,239848
934,Uttar Pradesh,"Construction of roads, link roads, pathways or any other road with or without drainage system",WS/MP18232/2024-2025/143897,MUZAFFARNAGAR(DISTRICT MAGISTRATE MUZAFFARNAGAR_IDA),HARENDRA SINGH MALIK,MUZAFFARNAGAR,20-Aug-26,A P DEVELOPERS,Payment In-Progress,78743
935,Gujarat,"Construction of roads, link roads, pathways or any other road with or without drainage system",WS/MP18056/2025-2026/206221,RAJKOT(DISTRICT COLLECTOR RAJKOT_IDA),PARSHOTTAMBHAI RUPALA,RAJKOT,18-Aug-26,HIRAL CONSTRUCTION,Payment In-Progress,199883
936,Gujarat,"Construction of roads, link roads, pathways or any other road with or without drainage system",WS/MP18056/2025-2026/206223,RAJKOT(DISTRICT COLLECTOR RAJKOT_IDA),PARSHOTTAMBHAI RUPALA,RAJKOT,18-Aug-26,HIRAL CONSTRUCTION,Payment In-Progress,199504
937,Rajasthan,Construction of community centers and community halls,WS/MP18162/2025-2026/187390,Shahpura(DISTRICT COLLECTOR Shahpura_IDA),DAMODAR AGARWAL,BHILWARA,23-May-26,Pinky Kumari Sharma,Payment In-Progress,6693
938,Chhattisgarh,Construction of community centers and community halls,WS/MP568/2024-2025/161396,BEMETARA(Collector Bemetara_IDA),Vijay Baghel,DURG,15-Jul-25,SARPACH SACHIV GP PADMI,Payment In-Progress,200000
939,Uttar Pradesh,Construction of rooms and halls in school and colleges,WS/MP18236/2024-2025/140140,SONBHADRA(DISTRICT MAGISTRATE SONBHADRA_IDA),CHHOTELAL,ROBERTSGANJ(SC),13-Mar-26,ANSH BUILDING MATERIAL,Payment In-Progress,175000
940,Uttar Pradesh,Construction of rooms and halls in school and colleges,WS/MP18236/2024-2025/140140,SONBHADRA(DISTRICT MAGISTRATE SONBHADRA_IDA),CHHOTELAL,ROBERTSGANJ(SC),23-Mar-26,ANSH BUILDING MATERIAL,Payment In-Progress,7650
941,Gujarat,"Construction of roads, link roads, pathways or any other road with or without drainage system",WS/MP575/2025-2026/191189,NAVSARI(DISTRICT COLLECTOR NAVSARI_IDA),C R Patil,NAVSARI,23-Aug-26,Gram Panchayat Vaghrech,Payment In-Progress,500000
942,Madhya Pradesh,"Construction of roads, link roads, pathways or any other road with or without drainage system",WS/MP18104/2026-2027/288543,NARMADAPURAM(DISTRICT COLLECTOR NARMADAPURAM_IDA),DARSHAN SINGH CHOUDHARY,HOSHANGABAD,05-Aug-26,SARPANCH GRAM PANCHAYAT SHIVPUR,Payment In-Progress,80000
943,Madhya Pradesh,"Construction of roads, link roads, pathways or any other road with or without drainage system",WS/MP18104/2026-2027/288543,NARMADAPURAM(DISTRICT COLLECTOR NARMADAPURAM_IDA),DARSHAN SINGH CHOUDHARY,HOSHANGABAD,06-Aug-26,SARPANCH GRAM PANCHAYAT SHIVPUR,Payment In-Progress,80000
944,Uttar Pradesh,"Construction of roads, link roads, pathways or any other road with or without drainage system",WS/MP18345/2025-2026/176849,KANPUR DEHAT(DISTRICT MAGISTRATE KANPUR DEHAT_IDA),AKHILESH YADAV,KANNAUJ,28-Jul-26,Lallan singh contractor,Payment In-Progress,281371
945,Assam,Construction of buildings for community cultural activities,WS/MP18029/2026-2027/296121,Biswanath(Deputy Commissioner Biswanath_IDA),RANJIT DUTTA,Sonitpur,29-Aug-26,PRANABJYOTI SAIKIA,Payment In-Progress,201970
946,Assam,Construction of community centers and community halls,WS/MP18029/2025-2026/250540,Biswanath(Deputy Commissioner Biswanath_IDA),RANJIT DUTTA,Sonitpur,29-Aug-26,PRANABJYOTI SAIKIA,Payment In-Progress,582920
947,Assam,Construction of community centers and community halls,WS/MP18029/2025-2026/234524,Biswanath(Deputy Commissioner Biswanath_IDA),RANJIT DUTTA,Sonitpur,29-Aug-26,PRANABJYOTI SAIKIA,Payment In-Progress,25400
948,Uttar Pradesh,"Construction of roads, link roads, pathways or any other road with or without drainage system",WS/MP18198/2025-2026/214766,PRAYAGRAJ(DISTRICT MAGISTRAE ALLAHABAD_IDA),UJJWAL RAMAN SINGH,ALLAHABAD,08-May-26,Singh Construction,Payment In-Progress,911447
949,Uttar Pradesh,Lighting of public spaces,WS/MP18380/2025-2026/216661,BHADOHI(DISTRICT MAGISTRATE BHADOHI_IDA),VINOD KUMAR BIND,BHADOHI,09-Jul-26,Gandhi Construction And Supplier,Payment In-Progress,107877
950,Uttar Pradesh,Lighting of public spaces,WS/MP18380/2025-2026/216688,BHADOHI(DISTRICT MAGISTRATE BHADOHI_IDA),VINOD KUMAR BIND,BHADOHI,09-Jul-26,Gandhi Construction And Supplier,Payment In-Progress,107877
951,Uttar Pradesh,Lighting of public spaces,WS/MP18380/2025-2026/216689,BHADOHI(DISTRICT MAGISTRATE BHADOHI_IDA),VINOD KUMAR BIND,BHADOHI,09-Jul-26,Gandhi Construction And Supplier,Payment In-Progress,107877
952,Uttar Pradesh,Lighting of public spaces,WS/MP18380/2025-2026/184767,BHADOHI(DISTRICT MAGISTRATE BHADOHI_IDA),VINOD KUMAR BIND,BHADOHI,09-Jul-26,Gandhi Construction And Supplier,Payment In-Progress,107898
953,Uttar Pradesh,Lighting of public spaces,WS/MP18380/2025-2026/184715,BHADOHI(DISTRICT MAGISTRATE BHADOHI_IDA),VINOD KUMAR BIND,BHADOHI,09-Jul-26,Gandhi Construction And Supplier,Payment In-Progress,107898
954,Uttar Pradesh,Lighting of public spaces,WS/MP18380/2025-2026/184759,BHADOHI(DISTRICT MAGISTRATE BHADOHI_IDA),VINOD KUMAR BIND,BHADOHI,09-Jul-26,Gandhi Construction And Supplier,Payment In-Progress,107898
955,Assam,Construction of community centers and community halls,WS/MP18029/2026-2027/186161,Biswanath(Deputy Commissioner Biswanath_IDA),RANJIT DUTTA,Sonitpur,29-Aug-26,PRANABJYOTI SAIKIA,Payment In-Progress,138928
956,Gujarat,"Construction of roads, link roads, pathways or any other road with or without drainage system",WS/MP575/2025-2026/163013,NAVSARI(DISTRICT COLLECTOR NAVSARI_IDA),C R Patil,NAVSARI,23-Aug-26,GRAM PANCHAYAT SARIKHURAD,Payment In-Progress,500000
957,Uttar Pradesh,Lighting of public spaces,WS/MP18380/2025-2026/184756,BHADOHI(DISTRICT MAGISTRATE BHADOHI_IDA),VINOD KUMAR BIND,BHADOHI,09-Jul-26,Gandhi Construction And Supplier,Payment In-Progress,107898
958,Uttar Pradesh,Lighting of public spaces,WS/MP18380/2024-2025/151967,BHADOHI(DISTRICT MAGISTRATE BHADOHI_IDA),VINOD KUMAR BIND,BHADOHI,10-Jul-26,Gandhi Construction And Supplier,Payment In-Progress,118971
959,Uttar Pradesh,Lighting of public spaces,WS/MP18380/2024-2025/151973,BHADOHI(DISTRICT MAGISTRATE BHADOHI_IDA),VINOD KUMAR BIND,BHADOHI,10-Jul-26,Gandhi Construction And Supplier,Payment In-Progress,118971
960,Uttar Pradesh,Lighting of public spaces,WS/MP18380/2024-2025/151917,BHADOHI(DISTRICT MAGISTRATE BHADOHI_IDA),VINOD KUMAR BIND,BHADOHI,10-Jul-26,Gandhi Construction And Supplier,Payment In-Progress,118971
961,Uttar Pradesh,Lighting of public spaces,WS/MP18380/2024-2025/151918,BHADOHI(DISTRICT MAGISTRATE BHADOHI_IDA),VINOD KUMAR BIND,BHADOHI,10-Jul-26,Gandhi Construction And Supplier,Payment In-Progress,118971
962,Uttar Pradesh,Lighting of public spaces,WS/MP18380/2024-2025/151919,BHADOHI(DISTRICT MAGISTRATE BHADOHI_IDA),VINOD KUMAR BIND,BHADOHI,10-Jul-26,Gandhi Construction And Supplier,Payment In-Progress,118971
963,Uttar Pradesh,Lighting of public spaces,WS/MP18380/2024-2025/151920,BHADOHI(DISTRICT MAGISTRATE BHADOHI_IDA),VINOD KUMAR BIND,BHADOHI,10-Jul-26,Gandhi Construction And Supplier,Payment In-Progress,118971
964,Uttar Pradesh,Lighting of public spaces,WS/MP18380/2024-2025/151921,BHADOHI(DISTRICT MAGISTRATE BHADOHI_IDA),VINOD KUMAR BIND,BHADOHI,10-Jul-26,Gandhi Construction And Supplier,Payment In-Progress,118971
965,Uttar Pradesh,Lighting of public spaces,WS/MP18380/2024-2025/151922,BHADOHI(DISTRICT MAGISTRATE BHADOHI_IDA),VINOD KUMAR BIND,BHADOHI,10-Jul-26,Gandhi Construction And Supplier,Payment In-Progress,118971
966,Uttar Pradesh,Lighting of public spaces,WS/MP18380/2024-2025/151969,BHADOHI(DISTRICT MAGISTRATE BHADOHI_IDA),VINOD KUMAR BIND,BHADOHI,10-Jul-26,Gandhi Construction And Supplier,Payment In-Progress,118971
967,Uttar Pradesh,Lighting of public spaces,WS/MP18380/2024-2025/151970,BHADOHI(DISTRICT MAGISTRATE BHADOHI_IDA),VINOD KUMAR BIND,BHADOHI,10-Jul-26,Gandhi Construction And Supplier,Payment In-Progress,118971
968,Uttar Pradesh,Lighting of public spaces,WS/MP18380/2024-2025/151933,BHADOHI(DISTRICT MAGISTRATE BHADOHI_IDA),VINOD KUMAR BIND,BHADOHI,10-Jul-26,Gandhi Construction And Supplier,Payment In-Progress,118971
969,Uttar Pradesh,Lighting of public spaces,WS/MP18380/2024-2025/151934,BHADOHI(DISTRICT MAGISTRATE BHADOHI_IDA),VINOD KUMAR BIND,BHADOHI,10-Jul-26,Gandhi Construction And Supplier,Payment In-Progress,118971
970,Uttar Pradesh,Lighting of public spaces,WS/MP18380/2024-2025/151937,BHADOHI(DISTRICT MAGISTRATE BHADOHI_IDA),VINOD KUMAR BIND,BHADOHI,10-Jul-26,Gandhi Construction And Supplier,Payment In-Progress,118971
971,Uttar Pradesh,Lighting of public spaces,WS/MP18380/2024-2025/151938,BHADOHI(DISTRICT MAGISTRATE BHADOHI_IDA),VINOD KUMAR BIND,BHADOHI,10-Jul-26,Gandhi Construction And Supplier,Payment In-Progress,118971
972,Uttar Pradesh,Lighting of public spaces,WS/MP18380/2024-2025/151939,BHADOHI(DISTRICT MAGISTRATE BHADOHI_IDA),VINOD KUMAR BIND,BHADOHI,10-Jul-26,Gandhi Construction And Supplier,Payment In-Progress,118971
973,Uttar Pradesh,Lighting of public spaces,WS/MP18380/2024-2025/151943,BHADOHI(DISTRICT MAGISTRATE BHADOHI_IDA),VINOD KUMAR BIND,BHADOHI,10-Jul-26,Gandhi Construction And Supplier,Payment In-Progress,118971
974,Uttar Pradesh,Lighting of public spaces,WS/MP18380/2024-2025/151944,BHADOHI(DISTRICT MAGISTRATE BHADOHI_IDA),VINOD KUMAR BIND,BHADOHI,10-Jul-26,Gandhi Construction And Supplier,Payment In-Progress,118971
975,Uttar Pradesh,Lighting of public spaces,WS/MP18380/2024-2025/151945,BHADOHI(DISTRICT MAGISTRATE BHADOHI_IDA),VINOD KUMAR BIND,BHADOHI,10-Jul-26,Gandhi Construction And Supplier,Payment In-Progress,118971
976,Uttar Pradesh,Lighting of public spaces,WS/MP18380/2024-2025/151946,BHADOHI(DISTRICT MAGISTRATE BHADOHI_IDA),VINOD KUMAR BIND,BHADOHI,10-Jul-26,Gandhi Construction And Supplier,Payment In-Progress,118971
977,Uttar Pradesh,Lighting of public spaces,WS/MP18380/2024-2025/151803,BHADOHI(DISTRICT MAGISTRATE BHADOHI_IDA),VINOD KUMAR BIND,BHADOHI,10-Jul-26,Gandhi Construction And Supplier,Payment In-Progress,118971
978,Uttar Pradesh,Lighting of public spaces,WS/MP18380/2024-2025/151818,BHADOHI(DISTRICT MAGISTRATE BHADOHI_IDA),VINOD KUMAR BIND,BHADOHI,10-Jul-26,Gandhi Construction And Supplier,Payment In-Progress,118971
979,Uttar Pradesh,Lighting of public spaces,WS/MP18380/2024-2025/151819,BHADOHI(DISTRICT MAGISTRATE BHADOHI_IDA),VINOD KUMAR BIND,BHADOHI,10-Jul-26,Gandhi Construction And Supplier,Payment In-Progress,118971
980,Uttar Pradesh,Lighting of public spaces,WS/MP18380/2024-2025/151782,BHADOHI(DISTRICT MAGISTRATE BHADOHI_IDA),VINOD KUMAR BIND,BHADOHI,10-Jul-26,Gandhi Construction And Supplier,Payment In-Progress,118971
981,Uttar Pradesh,Lighting of public spaces,WS/MP18380/2024-2025/149489,BHADOHI(DISTRICT MAGISTRATE BHADOHI_IDA),VINOD KUMAR BIND,BHADOHI,09-Jul-26,Gandhi Construction And Supplier,Payment In-Progress,118993
982,Andhra Pradesh,"Construction of roads, link roads, pathways or any other road with or without drainage system",WS/MP526/2026-2027/282554,Y.S.R. Kadapa(DISTRICT COLLECTOR CUDDAPAH_IDA),Y S Avinash Reddy,KADAPA,27-Aug-26,ASMITHA SC LABOUR CONTRACT SOCIETY,Payment In-Progress,397856
983,Tamil Nadu,Construction of community centers and community halls,WS/MP18183/2024-2025/143806,THANJAVUR(DISTRICT COLLECTOR THANJAVUR_IDA),MURASOLI S,THANJAVUR,14-Aug-26,DHANDAYUTHAPANI K,Payment In-Progress,1348754
984,West Bengal,Installing community drinking water plants,WS/MP498/2025-2026/186882,Dakshin Dinajpur(DISTRICT MAGISTRATE DINAJPUR DAKSHIN_IDA),Dr Sukanta Majumdar,BALURGHAT,25-Aug-26,BOND CONSTRUCTION,Payment In-Progress,549545
985,West Bengal,Lighting of public spaces,WS/MP498/2025-2026/187875,Dakshin Dinajpur(DISTRICT MAGISTRATE DINAJPUR DAKSHIN_IDA),Dr Sukanta Majumdar,BALURGHAT,26-Aug-26,BOND CONSTRUCTION,Payment In-Progress,549787
986,West Bengal,Lighting of public spaces,WS/MP498/2025-2026/187876,Dakshin Dinajpur(DISTRICT MAGISTRATE DINAJPUR DAKSHIN_IDA),Dr Sukanta Majumdar,BALURGHAT,25-Aug-26,BOND CONSTRUCTION,Payment In-Progress,549787
987,West Bengal,Lighting of public spaces,WS/MP498/2025-2026/187877,Dakshin Dinajpur(DISTRICT MAGISTRATE DINAJPUR DAKSHIN_IDA),Dr Sukanta Majumdar,BALURGHAT,26-Aug-26,BOND CONSTRUCTION,Payment In-Progress,549787
988,West Bengal,Lighting of public spaces,WS/MP498/2025-2026/187878,Dakshin Dinajpur(DISTRICT MAGISTRATE DINAJPUR DAKSHIN_IDA),Dr Sukanta Majumdar,BALURGHAT,25-Aug-26,BOND CONSTRUCTION,Payment In-Progress,549787
989,West Bengal,Lighting of public spaces,WS/MP498/2025-2026/187879,Dakshin Dinajpur(DISTRICT MAGISTRATE DINAJPUR DAKSHIN_IDA),Dr Sukanta Majumdar,BALURGHAT,25-Aug-26,BOND CONSTRUCTION,Payment In-Progress,549787
990,West Bengal,Lighting of public spaces,WS/MP498/2025-2026/187880,Dakshin Dinajpur(DISTRICT MAGISTRATE DINAJPUR DAKSHIN_IDA),Dr Sukanta Majumdar,BALURGHAT,25-Aug-26,BOND CONSTRUCTION,Payment In-Progress,549787
991,Rajasthan,Construction of community centers and community halls,WS/MP18162/2025-2026/232294,BUNDI(DISTRICT COLLECTOR BUNDI_IDA),DAMODAR AGARWAL,BHILWARA,06-Aug-26,GRAM PANCHYAT SATHUR,Payment In-Progress,213839
992,Rajasthan,Construction of community centers and community halls,WS/MP18162/2025-2026/232294,BUNDI(DISTRICT COLLECTOR BUNDI_IDA),DAMODAR AGARWAL,BHILWARA,06-Aug-26,GRAM PANCHYAT SATHUR,Payment In-Progress,186470
993,Rajasthan,Construction of community centers and community halls,WS/MP18162/2025-2026/232294,BUNDI(DISTRICT COLLECTOR BUNDI_IDA),DAMODAR AGARWAL,BHILWARA,06-Aug-26,GRAM PANCHYAT SATHUR,Payment In-Progress,30030
994,Rajasthan,Construction of community centers and community halls,WS/MP18162/2025-2026/232294,BUNDI(DISTRICT COLLECTOR BUNDI_IDA),DAMODAR AGARWAL,BHILWARA,06-Aug-26,GRAM PANCHYAT SATHUR,Payment In-Progress,22620
995,Rajasthan,Construction of community centers and community halls,WS/MP18162/2025-2026/232294,BUNDI(DISTRICT COLLECTOR BUNDI_IDA),DAMODAR AGARWAL,BHILWARA,06-Aug-26,GRAM PANCHYAT SATHUR,Payment In-Progress,42150
996,Punjab,Installing community drinking water plants,WS/MP18153/2025-2026/212818,FAZILKA(DEPUTY COMMISSIONER FAZILKA_IDA),SHER SINGH GHUBAYA,FIROZPUR,26-Aug-26,Unitone Home Appliances,Payment In-Progress,232462
997,Punjab,Installing community drinking water plants,WS/MP18153/2025-2026/212806,FAZILKA(DEPUTY COMMISSIONER FAZILKA_IDA),SHER SINGH GHUBAYA,FIROZPUR,26-Aug-26,Unitone Home Appliances,Payment In-Progress,233049
998,Punjab,Crematoriums/energy efficient crematoriums or structures on burial/cremation ground,WS/MP716/2025-2026/210353,BATHINDA(DEPUTY COMMISSIONER BHATINDA_IDA),Smt Harsimrat Kaur Badal,BHATINDA,19-Aug-26,Shiv Shakti iron and Cement store,Payment In-Progress,90763
999,Punjab,Crematoriums/energy efficient crematoriums or structures on burial/cremation ground,WS/MP716/2025-2026/210353,BATHINDA(DEPUTY COMMISSIONER BHATINDA_IDA),Smt Harsimrat Kaur Badal,BHATINDA,19-Aug-26,Shiv Shakti iron and Cement store,Payment In-Progress,19935
1000,West Bengal,Providing drains and gutters for public drainage,WS/MP18248/2024-2025/153846,PURBA BARDHAMAN(DISTRICT MAGISTRATE PURBA BARDHAMAN_IDA),DR. SHARMILA SARKAR,BARDHAMAN PURBA(SC),03-Aug-26,MR NUR ALAM SK,Payment In-Progress,637871
1001,Gujarat,"Construction of roads, link roads, pathways or any other road with or without drainage system",WS/MP18054/2025-2026/196215,MAHESANA(DISTRICT COLLECTOR MAHESANA_IDA),HARIBHAI PATEL,MAHESANA,03-Jul-26,FULETRA GRAM PANCHAYAT,Payment In-Progress,100000
1002,Madhya Pradesh,"Construction of roads, link roads, pathways or any other road with or without drainage system",WS/MP18357/2025-2026/191783,SHIVPURI(District Collector Shivpuri_IDA),JYOTIRADITYA M. SCINDIA,GUNA,19-Aug-26,Gram Panchayat Shergarh,Payment In-Progress,500000
1003,Uttar Pradesh,Lighting of public spaces,WS/MP18380/2024-2025/151761,BHADOHI(DISTRICT MAGISTRATE BHADOHI_IDA),VINOD KUMAR BIND,BHADOHI,10-Jul-26,Gandhi Construction And Supplier,Payment In-Progress,118971
1004,Uttar Pradesh,Lighting of public spaces,WS/MP18380/2024-2025/151931,BHADOHI(DISTRICT MAGISTRATE BHADOHI_IDA),VINOD KUMAR BIND,BHADOHI,10-Jul-26,Gandhi Construction And Supplier,Payment In-Progress,118971
1005,Uttar Pradesh,Lighting of public spaces,WS/MP18380/2024-2025/151816,BHADOHI(DISTRICT MAGISTRATE BHADOHI_IDA),VINOD KUMAR BIND,BHADOHI,10-Jul-26,Gandhi Construction And Supplier,Payment In-Progress,118971
1006,Uttar Pradesh,Lighting of public spaces,WS/MP18380/2024-2025/151776,BHADOHI(DISTRICT MAGISTRATE BHADOHI_IDA),VINOD KUMAR BIND,BHADOHI,10-Jul-26,Gandhi Construction And Supplier,Payment In-Progress,118971
1007,Rajasthan,Construction of rooms and halls in school and colleges,WS/MP18159/2025-2026/210307,ALWAR(DISTRICT COLLECTOR ALWAR_IDA),BHUPENDER YADAV,ALWAR,26-Aug-26,Divya Construction Company,Payment In-Progress,353100
1008,Punjab,Crematoriums/energy efficient crematoriums or structures on burial/cremation ground,WS/MP716/2025-2026/210353,BATHINDA(DEPUTY COMMISSIONER BHATINDA_IDA),Smt Harsimrat Kaur Badal,BHATINDA,19-Aug-26,Sajal Bricks Company,Payment In-Progress,48867
1009,Rajasthan,Construction of public libraries and reading rooms,WS/MP18162/2025-2026/210143,Shahpura(DISTRICT COLLECTOR Shahpura_IDA),DAMODAR AGARWAL,BHILWARA,27-Aug-26,SANWARIYA BUILDING AND MATERIAL SUPPLIERS,Payment In-Progress,375718
1010,Uttarakhand,"Construction of flood control embankments/ protection walls along riverbanks, hilltops, roadsides",WS/MP478/2025-2026/243429,Uttarkashi(DISTRICT COLLECTOR UTTARKASHI_IDA),Mala Rajya Laxmi Shah,TEHRI GARHWAL,12-Aug-26,MANBEER SINGH,Payment In-Progress,409218
1011,Uttarakhand,"Construction of flood control embankments/ protection walls along riverbanks, hilltops, roadsides",WS/MP478/2025-2026/243432,Uttarkashi(DISTRICT COLLECTOR UTTARKASHI_IDA),Mala Rajya Laxmi Shah,TEHRI GARHWAL,12-Aug-26,MANBEER SINGH,Payment In-Progress,328637
1012,Uttarakhand,"Construction of flood control embankments/ protection walls along riverbanks, hilltops, roadsides",WS/MP478/2025-2026/243385,Uttarkashi(DISTRICT COLLECTOR UTTARKASHI_IDA),Mala Rajya Laxmi Shah,TEHRI GARHWAL,12-Aug-26,MANBEER SINGH,Payment In-Progress,308218
1013,Uttarakhand,"Construction of flood control embankments/ protection walls along riverbanks, hilltops, roadsides",WS/MP478/2025-2026/243411,Uttarkashi(DISTRICT COLLECTOR UTTARKASHI_IDA),Mala Rajya Laxmi Shah,TEHRI GARHWAL,12-Aug-26,MANBEER SINGH,Payment In-Progress,118831
1014,Kerala,Lighting of public spaces,WS/MP353/2025-2026/210778,ERNAKULAM(DISTRICT COLLECTOR ERNAKULAM_IDA),Adv Dean Kuriakose,IDUKKI,20-Aug-26,KALLOOR ELECTRONICS AND  LIGHTING PVT LTD,Payment In-Progress,220427
1015,Assam,Creation of new ponds,WS/MP18019/2025-2026/154329,WEST KARBI ANGLONG(DISTRICT COMMISSIONER WEST KARBI ANGLONG),AMARSING TISSO,Diphu (ST),29-Aug-26,Kramsa Agency,Payment In-Progress,78881
1016,Madhya Pradesh,"Construction of roads, link roads, pathways or any other road with or without drainage system",WS/MP18357/2025-2026/193426,SHIVPURI(District Collector Shivpuri_IDA),JYOTIRADITYA M. SCINDIA,GUNA,19-Aug-26,gram panchayat gadi barod,Payment In-Progress,494899
1017,Andhra Pradesh,Construction of community centers and community halls,WS/MP526/2025-2026/238907,Y.S.R. Kadapa(DISTRICT COLLECTOR CUDDAPAH_IDA),Y S Avinash Reddy,KADAPA,18-Aug-26,CHINTHAKUNTA MANIGOPALREDDY,Payment In-Progress,497980
1018,West Bengal,Construction of community centers and community halls,WS/MP18248/2024-2025/150128,PURBA BARDHAMAN(DISTRICT MAGISTRATE PURBA BARDHAMAN_IDA),DR. SHARMILA SARKAR,BARDHAMAN PURBA(SC),23-Mar-26,HASAN SEIKH,Payment In-Progress,687844
1019,West Bengal,Construction of community centers and community halls,WS/MP18248/2024-2025/150128,PURBA BARDHAMAN(DISTRICT MAGISTRATE PURBA BARDHAMAN_IDA),DR. SHARMILA SARKAR,BARDHAMAN PURBA(SC),17-Aug-26,HASAN SEIKH,Payment In-Progress,679880
1020,West Bengal,Lighting of public spaces,WS/MP498/2025-2026/233744,Dakshin Dinajpur(DISTRICT MAGISTRATE DINAJPUR DAKSHIN_IDA),Dr Sukanta Majumdar,BALURGHAT,26-Aug-26,BOND CONSTRUCTION,Payment In-Progress,377725
1021,West Bengal,Lighting of public spaces,WS/MP498/2025-2026/231654,Dakshin Dinajpur(DISTRICT MAGISTRATE DINAJPUR DAKSHIN_IDA),Dr Sukanta Majumdar,BALURGHAT,25-Aug-26,BOND CONSTRUCTION,Payment In-Progress,377725
1022,Punjab,Installation of fixed garden gym equipment,WS/MP18311/2026-2027/280952,S.A.S Nagar(DEPUTY COMMISSIONER SAHIBZADA AJIT SINGH NAGAR MOHALI_IDA),MALVINDER SINGH KANG,ANANDPUR SAHIB,21-Aug-26,RS Industries,Payment In-Progress,325000
1023,Madhya Pradesh,Installing tube-wells and borewells,WS/MP643/2024-2025/146340,Khandwa (East Nimar)(DISTRICT COLLECTOR EAST NIMAR_IDA),Gyaneshwar Patil,KHANDWA,10-Jun-25,Kamdhenu Agency,Payment In-Progress,150000
1024,Karnataka,"Construction of roads, link roads, pathways or any other road with or without drainage system",WS/MP18089/2025-2026/247748,RAICHUR(DEPUTY COMMISSIONER RAICHUR_IDA),K. RAJASHEKAR BASAVARAJ HITNAL,KOPPAL,04-Aug-26,P HANUMANTHAPPA,Payment In-Progress,120178
1025,Telangana,Installing tube-wells and borewells,WS/MP18193/2025-2026/250167,MEDCHAL MALKAJGIRI(DISTRICT COLLECTOR MEDCHAL MALKAJGIRI_IDA),EATALA RAJENDER,MALKAJGIRI,18-Aug-26,MOHAMMED RAHEEMUDDIN,Payment In-Progress,356537
1026,Telangana,Installing tube-wells and borewells,WS/MP18193/2025-2026/250170,MEDCHAL MALKAJGIRI(DISTRICT COLLECTOR MEDCHAL MALKAJGIRI_IDA),EATALA RAJENDER,MALKAJGIRI,18-Aug-26,MOHAMMED RAHEEMUDDIN,Payment In-Progress,324206
1027,Telangana,Installing tube-wells and borewells,WS/MP18193/2025-2026/250171,MEDCHAL MALKAJGIRI(DISTRICT COLLECTOR MEDCHAL MALKAJGIRI_IDA),EATALA RAJENDER,MALKAJGIRI,18-Aug-26,MOHAMMED RAHEEMUDDIN,Payment In-Progress,307074
1028,Telangana,Installing tube-wells and borewells,WS/MP18193/2025-2026/251804,MEDCHAL MALKAJGIRI(DISTRICT COLLECTOR MEDCHAL MALKAJGIRI_IDA),EATALA RAJENDER,MALKAJGIRI,18-Aug-26,MOHAMMED RAHEEMUDDIN,Payment In-Progress,357411
1029,Telangana,Installing tube-wells and borewells,WS/MP18193/2025-2026/251805,MEDCHAL MALKAJGIRI(DISTRICT COLLECTOR MEDCHAL MALKAJGIRI_IDA),EATALA RAJENDER,MALKAJGIRI,18-Aug-26,MOHAMMED RAHEEMUDDIN,Payment In-Progress,317906
1030,Gujarat,"Construction of roads, link roads, pathways or any other road with or without drainage system",WS/MP574/2026-2027/276749,BANAS KANTHA(DISTRICT COLLECTOR BANAS KANTHA_IDA),Bharatsinhji Shankarji Dabhi,PATAN,21-Aug-26,VARASADA GRAM PANCHAYAT,Payment In-Progress,300000
1031,Uttar Pradesh,"Construction of roads, link roads, pathways or any other road with or without drainage system",WS/MP18222/2025-2026/246762,JAUNPUR(DISTRICT MAGISTRATE JAUNPUR_IDA),BABU SINGH KUSHWAHA,JAUNPUR,05-Aug-26,SHIV SHAKTI ENTERPRISES,Payment In-Progress,894786
1032,Assam,Construction of additional rooms and halls in the existing public and community building,WS/MP18029/2026-2027/282197,Biswanath(Deputy Commissioner Biswanath_IDA),RANJIT DUTTA,Sonitpur,27-Aug-26,Diganta Barthakur,Payment In-Progress,449243
1033,Punjab,Purchase of mobile water tankers,WS/MP18311/2026-2027/287209,RUPNAGAR(DEPUTY COMMISSIONER ROOPNAGAR_IDA),MALVINDER SINGH KANG,ANANDPUR SAHIB,26-Aug-26,RS Industries,Payment In-Progress,350000
1034,Andhra Pradesh,"Construction of roads, link roads, pathways or any other road with or without drainage system",WS/MP524/2025-2026/271487,Annamayya(DISTRICT COLLECTOR ANNAMAYYA_IDA),Midhun Reddy,RAJAMPET,29-Jul-26,PRESIDENT VILLAGE LEVEL COMMITTEE VATHALUR GP,Payment In-Progress,499375
1035,Madhya Pradesh,Construction of water tanks,WS/MP18102/2025-2026/182464,DHAR(DISTRICT COLLECTOR DHAR_IDA),SAVITRI THAKUR,DHAR(ST),24-Aug-26,GRAM PANCHAYAT PATHAMOTI JANPAD PANCHAYAT UMARBAN,Payment In-Progress,250000
1036,Karnataka,"Construction of flood control embankments/ protection walls along riverbanks, hilltops, roadsides",WS/MP18083/2025-2026/266993,DAKSHINA KANNADA(DEPUTY COMMISSIONER DAKSHIN KANNAD MANGALORE_IDA),CAPTAIN BRIJESH CHOWTA,DAKSHINA KANNADA,19-Aug-26,NITHESH P,Payment In-Progress,498711
1037,Karnataka,"Construction of roads, link roads, pathways or any other road with or without drainage system",WS/MP18083/2025-2026/266994,DAKSHINA KANNADA(DEPUTY COMMISSIONER DAKSHIN KANNAD MANGALORE_IDA),CAPTAIN BRIJESH CHOWTA,DAKSHINA KANNADA,19-Aug-26,NITHESH P,Payment In-Progress,499724
1038,Punjab,Purchase of mobile water tankers,WS/MP18311/2026-2027/280966,RUPNAGAR(DEPUTY COMMISSIONER ROOPNAGAR_IDA),MALVINDER SINGH KANG,ANANDPUR SAHIB,26-Aug-26,RS Industries,Payment In-Progress,350000
1039,Rajasthan,"Construction of roads, link roads, pathways or any other road with or without drainage system",WS/MP18162/2025-2026/186128,BHILWARA(DISTRICT COLLECTOR BHILWARA_IDA),DAMODAR AGARWAL,BHILWARA,08-Aug-26,MS RAJENDRA SINGH PURAWAT,Payment In-Progress,408890
1040,Assam,Construction of community centers and community halls,WS/MP18024/2025-2026/217194,CHARAIDEO(Deputy Commissioner Charaideo_IDA),GAURAV GOGOI,JORHAT,28-Aug-26,ABHIMAN HARAPAL,Payment In-Progress,49546
1041,Punjab,Purchase of mobile water tankers,WS/MP18153/2025-2026/205302,FAZILKA(DEPUTY COMMISSIONER FAZILKA_IDA),SHER SINGH GHUBAYA,FIROZPUR,26-Aug-26,G S Enterprises,Payment In-Progress,240643
1042,Uttar Pradesh,"Construction of roads, link roads, pathways or any other road with or without drainage system",WS/MP18234/2025-2026/240514,PRATAPGARH(DISTRICT MAGISTRAE PRATAPGARH_IDA),DR. S P SINGH,PRATAPGARH,30-Jul-26,JAI PRAKASH,Payment In-Progress,309929
1043,Punjab,Fitting of Sitting RCC Benches in Public Places,WS/MP18152/2026-2027/274264,MOGA(Deputy Commissioner Moga),SARABJEET SINGH KHALSA,FARIDKOT(SC),25-Aug-26,GILL TRADING COMPANY,Payment In-Progress,150000
1044,Uttar Pradesh,Improvement of electricity distribution infrastructure,WS/MP18352/2025-2026/175418,MAU(DISTRICT MAGISTRATE MAU_IDA),RAJEEV RAI,GHOSI,08-Oct-25,EXECUTIVE ENGINEER UPPCL EDD III EXP,Payment In-Progress,167287
1045,Odisha,Construction of public libraries and reading rooms,WS/MP300/2025-2026/179300,KHORDHA(DISTRICT COLLECTOR KHORDHA_IDA),Smt Aparajita Sarangi,BHUBANESWAR,29-Aug-26,Subhasmita Sahoo,Payment In-Progress,356516
1046,Uttar Pradesh,"Construction of roads, link roads, pathways or any other road with or without drainage system",WS/MP18234/2025-2026/240490,PRATAPGARH(DISTRICT MAGISTRAE PRATAPGARH_IDA),DR. S P SINGH,PRATAPGARH,30-Jul-26,JAI PRAKASH,Payment In-Progress,300000
1047,Punjab,Installing community drinking water plants,WS/MP18153/2025-2026/229115,FAZILKA(DEPUTY COMMISSIONER FAZILKA_IDA),SHER SINGH GHUBAYA,FIROZPUR,26-Aug-26,G S Enterprises,Payment In-Progress,232650
1048,Uttar Pradesh,"Construction of roads, link roads, pathways or any other road with or without drainage system",WS/MP18234/2026-2027/263987,PRATAPGARH(DISTRICT MAGISTRAE PRATAPGARH_IDA),DR. S P SINGH,PRATAPGARH,30-Jul-26,JAI PRAKASH,Payment In-Progress,457799
1049,Uttar Pradesh,"Construction of roads, link roads, pathways or any other road with or without drainage system",WS/MP18234/2026-2027/263169,PRATAPGARH(DISTRICT MAGISTRAE PRATAPGARH_IDA),DR. S P SINGH,PRATAPGARH,30-Jul-26,JAI PRAKASH,Payment In-Progress,457768
1050,Uttar Pradesh,"Construction of roads, link roads, pathways or any other road with or without drainage system",WS/MP18234/2026-2027/261871,PRATAPGARH(DISTRICT MAGISTRAE PRATAPGARH_IDA),DR. S P SINGH,PRATAPGARH,30-Jul-26,JAI PRAKASH,Payment In-Progress,457000
1051,West Bengal,Installing community drinking water plants,WS/MP498/2025-2026/188865,Dakshin Dinajpur(DISTRICT MAGISTRATE DINAJPUR DAKSHIN_IDA),Dr Sukanta Majumdar,BALURGHAT,25-Aug-26,BOND CONSTRUCTION,Payment In-Progress,549447
1052,Uttar Pradesh,"Construction of roads, link roads, pathways or any other road with or without drainage system",WS/MP18234/2026-2027/261881,PRATAPGARH(DISTRICT MAGISTRAE PRATAPGARH_IDA),DR. S P SINGH,PRATAPGARH,30-Jul-26,JAI PRAKASH,Payment In-Progress,457000
1053,Uttar Pradesh,"Construction of roads, link roads, pathways or any other road with or without drainage system",WS/MP18234/2025-2026/240475,PRATAPGARH(DISTRICT MAGISTRAE PRATAPGARH_IDA),DR. S P SINGH,PRATAPGARH,30-Jul-26,JAI PRAKASH,Payment In-Progress,299867
1054,Uttar Pradesh,"Construction of roads, link roads, pathways or any other road with or without drainage system",WS/MP18234/2025-2026/240495,PRATAPGARH(DISTRICT MAGISTRAE PRATAPGARH_IDA),DR. S P SINGH,PRATAPGARH,01-Aug-26,JAI PRAKASH,Payment In-Progress,304777
1055,Uttar Pradesh,"Construction of roads, link roads, pathways or any other road with or without drainage system",WS/MP18234/2025-2026/240496,PRATAPGARH(DISTRICT MAGISTRAE PRATAPGARH_IDA),DR. S P SINGH,PRATAPGARH,01-Aug-26,JAI PRAKASH,Payment In-Progress,300000
1056,Uttar Pradesh,"Construction of roads, link roads, pathways or any other road with or without drainage system",WS/MP18209/2025-2026/145458,MUZAFFARNAGAR(DISTRICT MAGISTRATE MUZAFFARNAGAR_IDA),CHANDAN CHAUHAN,BIJNOR,18-Jul-26,SATYAVER SIGH CONTRACTOR AND SUPPLIER,Payment In-Progress,96287
1057,Punjab,Construction of community centers and community halls,WS/MP18311/2024-2025/143656,RUPNAGAR(DEPUTY COMMISSIONER ROOPNAGAR_IDA),MALVINDER SINGH KANG,ANANDPUR SAHIB,26-Aug-26,Fateh Traders,Payment In-Progress,62390
1058,Assam,Construction of rooms and halls in school and colleges,WS/MP18029/2026-2027/281107,"SONITPUR(Deputy Commissioner Sonitpur, Tezpur)",RANJIT DUTTA,Sonitpur,28-Aug-26,GIRISH CHANDRA JOM,Payment In-Progress,140499
1059,Uttar Pradesh,"Construction of roads, link roads, pathways or any other road with or without drainage system",WS/MP18234/2025-2026/240499,PRATAPGARH(DISTRICT MAGISTRAE PRATAPGARH_IDA),DR. S P SINGH,PRATAPGARH,30-Jul-26,JAI PRAKASH,Payment In-Progress,305000
1060,Uttar Pradesh,"Construction of roads, link roads, pathways or any other road with or without drainage system",WS/MP18209/2025-2026/191652,MUZAFFARNAGAR(DISTRICT MAGISTRATE MUZAFFARNAGAR_IDA),CHANDAN CHAUHAN,BIJNOR,20-Jul-26,SATYAVER SIGH CONTRACTOR AND SUPPLIER,Payment In-Progress,397204
1061,Uttar Pradesh,Purchase of books for public libraries/ digitization of library books,WS/MP18209/2026-2027/191690,MUZAFFARNAGAR(DISTRICT MAGISTRATE MUZAFFARNAGAR_IDA),CHANDAN CHAUHAN,BIJNOR,07-Aug-26,SATYAVER SIGH CONTRACTOR AND SUPPLIER,Payment In-Progress,851987
1062,Uttar Pradesh,"Construction of roads, link roads, pathways or any other road with or without drainage system",WS/MP18209/2026-2027/272778,MUZAFFARNAGAR(DISTRICT MAGISTRATE MUZAFFARNAGAR_IDA),CHANDAN CHAUHAN,BIJNOR,25-Aug-26,SATYAVER SIGH CONTRACTOR AND SUPPLIER,Payment In-Progress,556512
1063,Uttar Pradesh,"Construction of roads, link roads, pathways or any other road with or without drainage system",WS/MP18209/2026-2027/279380,MUZAFFARNAGAR(DISTRICT MAGISTRATE MUZAFFARNAGAR_IDA),CHANDAN CHAUHAN,BIJNOR,25-Aug-26,SATYAVER SIGH CONTRACTOR AND SUPPLIER,Payment In-Progress,505870
1064,Uttar Pradesh,"Construction of roads, link roads, pathways or any other road with or without drainage system",WS/MP18209/2026-2027/279381,MUZAFFARNAGAR(DISTRICT MAGISTRATE MUZAFFARNAGAR_IDA),CHANDAN CHAUHAN,BIJNOR,25-Aug-26,SATYAVER SIGH CONTRACTOR AND SUPPLIER,Payment In-Progress,428280
1065,Uttar Pradesh,"Construction of roads, link roads, pathways or any other road with or without drainage system",WS/MP18209/2025-2026/227594,MUZAFFARNAGAR(DISTRICT MAGISTRATE MUZAFFARNAGAR_IDA),CHANDAN CHAUHAN,BIJNOR,27-Jul-26,SATYAVER SIGH CONTRACTOR AND SUPPLIER,Payment In-Progress,364828
1066,Uttar Pradesh,"Construction of roads, link roads, pathways or any other road with or without drainage system",WS/MP18209/2025-2026/231542,MUZAFFARNAGAR(DISTRICT MAGISTRATE MUZAFFARNAGAR_IDA),CHANDAN CHAUHAN,BIJNOR,27-Jul-26,SATYAVER SIGH CONTRACTOR AND SUPPLIER,Payment In-Progress,398520
1067,Uttar Pradesh,"Construction of roads, link roads, pathways or any other road with or without drainage system",WS/MP18209/2025-2026/229438,MUZAFFARNAGAR(DISTRICT MAGISTRATE MUZAFFARNAGAR_IDA),CHANDAN CHAUHAN,BIJNOR,27-Jul-26,SATYAVER SIGH CONTRACTOR AND SUPPLIER,Payment In-Progress,52057
1068,Uttar Pradesh,"Construction of roads, link roads, pathways or any other road with or without drainage system",WS/MP18209/2025-2026/229436,MUZAFFARNAGAR(DISTRICT MAGISTRATE MUZAFFARNAGAR_IDA),CHANDAN CHAUHAN,BIJNOR,27-Jul-26,SATYAVER SIGH CONTRACTOR AND SUPPLIER,Payment In-Progress,350853
1069,Madhya Pradesh,Street lights,WS/MP654/2025-2026/172106,UMARIA(District Collector Umariya_IDA),Smt Himadri Singh,SHAHDOL (ST),29-Aug-26,MS SANJAY KUMAR TIWARI,Payment In-Progress,122124
1070,Madhya Pradesh,Street lights,WS/MP654/2025-2026/172107,UMARIA(District Collector Umariya_IDA),Smt Himadri Singh,SHAHDOL (ST),29-Aug-26,MS SANJAY KUMAR TIWARI,Payment In-Progress,122124
1071,Madhya Pradesh,Street lights,WS/MP654/2025-2026/172108,UMARIA(District Collector Umariya_IDA),Smt Himadri Singh,SHAHDOL (ST),29-Aug-26,MS SANJAY KUMAR TIWARI,Payment In-Progress,122124
1072,Madhya Pradesh,Street lights,WS/MP654/2025-2026/172109,UMARIA(District Collector Umariya_IDA),Smt Himadri Singh,SHAHDOL (ST),29-Aug-26,MS SANJAY KUMAR TIWARI,Payment In-Progress,122124
1073,Madhya Pradesh,Street lights,WS/MP654/2025-2026/172110,UMARIA(District Collector Umariya_IDA),Smt Himadri Singh,SHAHDOL (ST),29-Aug-26,MS SANJAY KUMAR TIWARI,Payment In-Progress,122124
1074,Madhya Pradesh,Street lights,WS/MP654/2025-2026/172111,UMARIA(District Collector Umariya_IDA),Smt Himadri Singh,SHAHDOL (ST),29-Aug-26,MS SANJAY KUMAR TIWARI,Payment In-Progress,122124
1075,Madhya Pradesh,Street lights,WS/MP654/2025-2026/172112,UMARIA(District Collector Umariya_IDA),Smt Himadri Singh,SHAHDOL (ST),29-Aug-26,MS SANJAY KUMAR TIWARI,Payment In-Progress,122123
1076,Madhya Pradesh,Street lights,WS/MP654/2025-2026/172113,UMARIA(District Collector Umariya_IDA),Smt Himadri Singh,SHAHDOL (ST),29-Aug-26,MS SANJAY KUMAR TIWARI,Payment In-Progress,122510
1077,Madhya Pradesh,Street lights,WS/MP654/2025-2026/172114,UMARIA(District Collector Umariya_IDA),Smt Himadri Singh,SHAHDOL (ST),29-Aug-26,MS SANJAY KUMAR TIWARI,Payment In-Progress,122510
1078,Madhya Pradesh,Street lights,WS/MP654/2025-2026/172115,UMARIA(District Collector Umariya_IDA),Smt Himadri Singh,SHAHDOL (ST),29-Aug-26,MS SANJAY KUMAR TIWARI,Payment In-Progress,122510
1079,Madhya Pradesh,Street lights,WS/MP654/2025-2026/172116,UMARIA(District Collector Umariya_IDA),Smt Himadri Singh,SHAHDOL (ST),29-Aug-26,MS SANJAY KUMAR TIWARI,Payment In-Progress,122510
1080,Madhya Pradesh,Street lights,WS/MP654/2025-2026/172117,UMARIA(District Collector Umariya_IDA),Smt Himadri Singh,SHAHDOL (ST),29-Aug-26,MS SANJAY KUMAR TIWARI,Payment In-Progress,122510
1081,Madhya Pradesh,Street lights,WS/MP654/2025-2026/172118,UMARIA(District Collector Umariya_IDA),Smt Himadri Singh,SHAHDOL (ST),29-Aug-26,MS SANJAY KUMAR TIWARI,Payment In-Progress,122510
1082,Madhya Pradesh,Street lights,WS/MP654/2025-2026/172119,UMARIA(District Collector Umariya_IDA),Smt Himadri Singh,SHAHDOL (ST),29-Aug-26,MS SANJAY KUMAR TIWARI,Payment In-Progress,122018
1083,Madhya Pradesh,Street lights,WS/MP654/2025-2026/172120,UMARIA(District Collector Umariya_IDA),Smt Himadri Singh,SHAHDOL (ST),29-Aug-26,MS SANJAY KUMAR TIWARI,Payment In-Progress,122018
1084,Madhya Pradesh,Street lights,WS/MP654/2025-2026/172124,UMARIA(District Collector Umariya_IDA),Smt Himadri Singh,SHAHDOL (ST),29-Aug-26,MS SANJAY KUMAR TIWARI,Payment In-Progress,122018
1085,Karnataka,Installing tube-wells and borewells,WS/MP18076/2025-2026/178158,Bengaluru South(DEPUTY COMMISSIONER RAMANAGARA_IDA),DR C N MANJUNATH,BANGALORE RURAL,05-Nov-25,SRI JALADHARE BOREWELLS,Payment In-Progress,149597
1086,Assam,Construction of community centers and community halls,WS/MP18029/2025-2026/162389,"SONITPUR(Deputy Commissioner Sonitpur, Tezpur)",RANJIT DUTTA,Sonitpur,28-Aug-26,BINIT HAZARIKA,Payment In-Progress,64350
1087,Uttar Pradesh,Setting up public non-conventional energy plants,WS/MP18200/2025-2026/255537,RAE BARELI(DISTRICT MAGISTRATE RAE BARELI_IDA),KISHORI LAL,AMETHI,07-Aug-26,AADI AND RUDRANSH CONSTRUCTION COMPANY,Payment In-Progress,783355
1088,Uttar Pradesh,Setting up public non-conventional energy plants,WS/MP18346/2026-2027/276401,RAE BARELI(DISTRICT MAGISTRATE RAE BARELI_IDA),RAHUL GANDHI,RAE BARELI,07-Aug-26,AADI AND RUDRANSH CONSTRUCTION COMPANY,Payment In-Progress,1795625
1089,Uttar Pradesh,Setting up public non-conventional energy plants,WS/MP18346/2026-2027/276402,RAE BARELI(DISTRICT MAGISTRATE RAE BARELI_IDA),RAHUL GANDHI,RAE BARELI,07-Aug-26,AADI AND RUDRANSH CONSTRUCTION COMPANY,Payment In-Progress,802300
1090,Chhattisgarh,Construction of common work sheds/ common covered sitting area,WS/MP18049/2025-2026/181684,MUNGELI(Collector Mungeli_IDA),TOKHAN SAHU,BILASPUR,27-Aug-26,gram panchayat lilapur,Payment In-Progress,299467
1091,Uttar Pradesh,Setting up public non-conventional energy plants,WS/MP18200/2025-2026/189481,SULTANPUR(DISTRICT MAGISTRATE SULTANPUR_IDA),KISHORI LAL,AMETHI,21-May-26,AADI AND RUDRANSH CONSTRUCTION COMPANY,Payment In-Progress,322353
1092,Jharkhand,Installing tube-wells and borewells,WS/MP437/2026-2027/282020,GARHWA(Deputy Commissioner garhwa_IDA),Vishnu Dayal Ram,PALAMU(SC),07-Jul-26,JE NREP MP GARHWA,Payment In-Progress,270000
1093,Madhya Pradesh,Street lights,WS/MP654/2025-2026/172121,UMARIA(District Collector Umariya_IDA),Smt Himadri Singh,SHAHDOL (ST),29-Aug-26,MS SANJAY KUMAR TIWARI,Payment In-Progress,122018
1094,Madhya Pradesh,Street lights,WS/MP654/2025-2026/172122,UMARIA(District Collector Umariya_IDA),Smt Himadri Singh,SHAHDOL (ST),29-Aug-26,MS SANJAY KUMAR TIWARI,Payment In-Progress,122018
1095,Maharashtra,Construction of community centers and community halls,WS/MP18112/2025-2026/258223,AMRAVATI(DISTRICT COLLECTOR AMRAVATI_IDA),BALWANT BASWANT WANKHADE,AMRAVATI(SC),24-Aug-26,JWALAMUKHI  JAGDAMBA MAJUR KAMGAR SAHAKARI SANSTHA,Payment In-Progress,970281
1096,Uttar Pradesh,"Construction of roads, link roads, pathways or any other road with or without drainage system",WS/MP18219/2025-2026/142650,MAHOBA(DISTRICT MAGISTRAE MAHOBA_IDA),AJENDRA SINGH LODHI,HAMIRPUR_UP,12-Mar-26,Lakshya Contruction,Payment In-Progress,92367
1097,Uttar Pradesh,Construction of common work sheds/ common covered sitting area,WS/MP18219/2025-2026/143773,MAHOBA(DISTRICT MAGISTRAE MAHOBA_IDA),AJENDRA SINGH LODHI,HAMIRPUR_UP,21-Apr-26,Lakshya Contruction,Payment In-Progress,416318
1098,Uttar Pradesh,Construction of common work sheds/ common covered sitting area,WS/MP18219/2025-2026/143774,MAHOBA(DISTRICT MAGISTRAE MAHOBA_IDA),AJENDRA SINGH LODHI,HAMIRPUR_UP,17-Jul-26,Lakshya Contruction,Payment In-Progress,416318
1099,Uttar Pradesh,Construction of common work sheds/ common covered sitting area,WS/MP18219/2025-2026/143775,MAHOBA(DISTRICT MAGISTRAE MAHOBA_IDA),AJENDRA SINGH LODHI,HAMIRPUR_UP,17-Jul-26,Lakshya Contruction,Payment In-Progress,416318
1100,Uttar Pradesh,Construction of common work sheds/ common covered sitting area,WS/MP18219/2025-2026/143776,MAHOBA(DISTRICT MAGISTRAE MAHOBA_IDA),AJENDRA SINGH LODHI,HAMIRPUR_UP,12-Mar-26,Lakshya Contruction,Payment In-Progress,297530
1101,Uttar Pradesh,Construction of common work sheds/ common covered sitting area,WS/MP18219/2025-2026/143331,MAHOBA(DISTRICT MAGISTRAE MAHOBA_IDA),AJENDRA SINGH LODHI,HAMIRPUR_UP,21-Apr-26,Lakshya Contruction,Payment In-Progress,416318
1102,Uttar Pradesh,Construction of common work sheds/ common covered sitting area,WS/MP18219/2025-2026/143332,MAHOBA(DISTRICT MAGISTRAE MAHOBA_IDA),AJENDRA SINGH LODHI,HAMIRPUR_UP,21-Apr-26,Lakshya Contruction,Payment In-Progress,416318
1103,Uttar Pradesh,Construction of common work sheds/ common covered sitting area,WS/MP18219/2025-2026/143333,MAHOBA(DISTRICT MAGISTRAE MAHOBA_IDA),AJENDRA SINGH LODHI,HAMIRPUR_UP,21-Apr-26,Lakshya Contruction,Payment In-Progress,416318
1104,Uttar Pradesh,Construction of common work sheds/ common covered sitting area,WS/MP18219/2025-2026/143334,MAHOBA(DISTRICT MAGISTRAE MAHOBA_IDA),AJENDRA SINGH LODHI,HAMIRPUR_UP,17-Jul-26,Lakshya Contruction,Payment In-Progress,416318
1105,Uttar Pradesh,Construction of common work sheds/ common covered sitting area,WS/MP18219/2025-2026/143335,MAHOBA(DISTRICT MAGISTRAE MAHOBA_IDA),AJENDRA SINGH LODHI,HAMIRPUR_UP,21-Apr-26,Lakshya Contruction,Payment In-Progress,416318
1106,Madhya Pradesh,Street lights,WS/MP654/2025-2026/172123,UMARIA(District Collector Umariya_IDA),Smt Himadri Singh,SHAHDOL (ST),29-Aug-26,MS SANJAY KUMAR TIWARI,Payment In-Progress,122018
1107,Uttar Pradesh,Construction of common work sheds/ common covered sitting area,WS/MP18219/2025-2026/143336,MAHOBA(DISTRICT MAGISTRAE MAHOBA_IDA),AJENDRA SINGH LODHI,HAMIRPUR_UP,12-Mar-26,Lakshya Contruction,Payment In-Progress,297530
1108,Uttar Pradesh,Construction of common work sheds/ common covered sitting area,WS/MP18219/2025-2026/143337,MAHOBA(DISTRICT MAGISTRAE MAHOBA_IDA),AJENDRA SINGH LODHI,HAMIRPUR_UP,12-Mar-26,Lakshya Contruction,Payment In-Progress,297530
1109,Uttar Pradesh,Construction of common work sheds/ common covered sitting area,WS/MP18219/2025-2026/143338,MAHOBA(DISTRICT MAGISTRAE MAHOBA_IDA),AJENDRA SINGH LODHI,HAMIRPUR_UP,12-Mar-26,Lakshya Contruction,Payment In-Progress,297530
1110,Uttar Pradesh,Construction of common work sheds/ common covered sitting area,WS/MP18219/2025-2026/143341,MAHOBA(DISTRICT MAGISTRAE MAHOBA_IDA),AJENDRA SINGH LODHI,HAMIRPUR_UP,12-Mar-26,Lakshya Contruction,Payment In-Progress,297530
1111,Uttar Pradesh,Construction of common work sheds/ common covered sitting area,WS/MP18219/2025-2026/143342,MAHOBA(DISTRICT MAGISTRAE MAHOBA_IDA),AJENDRA SINGH LODHI,HAMIRPUR_UP,17-Jul-26,Lakshya Contruction,Payment In-Progress,416318
1112,Uttar Pradesh,Lighting of public spaces,WS/MP18206/2026-2027/268891,CHITRAKOOT(DISTRICT MAGISTRATE CHITRAKOOT_IDA),KRISHNA DEVI SHIVSHANKER PATEL,BANDA,27-Aug-26,Lakshya Contruction,Payment In-Progress,86957
1113,Uttar Pradesh,Lighting of public spaces,WS/MP18206/2026-2027/268892,CHITRAKOOT(DISTRICT MAGISTRATE CHITRAKOOT_IDA),KRISHNA DEVI SHIVSHANKER PATEL,BANDA,27-Aug-26,Lakshya Contruction,Payment In-Progress,86957
1114,Uttar Pradesh,Lighting of public spaces,WS/MP18206/2026-2027/268893,CHITRAKOOT(DISTRICT MAGISTRATE CHITRAKOOT_IDA),KRISHNA DEVI SHIVSHANKER PATEL,BANDA,27-Aug-26,Lakshya Contruction,Payment In-Progress,86957
1115,Uttar Pradesh,Lighting of public spaces,WS/MP18206/2026-2027/268894,CHITRAKOOT(DISTRICT MAGISTRATE CHITRAKOOT_IDA),KRISHNA DEVI SHIVSHANKER PATEL,BANDA,27-Aug-26,Lakshya Contruction,Payment In-Progress,86957
1116,Uttar Pradesh,Lighting of public spaces,WS/MP18206/2026-2027/268895,CHITRAKOOT(DISTRICT MAGISTRATE CHITRAKOOT_IDA),KRISHNA DEVI SHIVSHANKER PATEL,BANDA,27-Aug-26,Lakshya Contruction,Payment In-Progress,86957
1117,Uttar Pradesh,Lighting of public spaces,WS/MP18206/2026-2027/268896,CHITRAKOOT(DISTRICT MAGISTRATE CHITRAKOOT_IDA),KRISHNA DEVI SHIVSHANKER PATEL,BANDA,27-Aug-26,Lakshya Contruction,Payment In-Progress,86957
1118,Uttar Pradesh,Lighting of public spaces,WS/MP18206/2026-2027/268897,CHITRAKOOT(DISTRICT MAGISTRATE CHITRAKOOT_IDA),KRISHNA DEVI SHIVSHANKER PATEL,BANDA,27-Aug-26,Lakshya Contruction,Payment In-Progress,86957
1119,Uttar Pradesh,Lighting of public spaces,WS/MP18206/2026-2027/268898,CHITRAKOOT(DISTRICT MAGISTRATE CHITRAKOOT_IDA),KRISHNA DEVI SHIVSHANKER PATEL,BANDA,27-Aug-26,Lakshya Contruction,Payment In-Progress,86957
1120,Uttar Pradesh,Lighting of public spaces,WS/MP18206/2026-2027/268903,CHITRAKOOT(DISTRICT MAGISTRATE CHITRAKOOT_IDA),KRISHNA DEVI SHIVSHANKER PATEL,BANDA,27-Aug-26,Lakshya Contruction,Payment In-Progress,86957
1121,Jharkhand,Renovation of ponds and lakes,WS/MP18071/2025-2026/202753,CHATRA(DEPUTY COMMISSIONER CHATRA_IDA),KALI CHARAN SINGH,CHATRA,20-Aug-26,District Engineer,Payment In-Progress,100000
1122,Jharkhand,Renovation of ponds and lakes,WS/MP18071/2025-2026/202756,CHATRA(DEPUTY COMMISSIONER CHATRA_IDA),KALI CHARAN SINGH,CHATRA,05-Aug-26,District Engineer,Payment In-Progress,150000
1123,Jharkhand,Renovation of ponds and lakes,WS/MP18071/2025-2026/200968,CHATRA(DEPUTY COMMISSIONER CHATRA_IDA),KALI CHARAN SINGH,CHATRA,15-Jul-26,District Engineer,Payment In-Progress,100000
1124,Jharkhand,Establishing public lift irrigation projects,WS/MP18071/2025-2026/200073,CHATRA(DEPUTY COMMISSIONER CHATRA_IDA),KALI CHARAN SINGH,CHATRA,20-Aug-26,District Engineer,Payment In-Progress,150000
1125,Uttar Pradesh,Lighting of public spaces,WS/MP18206/2026-2027/268899,CHITRAKOOT(DISTRICT MAGISTRATE CHITRAKOOT_IDA),KRISHNA DEVI SHIVSHANKER PATEL,BANDA,27-Aug-26,Lakshya Contruction,Payment In-Progress,86957
1126,Uttar Pradesh,Lighting of public spaces,WS/MP18206/2026-2027/268901,CHITRAKOOT(DISTRICT MAGISTRATE CHITRAKOOT_IDA),KRISHNA DEVI SHIVSHANKER PATEL,BANDA,27-Aug-26,Lakshya Contruction,Payment In-Progress,86957
1127,Uttar Pradesh,Lighting of public spaces,WS/MP18206/2026-2027/268902,CHITRAKOOT(DISTRICT MAGISTRATE CHITRAKOOT_IDA),KRISHNA DEVI SHIVSHANKER PATEL,BANDA,27-Aug-26,Lakshya Contruction,Payment In-Progress,86957
1128,Jharkhand,Renovation of ponds and lakes,WS/MP18071/2025-2026/198888,CHATRA(DEPUTY COMMISSIONER CHATRA_IDA),KALI CHARAN SINGH,CHATRA,15-Jul-26,District Engineer,Payment In-Progress,100000
1129,Jharkhand,Renovation of ponds and lakes,WS/MP18071/2025-2026/198895,CHATRA(DEPUTY COMMISSIONER CHATRA_IDA),KALI CHARAN SINGH,CHATRA,15-Jul-26,District Engineer,Payment In-Progress,100000
1130,Jharkhand,Construction of public irrigation facilities,WS/MP18071/2026-2027/274273,CHATRA(DEPUTY COMMISSIONER CHATRA_IDA),KALI CHARAN SINGH,CHATRA,20-Aug-26,District Engineer,Payment In-Progress,250000
1131,Jharkhand,Construction of public irrigation facilities,WS/MP18071/2026-2027/277780,CHATRA(DEPUTY COMMISSIONER CHATRA_IDA),KALI CHARAN SINGH,CHATRA,20-Aug-26,District Engineer,Payment In-Progress,350000
1132,Jharkhand,Construction of public irrigation facilities,WS/MP18071/2026-2027/277679,CHATRA(DEPUTY COMMISSIONER CHATRA_IDA),KALI CHARAN SINGH,CHATRA,15-Jul-26,District Engineer,Payment In-Progress,299938
1133,Jharkhand,Construction of public irrigation facilities,WS/MP18071/2026-2027/277681,CHATRA(DEPUTY COMMISSIONER CHATRA_IDA),KALI CHARAN SINGH,CHATRA,15-Jul-26,District Engineer,Payment In-Progress,299938
1134,Jharkhand,Construction of public irrigation facilities,WS/MP18071/2026-2027/277683,CHATRA(DEPUTY COMMISSIONER CHATRA_IDA),KALI CHARAN SINGH,CHATRA,15-Jul-26,District Engineer,Payment In-Progress,299938
1135,Jharkhand,Construction of public irrigation facilities,WS/MP18071/2026-2027/277684,CHATRA(DEPUTY COMMISSIONER CHATRA_IDA),KALI CHARAN SINGH,CHATRA,15-Jul-26,District Engineer,Payment In-Progress,299937
1136,Jharkhand,Construction of public irrigation facilities,WS/MP18071/2025-2026/249632,CHATRA(DEPUTY COMMISSIONER CHATRA_IDA),KALI CHARAN SINGH,CHATRA,15-Jul-26,District Engineer,Payment In-Progress,300000
1137,Jharkhand,Construction of public irrigation facilities,WS/MP18071/2025-2026/249651,CHATRA(DEPUTY COMMISSIONER CHATRA_IDA),KALI CHARAN SINGH,CHATRA,15-Jul-26,District Engineer,Payment In-Progress,250000
1138,Jharkhand,Construction of public irrigation facilities,WS/MP18071/2025-2026/251558,CHATRA(DEPUTY COMMISSIONER CHATRA_IDA),KALI CHARAN SINGH,CHATRA,15-Jul-26,District Engineer,Payment In-Progress,200000
1139,Jharkhand,Construction of public irrigation facilities,WS/MP18071/2025-2026/251566,CHATRA(DEPUTY COMMISSIONER CHATRA_IDA),KALI CHARAN SINGH,CHATRA,15-Jul-26,District Engineer,Payment In-Progress,250000
1140,Jharkhand,Construction of public irrigation facilities,WS/MP18071/2025-2026/251567,CHATRA(DEPUTY COMMISSIONER CHATRA_IDA),KALI CHARAN SINGH,CHATRA,15-Jul-26,District Engineer,Payment In-Progress,300000
1141,Jharkhand,Construction of public irrigation facilities,WS/MP18071/2025-2026/251572,CHATRA(DEPUTY COMMISSIONER CHATRA_IDA),KALI CHARAN SINGH,CHATRA,15-Jul-26,District Engineer,Payment In-Progress,200000
1142,Jharkhand,Construction of public irrigation facilities,WS/MP18071/2025-2026/251573,CHATRA(DEPUTY COMMISSIONER CHATRA_IDA),KALI CHARAN SINGH,CHATRA,05-Aug-26,District Engineer,Payment In-Progress,200000
1143,Jharkhand,Construction of public irrigation facilities,WS/MP18071/2025-2026/251574,CHATRA(DEPUTY COMMISSIONER CHATRA_IDA),KALI CHARAN SINGH,CHATRA,15-Jul-26,District Engineer,Payment In-Progress,200000
1144,Jharkhand,Construction of public irrigation facilities,WS/MP18071/2026-2027/267102,CHATRA(DEPUTY COMMISSIONER CHATRA_IDA),KALI CHARAN SINGH,CHATRA,20-Aug-26,District Engineer,Payment In-Progress,299938
1145,Jharkhand,Construction of public irrigation facilities,WS/MP18071/2026-2027/271958,CHATRA(DEPUTY COMMISSIONER CHATRA_IDA),KALI CHARAN SINGH,CHATRA,20-Aug-26,District Engineer,Payment In-Progress,150000
1146,Jharkhand,Construction of public irrigation facilities,WS/MP18071/2026-2027/271964,CHATRA(DEPUTY COMMISSIONER CHATRA_IDA),KALI CHARAN SINGH,CHATRA,20-Aug-26,District Engineer,Payment In-Progress,150000
1147,Jharkhand,Construction of public irrigation facilities,WS/MP18071/2025-2026/258544,CHATRA(DEPUTY COMMISSIONER CHATRA_IDA),KALI CHARAN SINGH,CHATRA,15-Jul-26,District Engineer,Payment In-Progress,350000
1148,Jharkhand,Construction of public irrigation facilities,WS/MP18071/2025-2026/258548,CHATRA(DEPUTY COMMISSIONER CHATRA_IDA),KALI CHARAN SINGH,CHATRA,15-Jul-26,District Engineer,Payment In-Progress,250000
1149,Andhra Pradesh,Construction of public toilets and bathrooms,WS/MP524/2025-2026/259644,Annamayya(DISTRICT COLLECTOR ANNAMAYYA_IDA),Midhun Reddy,RAJAMPET,25-Aug-26,SADUM NAGARAJA,Payment In-Progress,199846
1150,Rajasthan,Construction of additional rooms and halls in the existing public and community building,WS/MP384/2024-2025/145480,BIKANER(DISTRICT COLLECTOR BIKANER_IDA),Shri Arjun Ram Meghwal,BIKANER(SC),25-Aug-26,NARBADA CONSTRUCTION COMPANY,Payment In-Progress,999841
1151,Chhattisgarh,Construction of culverts and bridges,WS/MP18354/2024-2025/158240,SURGUJA(Collector Surguja_IDA),CHINTAMANI MAHARAJ,SARGUJA(ST),14-Aug-26,Gram panchayat khalpodi,Payment In-Progress,249749
1152,Meghalaya,Installing community drinking water plants,WS/MP18137/2025-2026/157803,"EAST KHASI HILLS(Deputy Commissioner, East Khasi Hills District)",ANDREW J. SYNGKON,SHILLONG,26-Aug-26,Jiedkupar Kharmaw,Payment In-Progress,150000
1153,West Bengal,Construction of water tanks,WS/MP18246/2026-2027/248053,MURSHIDABAD(DISTRICT MAGISTRATE MURSHIDABAD_IDA),PATHAN YUSUF,BAHARAMPUR,23-Aug-26,SG ENTERPRISE,Payment In-Progress,2199000
1154,Uttar Pradesh,"Construction of roads, link roads, pathways or any other road with or without drainage system",WS/MP18229/2026-2027/254843,MEERUT(DISTRICT MAGISTRATE MEERUT_IDA),ARUN GOVIL,MEERUT,11-Aug-26,Shivani,Payment In-Progress,667636
1155,Assam,Construction of community centers and community halls,WS/MP18024/2025-2026/229698,"MAJULI(District Commissioner, Majuli)",GAURAV GOGOI,JORHAT,30-Dec-25,MRITYUNJOY KHANIKAR,Payment In-Progress,146750
1156,Karnataka,Lighting of public spaces,WS/MP18079/2025-2026/210159,BIDAR(DEPUTY COMMISSIONER BIDAR_IDA),SAGAR ESHWAR KHANDRE,BIDAR,20-Aug-26,SUGREEV,Payment In-Progress,187500
1157,Uttar Pradesh,"Construction of roads, link roads, pathways or any other road with or without drainage system",WS/MP777/2025-2026/225346,GAUTAM BUDDHA NAGAR(DISTRICT MAGISTRATE GAUTAMBUDHNAGAR),Mahesh Sharma,GAUTAM BUDDHA NAGAR,24-Aug-26,MS JMS INFRA PRO JASH KAUSHIK,Payment In-Progress,852459
1158,Punjab,Purchase of mobile water tankers,WS/MP18153/2025-2026/212832,FAZILKA(DEPUTY COMMISSIONER FAZILKA_IDA),SHER SINGH GHUBAYA,FIROZPUR,26-Aug-26,H S AGRO,Payment In-Progress,240886
1159,Gujarat,"Construction of roads, link roads, pathways or any other road with or without drainage system",WS/MP575/2025-2026/162946,NAVSARI(DISTRICT COLLECTOR NAVSARI_IDA),C R Patil,NAVSARI,09-Jul-26,SAHYOG MAJUR ANE KAMGARO NI SAHKARI MANDALI LIMITE,Payment In-Progress,300000
1160,Gujarat,"Construction of roads, link roads, pathways or any other road with or without drainage system",WS/MP575/2025-2026/163007,NAVSARI(DISTRICT COLLECTOR NAVSARI_IDA),C R Patil,NAVSARI,09-Jul-26,SAHYOG MAJUR ANE KAMGARO NI SAHKARI MANDALI LIMITE,Payment In-Progress,450000
1161,Maharashtra,"Construction of roads, link roads, pathways or any other road with or without drainage system",WS/MP18307/2025-2026/146575,MUMBAI SUBURBAN(DISTRICT COLLECTOR MUMBAI SUBURBAN_IDA),Piyush Vedprakash Goyal,MUMBAI NORTH,19-Aug-26,RENUKA CO OP LABOUR SOCIETY LIMITED,Payment In-Progress,1998482
1162,Chhattisgarh,Construction of community centers and community halls,WS/MP18049/2025-2026/234747,MUNGELI(Collector Mungeli_IDA),TOKHAN SAHU,BILASPUR,19-May-26,GRAM PANCHAYAT TORLA,Payment In-Progress,400000
1163,Punjab,Purchase of mobile water tankers,WS/MP18153/2025-2026/212830,FAZILKA(DEPUTY COMMISSIONER FAZILKA_IDA),SHER SINGH GHUBAYA,FIROZPUR,26-Aug-26,H S AGRO,Payment In-Progress,240619
1164,Bihar,Lighting of public spaces,WS/MP18045/2026-2027/283370,SIWAN(DISTRICT PLANNING OFFICER SIWAN_IDA),VIJAYLAKSHMI DEVI,SIWAN,20-Aug-26,Alam Brothers,Payment In-Progress,962500
1165,Bihar,Lighting of public spaces,WS/MP18045/2026-2027/283371,SIWAN(DISTRICT PLANNING OFFICER SIWAN_IDA),VIJAYLAKSHMI DEVI,SIWAN,20-Aug-26,Alam Brothers,Payment In-Progress,962500
1166,Bihar,Lighting of public spaces,WS/MP18045/2026-2027/283372,SIWAN(DISTRICT PLANNING OFFICER SIWAN_IDA),VIJAYLAKSHMI DEVI,SIWAN,20-Aug-26,Alam Brothers,Payment In-Progress,962500
1167,Bihar,Lighting of public spaces,WS/MP18045/2026-2027/283373,SIWAN(DISTRICT PLANNING OFFICER SIWAN_IDA),VIJAYLAKSHMI DEVI,SIWAN,20-Aug-26,Alam Brothers,Payment In-Progress,962500
1168,Bihar,Lighting of public spaces,WS/MP18045/2026-2027/283374,SIWAN(DISTRICT PLANNING OFFICER SIWAN_IDA),VIJAYLAKSHMI DEVI,SIWAN,20-Aug-26,Alam Brothers,Payment In-Progress,962500
1169,Bihar,Lighting of public spaces,WS/MP18045/2026-2027/283375,SIWAN(DISTRICT PLANNING OFFICER SIWAN_IDA),VIJAYLAKSHMI DEVI,SIWAN,20-Aug-26,Alam Brothers,Payment In-Progress,962500
1170,Rajasthan,Construction of community centers and community halls,WS/MP720/2026-2027/275253,CHITTORGARH(DISTRICT COLLECTOR CHITTORGARH_IDA),Chandra Prakash Joshi,CHITTORGARH,27-Aug-26,charbhuja construction,Payment In-Progress,202226
1171,Odisha,Construction of community centers and community halls,WS/MP372/2025-2026/257882,Kataka(DISTRICT COLLECTOR CUTTACK_IDA),Shri Bhartruhari Mahtab,CUTTACK,29-Aug-26,Binay Ranjan SAhoo,Payment In-Progress,139485
1172,Bihar,Lighting of public spaces,WS/MP18045/2026-2027/283394,SIWAN(DISTRICT PLANNING OFFICER SIWAN_IDA),VIJAYLAKSHMI DEVI,SIWAN,20-Aug-26,Alam Brothers,Payment In-Progress,962500
1173,Rajasthan,Construction of community centers and community halls,WS/MP719/2024-2025/149562,AJMER(DISTRICT COLLECTOR AJMER_IDA),Bhagirath Chaudhary,AJMER,27-Aug-26,SHIV CONSTRUCTICN KATSOORA,Payment In-Progress,99540
1174,Uttar Pradesh,"Construction of roads, link roads, pathways or any other road with or without drainage system",WS/MP18209/2026-2027/247404,MEERUT(DISTRICT MAGISTRATE MEERUT_IDA),CHANDAN CHAUHAN,BIJNOR,29-Aug-26,MOHIT CONSTRUCTION,Payment In-Progress,241266
1175,Gujarat,"Construction of roads, link roads, pathways or any other road with or without drainage system",WS/MP18054/2025-2026/178177,MAHESANA(DISTRICT COLLECTOR MAHESANA_IDA),HARIBHAI PATEL,MAHESANA,24-Aug-26,SEDARADI GRAM PANCHAYAT,Payment In-Progress,50000
1176,Chhattisgarh,Construction of buildings for community cultural activities,WS/MP18336/2025-2026/185255,Balodabazar-Bhatapara(Collector Baloda Bazar_IDA),BRIJMOHAN AGRAWAL,RAIPUR,17-Aug-26,GRAM PANCHAYAT LIMTARA,Payment In-Progress,105317
1177,Gujarat,"Construction of roads, link roads, pathways or any other road with or without drainage system",WS/MP18054/2025-2026/251501,MAHESANA(DISTRICT COLLECTOR MAHESANA_IDA),HARIBHAI PATEL,MAHESANA,24-Aug-26,LADOL GRAM PANCHAYAT,Payment In-Progress,250000
1178,Gujarat,"Construction of roads, link roads, pathways or any other road with or without drainage system",WS/MP18054/2026-2027/259854,MAHESANA(DISTRICT COLLECTOR MAHESANA_IDA),HARIBHAI PATEL,MAHESANA,24-Aug-26,LADOL GRAM PANCHAYAT,Payment In-Progress,100000
1179,Gujarat,"Construction of roads, link roads, pathways or any other road with or without drainage system",WS/MP18054/2026-2027/259855,MAHESANA(DISTRICT COLLECTOR MAHESANA_IDA),HARIBHAI PATEL,MAHESANA,24-Aug-26,LADOL GRAM PANCHAYAT,Payment In-Progress,100000
1180,Gujarat,"Construction of roads, link roads, pathways or any other road with or without drainage system",WS/MP575/2025-2026/173620,NAVSARI(DISTRICT COLLECTOR NAVSARI_IDA),C R Patil,NAVSARI,11-Aug-26,SARPANCH GRAMPANCHAYAT KALWACH,Payment In-Progress,300000
1181,Karnataka,"Construction of roads, link roads, pathways or any other road with or without drainage system",WS/MP18083/2026-2027/180091,DAKSHINA KANNADA(DEPUTY COMMISSIONER DAKSHIN KANNAD MANGALORE_IDA),CAPTAIN BRIJESH CHOWTA,DAKSHINA KANNADA,04-Aug-26,ANIL KUMAR HEGDE P,Payment In-Progress,499485
1182,Maharashtra,Construction of community centers and community halls,WS/MP18308/2025-2026/145430,MUMBAI SUBURBAN(DISTRICT COLLECTOR MUMBAI SUBURBAN_IDA),RAVINDRA DATTARAM WAIKAR,MUMBAI NORTH WEST,04-Aug-26,Mahendra Jagannath Lokhande,Payment In-Progress,1998481
1183,Gujarat,"Construction of roads, link roads, pathways or any other road with or without drainage system",WS/MP575/2025-2026/162948,NAVSARI(DISTRICT COLLECTOR NAVSARI_IDA),C R Patil,NAVSARI,11-Aug-26,SARPANCH SHREE GRAM PANCHAYAT BHAGAD,Payment In-Progress,500000
1184,Punjab,Purchase of mobile water tankers,WS/MP18153/2025-2026/205305,FAZILKA(DEPUTY COMMISSIONER FAZILKA_IDA),SHER SINGH GHUBAYA,FIROZPUR,26-Aug-26,H S AGRO,Payment In-Progress,240813
1185,Punjab,Purchase of mobile water tankers,WS/MP18153/2025-2026/205301,FAZILKA(DEPUTY COMMISSIONER FAZILKA_IDA),SHER SINGH GHUBAYA,FIROZPUR,26-Aug-26,H S AGRO,Payment In-Progress,240521
1186,Madhya Pradesh,"Construction of flood control embankments/ protection walls along riverbanks, hilltops, roadsides",WS/MP18104/2025-2026/181967,NARMADAPURAM(DISTRICT COLLECTOR NARMADAPURAM_IDA),DARSHAN SINGH CHOUDHARY,HOSHANGABAD,20-Jul-26,Sarpanch Gram Panchayat Luchgaon,Payment In-Progress,150000
1187,Jharkhand,Construction of public irrigation facilities,WS/MP18071/2025-2026/258551,CHATRA(DEPUTY COMMISSIONER CHATRA_IDA),KALI CHARAN SINGH,CHATRA,15-Jul-26,District Engineer,Payment In-Progress,250000
1188,Maharashtra,Construction of common work sheds/ common covered sitting area,WS/MP18124/2025-2026/226116,MUMBAI SUBURBAN(DISTRICT COLLECTOR MUMBAI SUBURBAN_IDA),GAIKWAD VARSHA EKNATH,MUMBAI NORTH-CENTRAL,03-Aug-26,Samona Enterprises,Payment In-Progress,1898368
1189,Uttar Pradesh,"Construction of roads, link roads, pathways or any other road with or without drainage system",WS/MP18209/2026-2027/243374,MEERUT(DISTRICT MAGISTRATE MEERUT_IDA),CHANDAN CHAUHAN,BIJNOR,29-Aug-26,MOHIT CONSTRUCTION,Payment In-Progress,241072
1190,Maharashtra,Construction of community centers and community halls,WS/MP18117/2025-2026/164393,DHULE(DISTRICT COLLECTOR DHULE_IDA),BACHHAV SHOBHA DINESH,DHULE,27-Aug-26,tushar satish rawale,Payment In-Progress,987617
1191,Maharashtra,"Construction of roads, link roads, pathways or any other road with or without drainage system",WS/MP18117/2025-2026/164385,DHULE(DISTRICT COLLECTOR DHULE_IDA),BACHHAV SHOBHA DINESH,DHULE,27-Aug-26,tushar satish rawale,Payment In-Progress,992586
1192,Uttar Pradesh,"Construction of roads, link roads, pathways or any other road with or without drainage system",WS/MP18209/2026-2027/243383,MEERUT(DISTRICT MAGISTRATE MEERUT_IDA),CHANDAN CHAUHAN,BIJNOR,29-Aug-26,MOHIT CONSTRUCTION,Payment In-Progress,248423
1193,Gujarat,"Construction of roads, link roads, pathways or any other road with or without drainage system",WS/MP575/2025-2026/163006,NAVSARI(DISTRICT COLLECTOR NAVSARI_IDA),C R Patil,NAVSARI,23-Aug-26,SARPANCH GRAMPANCHAYAT KALAMTHA,Payment In-Progress,450000
1194,Uttar Pradesh,"Construction of roads, link roads, pathways or any other road with or without drainage system",WS/MP18203/2024-2025/159258,SAMBHAL(DISTRICT MAGISTRAE BHIMNAGAR SAMBHAL_IDA),ADITYA YADAV,BADAUN,27-Aug-26,DIVYAANSH CONSTRUCTION COMPANY,Payment In-Progress,585665
1195,Uttar Pradesh,"Construction of roads, link roads, pathways or any other road with or without drainage system",WS/MP18203/2024-2025/159267,SAMBHAL(DISTRICT MAGISTRAE BHIMNAGAR SAMBHAL_IDA),ADITYA YADAV,BADAUN,27-Aug-26,DIVYAANSH CONSTRUCTION COMPANY,Payment In-Progress,594101
1196,Gujarat,Construction of rooms and halls in school and colleges,WS/MP575/2025-2026/191193,NAVSARI(DISTRICT COLLECTOR NAVSARI_IDA),C R Patil,NAVSARI,11-Aug-26,GRAM PANCHAYAT VANGAM,Payment In-Progress,150000
1197,West Bengal,Development of public parks,WS/MP858/2025-2026/181968,BIRBHUM(DISTRICT MAGISTRATE BIRBHUM_IDA),Asit Kumar Mal,BOLPUR(SC),25-Aug-26,BASUDEB HAZRA,Payment In-Progress,2685218
1198,Tamil Nadu,Purchase of furniture and fixtures for educational purposes,WS/MP18179/2026-2027/179451,Mayiladuthurai(District Collector Mayiladuthurai_IDA),SUDHA R,MAYILADUTHURAI,08-Jul-26,DIVINE ENTERPRISES,Payment In-Progress,400000
1199,Tamil Nadu,Purchase of furniture and fixtures for educational purposes,WS/MP18179/2026-2027/179452,Mayiladuthurai(District Collector Mayiladuthurai_IDA),SUDHA R,MAYILADUTHURAI,09-Jul-26,DIVINE ENTERPRISES,Payment In-Progress,800000
1200,Tamil Nadu,Purchase of furniture and fixtures for educational purposes,WS/MP18179/2026-2027/179453,Mayiladuthurai(District Collector Mayiladuthurai_IDA),SUDHA R,MAYILADUTHURAI,09-Jul-26,DIVINE ENTERPRISES,Payment In-Progress,500000
1201,Tamil Nadu,Purchase of furniture and fixtures for educational purposes,WS/MP18179/2026-2027/179454,Mayiladuthurai(District Collector Mayiladuthurai_IDA),SUDHA R,MAYILADUTHURAI,09-Jul-26,DIVINE ENTERPRISES,Payment In-Progress,800000
1202,Tamil Nadu,Purchase of furniture and fixtures for educational purposes,WS/MP18179/2026-2027/179455,Mayiladuthurai(District Collector Mayiladuthurai_IDA),SUDHA R,MAYILADUTHURAI,09-Jul-26,DIVINE ENTERPRISES,Payment In-Progress,500000
1203,Chhattisgarh,"Construction of roads, link roads, pathways or any other road with or without drainage system",WS/MP18048/2025-2026/209924,BIJAPUR(Collector Bijapur_IDA),MAHESH KASHYAP,BASTAR(ST),18-Jun-26,Sarpach gram panchyat murkinar,Payment In-Progress,425000
1204,Haryana,"Providing sports equipment, except consumable items",WS/MP18067/2025-2026/178666,SONIPAT(DEPUTY COMMISSIONER SONEPAT_IDA),SATPAL BRAHAMCHARI,SONEPAT,19-Jun-26,THEPS COOPERATIVE SOCIETY,Payment In-Progress,42168
1205,Assam,"Construction of roads, link roads, pathways or any other road with or without drainage system",WS/MP18024/2025-2026/161247,CHARAIDEO(Deputy Commissioner Charaideo_IDA),GAURAV GOGOI,JORHAT,29-Aug-26,BG ENTERPRISE,Payment In-Progress,95025
1206,Assam,Construction of community centers and community halls,WS/MP18024/2026-2027/206515,CHARAIDEO(Deputy Commissioner Charaideo_IDA),GAURAV GOGOI,JORHAT,29-Aug-26,BG ENTERPRISE,Payment In-Progress,33280
1207,Uttar Pradesh,"Construction of roads, link roads, pathways or any other road with or without drainage system",WS/MP18237/2025-2026/245588,SAHARANPUR(DISTRICT MAGISTRAE SAHARANPUR_IDA),IMRAN MASOOD,SAHARANPUR,24-Jul-26,SHAMSHAD CONTRACTOR,Payment In-Progress,1104376
1208,Rajasthan,Construction of community centers and community halls,WS/MP719/2025-2026/230890,AJMER(DISTRICT COLLECTOR AJMER_IDA),Bhagirath Chaudhary,AJMER,18-Aug-26,DIPALI GOYAL,Payment In-Progress,60
1209,Rajasthan,Construction of community centers and community halls,WS/MP719/2025-2026/230890,AJMER(DISTRICT COLLECTOR AJMER_IDA),Bhagirath Chaudhary,AJMER,18-Aug-26,DIPALI GOYAL,Payment In-Progress,2113
1210,Rajasthan,Construction of community centers and community halls,WS/MP719/2025-2026/230890,AJMER(DISTRICT COLLECTOR AJMER_IDA),Bhagirath Chaudhary,AJMER,11-Aug-26,DIPALI GOYAL,Payment In-Progress,4083
1211,West Bengal,Lighting of public spaces,WS/MP18245/2025-2026/174065,Paschim Medinipur(DISTRICT MAGISTRATE PASCHIM MEDINIPUR_IDA),BAG MITALI,ARAMBAG(SC),21-Aug-26,SN ENTERPRISE,Payment In-Progress,377385
1212,Assam,"Construction of roads, link roads, pathways or any other road with or without drainage system",WS/MP18019/2025-2026/216374,KARBI ANGLONG(DEPUTY COMMISSIONER KARBI ANGLONG_IDA),AMARSING TISSO,Diphu (ST),27-Aug-26,Waisong Terang,Payment In-Progress,96869
1213,Uttar Pradesh,"Construction of roads, link roads, pathways or any other road with or without drainage system",WS/MP18237/2024-2025/179796,SAHARANPUR(DISTRICT MAGISTRAE SAHARANPUR_IDA),IMRAN MASOOD,SAHARANPUR,20-Jul-26,AFZAL AHMAD CONTRACTOR,Payment In-Progress,683136
1214,Uttar Pradesh,"Construction of roads, link roads, pathways or any other road with or without drainage system",WS/MP18203/2024-2025/159266,SAMBHAL(DISTRICT MAGISTRAE BHIMNAGAR SAMBHAL_IDA),ADITYA YADAV,BADAUN,27-Aug-26,DIVYAANSH CONSTRUCTION COMPANY,Payment In-Progress,226053
1215,Gujarat,"Construction of roads, link roads, pathways or any other road with or without drainage system",WS/MP575/2025-2026/191190,NAVSARI(DISTRICT COLLECTOR NAVSARI_IDA),C R Patil,NAVSARI,23-Aug-26,GRAM PANCHAYAT KHAPARWADA,Payment In-Progress,500000
1216,West Bengal,Lighting of public spaces,WS/MP18245/2025-2026/165170,Paschim Medinipur(DISTRICT MAGISTRATE PASCHIM MEDINIPUR_IDA),BAG MITALI,ARAMBAG(SC),21-Aug-26,SN ENTERPRISE,Payment In-Progress,376781
1217,Assam,Construction of boundary walls of existing public and community buildings,WS/MP541/2025-2026/244434,MARIGAON(District Development Commissioner Morigaon),Pradyut Bordoloi,NOWGONG,26-Aug-26,RATU MONI SARMAH,Payment In-Progress,99926
1218,West Bengal,"Construction of roads, link roads, pathways or any other road with or without drainage system",WS/MP828/2025-2026/242108,NADIA(DISTRICT MAGISTRATE NADIA_IDA),Jagannath Sarkar,RANAGHAT(SC),17-Aug-26,SARASWATI CONSTRUCTION,Payment In-Progress,393641
1219,Uttar Pradesh,"Construction of roads, link roads, pathways or any other road with or without drainage system",WS/MP18202/2026-2027/236000,AZAMGARH(DISTRICT MAGISTRATE AZAMGARH_IDA),DHARMENDRA YADAV,AZAMGARH,22-Aug-26,MIKTI NATH,Payment In-Progress,1217984
1220,Gujarat,"Construction of roads, link roads, pathways or any other road with or without drainage system",WS/MP18326/2025-2026/252395,SURENDRANAGAR(DISTRICT COLLECTOR SURENDRANAGAR_IDA),CHANDUBHAI CHHAGANBHAI SHIHORA,SURENDRANAGAR,29-Aug-26,SUJANGADH GRAM PANCHAYAT,Payment In-Progress,499535
1221,Kerala,Construction of bus-sheds or bus-stops,WS/MP440/2025-2026/161186,PALAKKAD(DISTRICT COLLECTOR PALAKKAD_IDA),Vellalath Kochukrishnan Nair Sreekandan,PALAKKAD,20-Aug-26,SHIGU GEORGE,Payment In-Progress,499817
1222,Uttar Pradesh,"Construction of roads, link roads, pathways or any other road with or without drainage system",WS/MP490/2025-2026/241361,VARANASI(DISTRICT MAGISTRAE VARANASI_IDA),Shri Narendra Modi,VARANASI,17-Jul-26,MAA KALIKA CONSTRUCTION,Payment In-Progress,511139
1223,Madhya Pradesh,Construction of common work sheds/ common covered sitting area,WS/MP18104/2024-2025/153170,NARMADAPURAM(DISTRICT COLLECTOR NARMADAPURAM_IDA),DARSHAN SINGH CHOUDHARY,HOSHANGABAD,25-Aug-26,GRAM PANCHAYAT RICHHEDA,Payment In-Progress,25000
1224,Maharashtra,"Construction of roads, link roads, pathways or any other road with or without drainage system",WS/MP18307/2025-2026/143610,MUMBAI SUBURBAN(DISTRICT COLLECTOR MUMBAI SUBURBAN_IDA),Piyush Vedprakash Goyal,MUMBAI NORTH,19-Aug-26,Shivneri Coop Labour Society ltd,Payment In-Progress,1498861
1225,West Bengal,"Construction of roads, link roads, pathways or any other road with or without drainage system",WS/MP828/2025-2026/242116,NADIA(DISTRICT MAGISTRATE NADIA_IDA),Jagannath Sarkar,RANAGHAT(SC),17-Aug-26,SARASWATI CONSTRUCTION,Payment In-Progress,399986
1226,Assam,Creation of new ponds,WS/MP18019/2025-2026/251936,KARBI ANGLONG(DEPUTY COMMISSIONER KARBI ANGLONG_IDA),AMARSING TISSO,Diphu (ST),10-Jul-26,Waisong Terang,Payment In-Progress,375000
1227,Assam,Creation of new ponds,WS/MP18019/2025-2026/251937,KARBI ANGLONG(DEPUTY COMMISSIONER KARBI ANGLONG_IDA),AMARSING TISSO,Diphu (ST),08-Jul-26,Waisong Terang,Payment In-Progress,375000
1228,Assam,Installing tube-wells and borewells,WS/MP18019/2026-2027/243384,KARBI ANGLONG(DEPUTY COMMISSIONER KARBI ANGLONG_IDA),AMARSING TISSO,Diphu (ST),17-Aug-26,Waisong Terang,Payment In-Progress,200000
1229,Chhattisgarh,Construction of boundary walls of existing public and community buildings,WS/MP18048/2025-2026/200448,BIJAPUR(Collector Bijapur_IDA),MAHESH KASHYAP,BASTAR(ST),18-Jun-26,Sarpanh gram panchyat ilmidi,Payment In-Progress,455140
1230,Karnataka,Construction of community centers and community halls,WS/MP623/2026-2027/208680,VIJAYAPURA(DEPUTY COMMISSIONER BIJAPUR_IDA),Ramesh Chandappa Jigajinagi,BIJAPUR(SC),07-Aug-26,KIRAN TEJASWI YALIBALLI,Payment In-Progress,122233
1231,Uttar Pradesh,"Construction of roads, link roads, pathways or any other road with or without drainage system",WS/MP18209/2025-2026/145458,MUZAFFARNAGAR(DISTRICT MAGISTRATE MUZAFFARNAGAR_IDA),CHANDAN CHAUHAN,BIJNOR,18-Jul-26,DUDA MUZAFFARNAGAR,Payment In-Progress,17104
1232,Madhya Pradesh,Construction of common work sheds/ common covered sitting area,WS/MP18104/2025-2026/174718,NARMADAPURAM(DISTRICT COLLECTOR NARMADAPURAM_IDA),DARSHAN SINGH CHOUDHARY,HOSHANGABAD,26-Dec-25,Sachiv gram panchayat Mehraghat,Payment In-Progress,47000
1233,Assam,Construction of community centers and community halls,WS/MP18029/2025-2026/162388,"SONITPUR(Deputy Commissioner Sonitpur, Tezpur)",RANJIT DUTTA,Sonitpur,28-Aug-26,UTPAL BORAH,Payment In-Progress,113400
1234,Haryana,Construction of community centers and community halls,WS/MP18065/2026-2027/197016,ROHTAK(DEPUTY COMMISSIONER ROHTAK_IDA),DEEPENDER SINGH HOODA,ROHTAK,27-Aug-26,JOGINDER GOVT CONTRACTOR,Payment In-Progress,60104
1235,Haryana,Construction of community centers and community halls,WS/MP18065/2026-2027/197016,ROHTAK(DEPUTY COMMISSIONER ROHTAK_IDA),DEEPENDER SINGH HOODA,ROHTAK,27-Aug-26,JOGINDER GOVT CONTRACTOR,Payment In-Progress,310304
1236,Haryana,Construction of community centers and community halls,WS/MP18065/2026-2027/197016,ROHTAK(DEPUTY COMMISSIONER ROHTAK_IDA),DEEPENDER SINGH HOODA,ROHTAK,27-Aug-26,JOGINDER GOVT CONTRACTOR,Payment In-Progress,80079
1237,Uttar Pradesh,"Construction of roads, link roads, pathways or any other road with or without drainage system",WS/MP18232/2026-2027/278423,MUZAFFARNAGAR(DISTRICT MAGISTRATE MUZAFFARNAGAR_IDA),HARENDRA SINGH MALIK,MUZAFFARNAGAR,05-Aug-26,BLOCK DEVELPOPMENT OFFICER BUDHANA,Payment In-Progress,55273
1238,Uttar Pradesh,"Purchase of IT systems, including hardware and software for educational purposes",WS/MP18345/2026-2027/208474,AURAIYA(DISTRICT MAGISTRATE AURAIYA_IDA),AKHILESH YADAV,KANNAUJ,13-Aug-26,MS SAUVYA ENTERPRISES,Payment In-Progress,374627
1239,Punjab,Crematoriums/energy efficient crematoriums or structures on burial/cremation ground,WS/MP18158/2025-2026/232705,PATIALA(DEPUTY COMMISSIONER PATIALA_IDA),DR DHARAMVIRA GANDHI,PATIALA,18-Nov-25,GURU NANAK CEMENT STORE,Payment In-Progress,34500
1240,Punjab,Crematoriums/energy efficient crematoriums or structures on burial/cremation ground,WS/MP18158/2025-2026/232705,PATIALA(DEPUTY COMMISSIONER PATIALA_IDA),DR DHARAMVIRA GANDHI,PATIALA,18-Nov-25,GURU NANAK CEMENT STORE,Payment In-Progress,34500
1241,Uttar Pradesh,Street lights,WS/MP18238/2026-2027/265200,DEORIA(DISTRICT MAGISTRATE DEORIA),RAMASHANKAR RAJBHAR,SALEMPUR,09-Jul-26,SHANSHANK ENTERPRISES CONTRACTOR,Payment In-Progress,78679
1242,Bihar,Construction of common work sheds/ common covered sitting area,WS/MP18037/2025-2026/234515,ROHTAS(District Planning Officer Rohtas_IDA),RAJA RAM SINGH,KARAKAT,19-Aug-26,ASSISTANT ENGINEER KARAKAT LAEO WD 02 BIKRAMGANJ ROHTAS,Payment In-Progress,599426
1243,Andhra Pradesh,"Construction of roads, link roads, pathways or any other road with or without drainage system",WS/MP18014/2025-2026/245074,Sri Potti Sriramulu Nellore(DISTRICT COLLECTOR NELLORE_IDA),PRABHAKAR REDDY VEMIREDDY,NELLORE(SC),24-Aug-26,NARRAVULA ASMATH KUMAR,Payment In-Progress,499937
1244,Rajasthan,Construction of rooms and halls in school and colleges,WS/MP728/2025-2026/192099,CHURU(DISTRICT COLLECTOR CHURU_IDA),Rahul Kaswan,CHURU,25-Aug-26,SANGAM CEMENT AGENCY,Payment In-Progress,172063
1245,Uttar Pradesh,"Construction of roads, link roads, pathways or any other road with or without drainage system",WS/MP490/2025-2026/241242,VARANASI(DISTRICT MAGISTRAE VARANASI_IDA),Shri Narendra Modi,VARANASI,19-Aug-26,MAA KALIKA CONSTRUCTION,Payment In-Progress,205674
1246,Madhya Pradesh,Construction of common work sheds/ common covered sitting area,WS/MP18104/2025-2026/174717,NARMADAPURAM(DISTRICT COLLECTOR NARMADAPURAM_IDA),DARSHAN SINGH CHOUDHARY,HOSHANGABAD,26-Dec-25,Sachiv gram panchayat Mehraghat,Payment In-Progress,47000
1247,Gujarat,Construction of night shelters for homeless,WS/MP323/2025-2026/247265,GIR SOMNATH(DISTRICT COLLECTOR GIR SOMNATH_IDA),Rajeshbhai Naranbhai Chudasama,JUNAGADH,14-Aug-26,KADVAR GRAM PANCHAYAT,Payment In-Progress,499742
1248,Gujarat,"Construction of roads, link roads, pathways or any other road with or without drainage system",WS/MP323/2025-2026/218118,GIR SOMNATH(DISTRICT COLLECTOR GIR SOMNATH_IDA),Rajeshbhai Naranbhai Chudasama,JUNAGADH,14-Aug-26,KADVAR GRAM PANCHAYAT,Payment In-Progress,249961
1249,Karnataka,Construction of community centers and community halls,WS/MP18092/2025-2026/196145,RAICHUR(DEPUTY COMMISSIONER RAICHUR_IDA),G. KUMAR NAIK,RAICHUR(ST),21-Aug-26,DILEEP,Payment In-Progress,113649
1250,Assam,Installing tube-wells and borewells,WS/MP18019/2025-2026/195506,KARBI ANGLONG(DEPUTY COMMISSIONER KARBI ANGLONG_IDA),AMARSING TISSO,Diphu (ST),16-Jun-26,BHARAT TRADING CO,Payment In-Progress,91560
1251,Assam,Installing tube-wells and borewells,WS/MP18019/2025-2026/195506,KARBI ANGLONG(DEPUTY COMMISSIONER KARBI ANGLONG_IDA),AMARSING TISSO,Diphu (ST),16-Jul-26,BHARAT TRADING CO,Payment In-Progress,49500
1252,Gujarat,"Purchase of IT systems, including hardware and software for educational purposes","WS/	 MP575/2026-2027/291460",NAVSARI(DISTRICT COLLECTOR NAVSARI_IDA),C R Patil,NAVSARI,27-Aug-26,Perfect Enterprise,Payment In-Progress,497925
1253,Gujarat,"Purchase of IT systems, including hardware and software for educational purposes","WS/	 MP575/2026-2027/291461",NAVSARI(DISTRICT COLLECTOR NAVSARI_IDA),C R Patil,NAVSARI,27-Aug-26,Perfect Enterprise,Payment In-Progress,497925
1254,Uttar Pradesh,"Construction of roads, link roads, pathways or any other road with or without drainage system",WS/MP18270/2026-2027/256178,BAGHPAT(DISTRICT MAGISTRATE BAGHPAT_IDA),DR RAJKUMAR SANGWAN,BAGHPAT,20-May-26,TECHKRITI INFRATECH PVT LTD,Payment In-Progress,975717
1255,Odisha,Installing community drinking water plants,WS/MP300/2025-2026/159952,KHORDHA(DISTRICT COLLECTOR KHORDHA_IDA),Smt Aparajita Sarangi,BHUBANESWAR,13-Aug-26,UGTA SURAJ,Payment In-Progress,100000
1256,Assam,Construction of community centers and community halls,WS/MP18020/2025-2026/205136,BARPETA(DEPUTY COMMISSIONER BARPETA 1),PHANI BHUSAN CHOUDHURY,BARPETA,07-Aug-26,CONST COMMITTEE OF COMMUNITY HALL AT AMGURI KETE,Payment In-Progress,540000
1257,Himachal Pradesh,Crematoriums/energy efficient crematoriums or structures on burial/cremation ground,WS/MP18069/2025-2026/216982,KANGRA(DEPUTY COMMISSIONER KANGRA_IDA),RAJEEV BHARDWAJ,KANGRA,20-Sep-25,BDO Nagrota Bagwan,Payment In-Progress,100000
1258,Karnataka,"Construction of roads, link roads, pathways or any other road with or without drainage system",WS/MP18083/2026-2027/268056,DAKSHINA KANNADA(DEPUTY COMMISSIONER DAKSHIN KANNAD MANGALORE_IDA),CAPTAIN BRIJESH CHOWTA,DAKSHINA KANNADA,22-Jul-26,NARAYANA SHETTY,Payment In-Progress,499617
1259,Bihar,Development of public parks,WS/MP18037/2025-2026/176945,ROHTAS(District Planning Officer Rohtas_IDA),RAJA RAM SINGH,KARAKAT,10-Aug-26,ASSISTANT ENGINEER KARAKAT LAEO WD 02 BIKRAMGANJ ROHTAS,Payment In-Progress,312973
1260,Uttar Pradesh,Street lights,WS/MP18238/2026-2027/263673,DEORIA(DISTRICT MAGISTRATE DEORIA),RAMASHANKAR RAJBHAR,SALEMPUR,09-Jul-26,SHANSHANK ENTERPRISES CONTRACTOR,Payment In-Progress,78679
1261,Uttar Pradesh,Street lights,WS/MP18238/2026-2027/263674,DEORIA(DISTRICT MAGISTRATE DEORIA),RAMASHANKAR RAJBHAR,SALEMPUR,09-Jul-26,SHANSHANK ENTERPRISES CONTRACTOR,Payment In-Progress,78679
1262,Uttar Pradesh,Street lights,WS/MP18238/2026-2027/263675,DEORIA(DISTRICT MAGISTRATE DEORIA),RAMASHANKAR RAJBHAR,SALEMPUR,09-Jul-26,SHANSHANK ENTERPRISES CONTRACTOR,Payment In-Progress,78679
1263,Uttar Pradesh,Street lights,WS/MP18238/2026-2027/263676,DEORIA(DISTRICT MAGISTRATE DEORIA),RAMASHANKAR RAJBHAR,SALEMPUR,09-Jul-26,SHANSHANK ENTERPRISES CONTRACTOR,Payment In-Progress,78679
1264,Uttar Pradesh,Street lights,WS/MP18238/2026-2027/263677,DEORIA(DISTRICT MAGISTRATE DEORIA),RAMASHANKAR RAJBHAR,SALEMPUR,09-Jul-26,SHANSHANK ENTERPRISES CONTRACTOR,Payment In-Progress,78679
1265,Uttar Pradesh,Street lights,WS/MP18238/2026-2027/263678,DEORIA(DISTRICT MAGISTRATE DEORIA),RAMASHANKAR RAJBHAR,SALEMPUR,09-Jul-26,SHANSHANK ENTERPRISES CONTRACTOR,Payment In-Progress,78679
1266,Gujarat,"Purchase of IT systems, including hardware and software for educational purposes","WS/	 MP575/2026-2027/291459",NAVSARI(DISTRICT COLLECTOR NAVSARI_IDA),C R Patil,NAVSARI,27-Aug-26,Vinayak Agency,Payment In-Progress,497940
1267,Karnataka,"Construction of roads, link roads, pathways or any other road with or without drainage system",WS/MP18094/2026-2027/164516,BELAGAVI(DEPUTY COMMISSIONER BELGAUM_IDA),VISHWESHWAR HEGDE KAGERI,UTTARA KANNADA,25-Aug-26,DEPUTY COMMISSIONER AND CHAIRMAN PROJECT MANAGER NIRMITHI KENDRA BELAGAVI,Payment In-Progress,525000
1268,Odisha,Construction of community centers and community halls,WS/MP18142/2025-2026/185341,PURI(DISTRICT COLLECTOR PURI_IDA),BIBHU PRASAD TARAI,JAGATSINGHPUR(SC),28-Aug-26,BDO NIMAPARA,Payment In-Progress,817
1269,Madhya Pradesh,Construction of common work sheds/ common covered sitting area,WS/MP360/2025-2026/214359,UJJAIN(DISTRICT COLLECTOR UJJAIN_IDA),Shri Anil Firojiya,UJJAIN(SC),07-Aug-26,GRAM PANCHAYAT AMLAWADBEEKA,Payment In-Progress,400000
1270,Uttar Pradesh,"Construction of roads, link roads, pathways or any other road with or without drainage system",WS/MP490/2025-2026/241251,VARANASI(DISTRICT MAGISTRAE VARANASI_IDA),Shri Narendra Modi,VARANASI,19-Aug-26,VAIBHAV ENTERPRISES ROOPAM RAI,Payment In-Progress,480142
1271,Uttar Pradesh,"Construction of roads, link roads, pathways or any other road with or without drainage system",WS/MP18380/2025-2026/244981,BHADOHI(DISTRICT MAGISTRATE BHADOHI_IDA),VINOD KUMAR BIND,BHADOHI,14-Aug-26,ANSHIKA CONSTRUCTION,Payment In-Progress,651209
1272,Uttar Pradesh,"Construction of roads, link roads, pathways or any other road with or without drainage system",WS/MP18199/2025-2026/205328,AMBEDKAR NAGAR(DISTRICT MAGISTRATE AMBEDKAR NAGAR_IDA),LALJI VERMA,AMBEDKAR NAGAR,09-Apr-26,LAVKUSH CONSTRUCTION,Payment In-Progress,204345
1273,Gujarat,"Construction of roads, link roads, pathways or any other road with or without drainage system","WS/	 MP578/2025-2026/210698",BHARUCH(DISTRICT COLLECTOR BROACH_IDA),Mansukhbhai Dhanjibhai Vasava,BHARUCH,20-Aug-26,GRAM PANCHAYAT BHERSAM,Payment In-Progress,299060
1274,Punjab,Construction of additional rooms and halls in the existing public and community building,WS/MP716/2025-2026/203951,BATHINDA(DEPUTY COMMISSIONER BHATINDA_IDA),Smt Harsimrat Kaur Badal,BHATINDA,07-Jul-26,SATGURU BUILDING,Payment In-Progress,54825
1275,Uttar Pradesh,"Construction of roads, link roads, pathways or any other road with or without drainage system",WS/MP490/2025-2026/241236,VARANASI(DISTRICT MAGISTRAE VARANASI_IDA),Shri Narendra Modi,VARANASI,11-Aug-26,AKANSHA ASSOCIATES,Payment In-Progress,551178
1276,Chhattisgarh,Construction of bus-sheds or bus-stops,WS/MP18278/2025-2026/221471,SAKTI(COLLECTOR SAKTI_IDA),KAMLESH JANGDE,JANJGIR CHAMPA(SC),27-Aug-26,GRAM PANCHAYAT KANDANARA,Payment In-Progress,600000
1277,Karnataka,"Construction of roads, link roads, pathways or any other road with or without drainage system",WS/MP18263/2025-2026/241119,UDUPI(DEPUTY COMMISSIONER UDUPI_IDA),KOTA SRINIVAS POOJARY,UDUPI CHIKMAGALUR,24-Aug-26,SLR CONSTRUCTION MOHAN S,Payment In-Progress,400000
1278,Karnataka,"Construction of roads, link roads, pathways or any other road with or without drainage system",WS/MP18263/2025-2026/241120,UDUPI(DEPUTY COMMISSIONER UDUPI_IDA),KOTA SRINIVAS POOJARY,UDUPI CHIKMAGALUR,24-Aug-26,SLR CONSTRUCTION MOHAN S,Payment In-Progress,299468
1279,Chhattisgarh,Construction of common work sheds/ common covered sitting area,WS/MP568/2025-2026/215563,BEMETARA(Collector Bemetara_IDA),Vijay Baghel,DURG,28-Jul-26,sarpanch sachiv nawagaongahira,Payment In-Progress,400000
1280,Haryana,Fitting of Sitting RCC Benches in Public Places,WS/MP18066/2025-2026/242467,SIRSA(DEPUTY COMMISSIONER SIRSA_IDA),SELJA,SIRSA(SC),25-Aug-26,RAINU CONSTRUCTION COMPANY,Payment In-Progress,75520
1281,Karnataka,Construction of community centers and community halls,WS/MP623/2025-2026/177389,VIJAYAPURA(DEPUTY COMMISSIONER BIJAPUR_IDA),Ramesh Chandappa Jigajinagi,BIJAPUR(SC),30-Jul-26,BHIMAPPA LANKESH BANDIVADDAR,Payment In-Progress,371250
1282,Karnataka,Construction of community centers and community halls,WS/MP623/2025-2026/177389,VIJAYAPURA(DEPUTY COMMISSIONER BIJAPUR_IDA),Ramesh Chandappa Jigajinagi,BIJAPUR(SC),27-Aug-26,BHIMAPPA LANKESH BANDIVADDAR,Payment In-Progress,122211
1283,Uttar Pradesh,Street lights,WS/MP18238/2026-2027/263679,DEORIA(DISTRICT MAGISTRATE DEORIA),RAMASHANKAR RAJBHAR,SALEMPUR,09-Jul-26,SHANSHANK ENTERPRISES CONTRACTOR,Payment In-Progress,78679
1284,Uttar Pradesh,Street lights,WS/MP18238/2026-2027/263680,DEORIA(DISTRICT MAGISTRATE DEORIA),RAMASHANKAR RAJBHAR,SALEMPUR,09-Jul-26,SHANSHANK ENTERPRISES CONTRACTOR,Payment In-Progress,78679
1285,Uttar Pradesh,Street lights,WS/MP18238/2026-2027/263681,DEORIA(DISTRICT MAGISTRATE DEORIA),RAMASHANKAR RAJBHAR,SALEMPUR,09-Jul-26,SHANSHANK ENTERPRISES CONTRACTOR,Payment In-Progress,78679
1286,Uttar Pradesh,Street lights,WS/MP18238/2026-2027/263682,DEORIA(DISTRICT MAGISTRATE DEORIA),RAMASHANKAR RAJBHAR,SALEMPUR,09-Jul-26,SHANSHANK ENTERPRISES CONTRACTOR,Payment In-Progress,78679
1287,Uttar Pradesh,Street lights,WS/MP18238/2026-2027/263683,DEORIA(DISTRICT MAGISTRATE DEORIA),RAMASHANKAR RAJBHAR,SALEMPUR,09-Jul-26,SHANSHANK ENTERPRISES CONTRACTOR,Payment In-Progress,78679
1288,Uttar Pradesh,Street lights,WS/MP18238/2026-2027/263684,DEORIA(DISTRICT MAGISTRATE DEORIA),RAMASHANKAR RAJBHAR,SALEMPUR,09-Jul-26,SHANSHANK ENTERPRISES CONTRACTOR,Payment In-Progress,78679
1289,Gujarat,Installing tube-wells and borewells,WS/MP18326/2025-2026/238265,MORBI(District collector Morbi_IDA),CHANDUBHAI CHHAGANBHAI SHIHORA,SURENDRANAGAR,06-Jul-26,JAY BALAJI BOREWELL,Payment In-Progress,59221
1290,Punjab,Crematoriums/energy efficient crematoriums or structures on burial/cremation ground,WS/MP716/2025-2026/210353,BATHINDA(DEPUTY COMMISSIONER BHATINDA_IDA),Smt Harsimrat Kaur Badal,BHATINDA,19-Aug-26,GTB ENTERPRISES,Payment In-Progress,30552
1291,Gujarat,Installing tube-wells and borewells,WS/MP18326/2025-2026/238265,MORBI(District collector Morbi_IDA),CHANDUBHAI CHHAGANBHAI SHIHORA,SURENDRANAGAR,10-Jul-26,Executive Engineer Public Health Works Division Morbi,Payment In-Progress,20662
1292,Karnataka,Crematoriums/energy efficient crematoriums or structures on burial/cremation ground,WS/MP18263/2026-2027/166165,CHIKKAMAGALURU(DEPUTY COMMISSIONER CHIKMAGALUR),KOTA SRINIVAS POOJARY,UDUPI CHIKMAGALUR,20-Aug-26,Chikmagalur Nirmithi Kendra,Payment In-Progress,375000
1293,Rajasthan,Construction of community centers and community halls,WS/MP18162/2025-2026/241441,BHILWARA(DISTRICT COLLECTOR BHILWARA_IDA),DAMODAR AGARWAL,BHILWARA,18-Aug-26,Nemi Chand Sharma,Payment In-Progress,4800
1294,Uttar Pradesh,"Construction of roads, link roads, pathways or any other road with or without drainage system",WS/MP490/2025-2026/241132,VARANASI(DISTRICT MAGISTRAE VARANASI_IDA),Shri Narendra Modi,VARANASI,19-Aug-26,Ms OM VINAY KUMAR SINGH,Payment In-Progress,797444
1295,Punjab,Construction of common work sheds/ common covered sitting area,WS/MP18314/2025-2026/225629,SANGRUR(DEPUTY COMMISSIONER SANGRUR_IDA),GURMEET SINGH MEET HAYER,SANGRUR,25-Aug-26,The Shubh Coop L and C Society Ltd,Payment In-Progress,71286
1296,Punjab,Construction of common work sheds/ common covered sitting area,WS/MP18314/2025-2026/225629,SANGRUR(DEPUTY COMMISSIONER SANGRUR_IDA),GURMEET SINGH MEET HAYER,SANGRUR,25-Aug-26,The Shubh Coop L and C Society Ltd,Payment In-Progress,152777
1297,Karnataka,Construction of community centers and community halls,WS/MP18086/2025-2026/171273,CHIKKAMAGALURU(DEPUTY COMMISSIONER CHIKMAGALUR),SHREYAS. M. PATEL,HASSAN,28-Jul-26,Chikmagalur Nirmithi Kendra,Payment In-Progress,250000
1298,Karnataka,Construction of community centers and community halls,WS/MP18086/2025-2026/168334,CHIKKAMAGALURU(DEPUTY COMMISSIONER CHIKMAGALUR),SHREYAS. M. PATEL,HASSAN,18-Jun-26,Chikmagalur Nirmithi Kendra,Payment In-Progress,250000
1299,Assam,"Construction of roads, link roads, pathways or any other road with or without drainage system",WS/MP18022/2025-2026/171019,TINSUKIA(DC Tinsukia),Shri Sarbananda Sonowal (18LS),DIBRUGARH,25-Aug-26,Sandeep Agarwal,Payment In-Progress,915798
1300,Chhattisgarh,Construction of community centers and community halls,WS/MP18278/2025-2026/221475,JANJGIR-CHAMPA(DISTRICT COLLECTOR JANJGIR CHAMPA_IDA),KAMLESH JANGDE,JANJGIR CHAMPA(SC),14-Aug-26,SARPANCH SACHIV GRAM PANCHAYAT BARGAON,Payment In-Progress,300000
1301,Madhya Pradesh,"Purchase of prosthetics, wheel chairs, tricycles (manual or motorized), elect scooties, hearing aids",WS/MP18104/2025-2026/153165,Narsimhapur(DISTRICT COLLECTOR NARSINGHPUR_IDA),DARSHAN SINGH CHOUDHARY,HOSHANGABAD,10-Nov-25,RACHNA ENTERPRISES,Payment In-Progress,115000
1302,Rajasthan,Construction of community centers and community halls,WS/MP18162/2025-2026/241441,BHILWARA(DISTRICT COLLECTOR BHILWARA_IDA),DAMODAR AGARWAL,BHILWARA,18-Aug-26,RAJENDRA SINGH,Payment In-Progress,9600
1303,Rajasthan,Construction of community centers and community halls,WS/MP18162/2025-2026/241441,BHILWARA(DISTRICT COLLECTOR BHILWARA_IDA),DAMODAR AGARWAL,BHILWARA,18-Aug-26,KHAN SINGH,Payment In-Progress,9600
1304,Uttar Pradesh,"Construction of roads, link roads, pathways or any other road with or without drainage system",WS/MP18202/2026-2027/254105,AZAMGARH(DISTRICT MAGISTRATE AZAMGARH_IDA),DHARMENDRA YADAV,AZAMGARH,22-Aug-26,KAMLESH YADAV THEKEDAR,Payment In-Progress,872159
1305,Himachal Pradesh,Development of playfields and sports grounds,WS/MP18069/2025-2026/216928,KANGRA(DEPUTY COMMISSIONER KANGRA_IDA),RAJEEV BHARDWAJ,KANGRA,25-Aug-26,BDO Rait,Payment In-Progress,200000
1306,Haryana,Construction of common work sheds/ common covered sitting area,WS/MP18060/2025-2026/215434,AMBALA(DEPUTY COMMISSIONER AMBALA_IDA),VARUN CHAUDHRY,AMBALA (SC),09-Jul-26,The karma Co op L and C Society Ltd,Payment In-Progress,7831
1307,Telangana,Installing tube-wells and borewells,WS/MP770/2026-2027/180989,KARIMNAGAR(DISTRICT COLLECTOR KARIMNAGAR_IDA),Sanjay Kumar Bandi,KARIMNAGAR,24-Aug-26,OM SHAKTHI BOREWELLS,Payment In-Progress,195704
1308,Himachal Pradesh,"Construction of roads, link roads, pathways or any other road with or without drainage system",WS/MP432/2025-2026/206289,MANDI(DEPUTY COMMISSIONER MANDI_IDA),Anurag Singh Thakur,HAMIRPUR_HP,29-Aug-26,GP Tatohali pardana,Payment In-Progress,125000
1309,Maharashtra,Construction of community centers and community halls,WS/MP18112/2025-2026/233407,AMRAVATI(DISTRICT COLLECTOR AMRAVATI_IDA),BALWANT BASWANT WANKHADE,AMRAVATI(SC),20-Aug-26,SHRIGANESH MAJOOR SAH SANTHA,Payment In-Progress,1199810
1310,Uttarakhand,Construction of common work sheds/ common covered sitting area,WS/MP021/2025-2026/254820,NAINITAL(DISTRICT MAGISTRATE NAINITAL_IDA),Ajay Bhatt,NAINITAL UDHAM SINGH NAG.,27-Aug-26,BISHT CONSTRUCTION,Payment In-Progress,200000
1311,Karnataka,Construction of community centers and community halls,WS/MP623/2026-2027/255163,VIJAYAPURA(DEPUTY COMMISSIONER BIJAPUR_IDA),Ramesh Chandappa Jigajinagi,BIJAPUR(SC),07-Aug-26,SUNIL SABAVVA SANDRIMANI,Payment In-Progress,371250
1312,Andhra Pradesh,Providing supply pipelines for drinking water,WS/MP524/2025-2026/198348,CHITTOOR(DISTRICT COLLECTOR CHITTOOR_IDA),Midhun Reddy,RAJAMPET,06-Aug-26,ABBAVARAM MALLIKARJUNA REDDY,Payment In-Progress,35807
1313,Gujarat,Construction of footpaths and pedestrian ways,WS/MP18276/2026-2027/256840,CHHOTAUDEPUR(DISTRICT COLLECTOR CHHOTA UDEPUR_IDA),JASHUBHAI BHILUBHAI RATHVA,CHHOTA UDAIPUR(ST),24-Aug-26,KANTESHWAR JUTH GRAM PANCHAYAT,Payment In-Progress,198384
1314,Rajasthan,Construction of community centers and community halls,WS/MP719/2025-2026/227474,AJMER(DISTRICT COLLECTOR AJMER_IDA),Bhagirath Chaudhary,AJMER,13-Aug-26,RAMDHAN CHOTU,Payment In-Progress,15561
1315,Uttar Pradesh,"Construction of roads, link roads, pathways or any other road with or without drainage system",WS/MP18202/2025-2026/188158,AZAMGARH(DISTRICT MAGISTRATE AZAMGARH_IDA),DHARMENDRA YADAV,AZAMGARH,22-Aug-26,SAKLOO SAROJ,Payment In-Progress,1071130
1316,Maharashtra,Purchase of furniture and fixtures for educational purposes,WS/MP18112/2026-2027/164649,AMRAVATI(DISTRICT COLLECTOR AMRAVATI_IDA),BALWANT BASWANT WANKHADE,AMRAVATI(SC),24-Jul-26,ALOK SHRIPATRAO PARDE,Payment In-Progress,497585
1317,Maharashtra,Construction of boundary walls of existing public and community buildings,WS/MP18112/2026-2027/164651,AMRAVATI(DISTRICT COLLECTOR AMRAVATI_IDA),BALWANT BASWANT WANKHADE,AMRAVATI(SC),24-Jul-26,ALOK SHRIPATRAO PARDE,Payment In-Progress,499999
1318,Andhra Pradesh,Providing supply pipelines for drinking water,WS/MP524/2025-2026/198337,CHITTOOR(DISTRICT COLLECTOR CHITTOOR_IDA),Midhun Reddy,RAJAMPET,15-Aug-26,ABBAVARAM MALLIKARJUNA REDDY,Payment In-Progress,136668
1319,Gujarat,"Purchase of IT systems, including hardware and software for educational purposes","WS/	 MP575/2026-2027/291462",NAVSARI(DISTRICT COLLECTOR NAVSARI_IDA),C R Patil,NAVSARI,27-Aug-26,Vinayak Agency,Payment In-Progress,497940
1320,Rajasthan,Construction of community centers and community halls,WS/MP719/2025-2026/227474,AJMER(DISTRICT COLLECTOR AJMER_IDA),Bhagirath Chaudhary,AJMER,06-Aug-26,MAHAVEER KISHANLAL,Payment In-Progress,15561
1321,Uttar Pradesh,Installing hand pumps,WS/MP18225/2025-2026/174777,PRATAPGARH(DISTRICT MAGISTRAE PRATAPGARH_IDA),PUSHPENDRA SAROJ,KAUSHAMBI(SC),26-Apr-26,IMAMUDDIN,Payment In-Progress,50781
1322,Uttar Pradesh,Installing hand pumps,WS/MP18225/2025-2026/174774,PRATAPGARH(DISTRICT MAGISTRAE PRATAPGARH_IDA),PUSHPENDRA SAROJ,KAUSHAMBI(SC),27-Apr-26,IMAMUDDIN,Payment In-Progress,50781
1323,Uttar Pradesh,Installing hand pumps,WS/MP18225/2025-2026/174769,PRATAPGARH(DISTRICT MAGISTRAE PRATAPGARH_IDA),PUSHPENDRA SAROJ,KAUSHAMBI(SC),16-Apr-26,IMAMUDDIN,Payment In-Progress,50781
1324,Uttar Pradesh,Installing hand pumps,WS/MP18225/2025-2026/174770,PRATAPGARH(DISTRICT MAGISTRAE PRATAPGARH_IDA),PUSHPENDRA SAROJ,KAUSHAMBI(SC),27-Apr-26,IMAMUDDIN,Payment In-Progress,50781
1325,Uttar Pradesh,Installing hand pumps,WS/MP18225/2025-2026/174368,PRATAPGARH(DISTRICT MAGISTRAE PRATAPGARH_IDA),PUSHPENDRA SAROJ,KAUSHAMBI(SC),16-Apr-26,IMAMUDDIN,Payment In-Progress,50781
1326,Uttar Pradesh,Installing hand pumps,WS/MP18225/2025-2026/174369,PRATAPGARH(DISTRICT MAGISTRAE PRATAPGARH_IDA),PUSHPENDRA SAROJ,KAUSHAMBI(SC),27-Mar-26,IMAMUDDIN,Payment In-Progress,50781
1327,Uttar Pradesh,Installing hand pumps,WS/MP18225/2025-2026/174370,PRATAPGARH(DISTRICT MAGISTRAE PRATAPGARH_IDA),PUSHPENDRA SAROJ,KAUSHAMBI(SC),27-Apr-26,IMAMUDDIN,Payment In-Progress,50781
1328,Uttar Pradesh,Installing hand pumps,WS/MP18225/2025-2026/174371,PRATAPGARH(DISTRICT MAGISTRAE PRATAPGARH_IDA),PUSHPENDRA SAROJ,KAUSHAMBI(SC),27-Apr-26,IMAMUDDIN,Payment In-Progress,50781
1329,Uttar Pradesh,Installing hand pumps,WS/MP18225/2025-2026/174372,PRATAPGARH(DISTRICT MAGISTRAE PRATAPGARH_IDA),PUSHPENDRA SAROJ,KAUSHAMBI(SC),17-Apr-26,IMAMUDDIN,Payment In-Progress,50781
1330,Uttar Pradesh,Installing hand pumps,WS/MP18225/2025-2026/174373,PRATAPGARH(DISTRICT MAGISTRAE PRATAPGARH_IDA),PUSHPENDRA SAROJ,KAUSHAMBI(SC),19-Jan-26,IMAMUDDIN,Payment In-Progress,50781
1331,Andhra Pradesh,Providing supply pipelines for drinking water,WS/MP524/2025-2026/198346,CHITTOOR(DISTRICT COLLECTOR CHITTOOR_IDA),Midhun Reddy,RAJAMPET,15-Aug-26,ABBAVARAM MALLIKARJUNA REDDY,Payment In-Progress,63212
1332,Uttar Pradesh,Installing hand pumps,WS/MP18225/2025-2026/174375,PRATAPGARH(DISTRICT MAGISTRAE PRATAPGARH_IDA),PUSHPENDRA SAROJ,KAUSHAMBI(SC),27-Apr-26,IMAMUDDIN,Payment In-Progress,50781
1333,Uttar Pradesh,Installing hand pumps,WS/MP18225/2025-2026/174376,PRATAPGARH(DISTRICT MAGISTRAE PRATAPGARH_IDA),PUSHPENDRA SAROJ,KAUSHAMBI(SC),16-Apr-26,IMAMUDDIN,Payment In-Progress,50781
1334,Uttar Pradesh,Installing hand pumps,WS/MP18225/2025-2026/174378,PRATAPGARH(DISTRICT MAGISTRAE PRATAPGARH_IDA),PUSHPENDRA SAROJ,KAUSHAMBI(SC),26-Apr-26,IMAMUDDIN,Payment In-Progress,50781
1335,Uttar Pradesh,Installing hand pumps,WS/MP18225/2025-2026/174379,PRATAPGARH(DISTRICT MAGISTRAE PRATAPGARH_IDA),PUSHPENDRA SAROJ,KAUSHAMBI(SC),27-Apr-26,IMAMUDDIN,Payment In-Progress,50781
1336,Uttar Pradesh,Installing hand pumps,WS/MP18225/2025-2026/174380,PRATAPGARH(DISTRICT MAGISTRAE PRATAPGARH_IDA),PUSHPENDRA SAROJ,KAUSHAMBI(SC),27-Apr-26,IMAMUDDIN,Payment In-Progress,50781
1337,Uttar Pradesh,Installing hand pumps,WS/MP18225/2025-2026/174418,PRATAPGARH(DISTRICT MAGISTRAE PRATAPGARH_IDA),PUSHPENDRA SAROJ,KAUSHAMBI(SC),27-Apr-26,IMAMUDDIN,Payment In-Progress,50781
1338,Uttar Pradesh,Installing hand pumps,WS/MP18225/2025-2026/174420,PRATAPGARH(DISTRICT MAGISTRAE PRATAPGARH_IDA),PUSHPENDRA SAROJ,KAUSHAMBI(SC),17-Apr-26,IMAMUDDIN,Payment In-Progress,50781
1339,Uttar Pradesh,Installing hand pumps,WS/MP18225/2025-2026/174421,PRATAPGARH(DISTRICT MAGISTRAE PRATAPGARH_IDA),PUSHPENDRA SAROJ,KAUSHAMBI(SC),15-Apr-26,IMAMUDDIN,Payment In-Progress,50781
1340,Uttar Pradesh,Installing hand pumps,WS/MP18225/2025-2026/174423,PRATAPGARH(DISTRICT MAGISTRAE PRATAPGARH_IDA),PUSHPENDRA SAROJ,KAUSHAMBI(SC),17-Apr-26,IMAMUDDIN,Payment In-Progress,50781
1341,Uttar Pradesh,Installing hand pumps,WS/MP18225/2025-2026/174428,PRATAPGARH(DISTRICT MAGISTRAE PRATAPGARH_IDA),PUSHPENDRA SAROJ,KAUSHAMBI(SC),17-Apr-26,IMAMUDDIN,Payment In-Progress,50781
1342,Uttar Pradesh,Installing hand pumps,WS/MP18225/2025-2026/150512,PRATAPGARH(DISTRICT MAGISTRAE PRATAPGARH_IDA),PUSHPENDRA SAROJ,KAUSHAMBI(SC),15-Apr-26,IMAMUDDIN,Payment In-Progress,50781
1343,Uttar Pradesh,Installing hand pumps,WS/MP18225/2025-2026/150513,PRATAPGARH(DISTRICT MAGISTRAE PRATAPGARH_IDA),PUSHPENDRA SAROJ,KAUSHAMBI(SC),27-Mar-26,IMAMUDDIN,Payment In-Progress,50781
1344,Uttar Pradesh,Installing hand pumps,WS/MP18225/2025-2026/150525,PRATAPGARH(DISTRICT MAGISTRAE PRATAPGARH_IDA),PUSHPENDRA SAROJ,KAUSHAMBI(SC),15-Apr-26,IMAMUDDIN,Payment In-Progress,50781
1345,Uttar Pradesh,Installing hand pumps,WS/MP18225/2025-2026/150518,PRATAPGARH(DISTRICT MAGISTRAE PRATAPGARH_IDA),PUSHPENDRA SAROJ,KAUSHAMBI(SC),27-Mar-26,IMAMUDDIN,Payment In-Progress,50781
1346,Uttar Pradesh,Installing hand pumps,WS/MP18225/2025-2026/150519,PRATAPGARH(DISTRICT MAGISTRAE PRATAPGARH_IDA),PUSHPENDRA SAROJ,KAUSHAMBI(SC),19-Jan-26,IMAMUDDIN,Payment In-Progress,50781
1347,Uttar Pradesh,Installing hand pumps,WS/MP18225/2025-2026/150520,PRATAPGARH(DISTRICT MAGISTRAE PRATAPGARH_IDA),PUSHPENDRA SAROJ,KAUSHAMBI(SC),16-Apr-26,IMAMUDDIN,Payment In-Progress,50781
1348,Uttar Pradesh,Installing hand pumps,WS/MP18225/2025-2026/151098,PRATAPGARH(DISTRICT MAGISTRAE PRATAPGARH_IDA),PUSHPENDRA SAROJ,KAUSHAMBI(SC),15-Apr-26,IMAMUDDIN,Payment In-Progress,50781
1349,Uttar Pradesh,Installing hand pumps,WS/MP18225/2025-2026/150510,PRATAPGARH(DISTRICT MAGISTRAE PRATAPGARH_IDA),PUSHPENDRA SAROJ,KAUSHAMBI(SC),26-Apr-26,IMAMUDDIN,Payment In-Progress,50781
1350,Uttar Pradesh,Installing hand pumps,WS/MP18225/2025-2026/150536,PRATAPGARH(DISTRICT MAGISTRAE PRATAPGARH_IDA),PUSHPENDRA SAROJ,KAUSHAMBI(SC),17-Apr-26,IMAMUDDIN,Payment In-Progress,50781
1351,Uttar Pradesh,Installing hand pumps,WS/MP18225/2025-2026/150538,PRATAPGARH(DISTRICT MAGISTRAE PRATAPGARH_IDA),PUSHPENDRA SAROJ,KAUSHAMBI(SC),27-Mar-26,IMAMUDDIN,Payment In-Progress,50781
1352,Uttar Pradesh,Installing hand pumps,WS/MP18225/2025-2026/150539,PRATAPGARH(DISTRICT MAGISTRAE PRATAPGARH_IDA),PUSHPENDRA SAROJ,KAUSHAMBI(SC),15-Apr-26,IMAMUDDIN,Payment In-Progress,50781
1353,Uttar Pradesh,Installing hand pumps,WS/MP18225/2025-2026/150540,PRATAPGARH(DISTRICT MAGISTRAE PRATAPGARH_IDA),PUSHPENDRA SAROJ,KAUSHAMBI(SC),26-Apr-26,IMAMUDDIN,Payment In-Progress,50781
1354,Uttar Pradesh,Installing hand pumps,WS/MP18225/2025-2026/150541,PRATAPGARH(DISTRICT MAGISTRAE PRATAPGARH_IDA),PUSHPENDRA SAROJ,KAUSHAMBI(SC),17-Apr-26,IMAMUDDIN,Payment In-Progress,50781
1355,Uttar Pradesh,Installing hand pumps,WS/MP18225/2025-2026/150542,PRATAPGARH(DISTRICT MAGISTRAE PRATAPGARH_IDA),PUSHPENDRA SAROJ,KAUSHAMBI(SC),27-Mar-26,IMAMUDDIN,Payment In-Progress,50781
1356,Uttar Pradesh,Installing hand pumps,WS/MP18225/2025-2026/150543,PRATAPGARH(DISTRICT MAGISTRAE PRATAPGARH_IDA),PUSHPENDRA SAROJ,KAUSHAMBI(SC),27-Mar-26,IMAMUDDIN,Payment In-Progress,50781
1357,Uttar Pradesh,Installing hand pumps,WS/MP18225/2025-2026/150545,PRATAPGARH(DISTRICT MAGISTRAE PRATAPGARH_IDA),PUSHPENDRA SAROJ,KAUSHAMBI(SC),27-Mar-26,IMAMUDDIN,Payment In-Progress,50781
1358,Uttar Pradesh,Installing hand pumps,WS/MP18225/2025-2026/150546,PRATAPGARH(DISTRICT MAGISTRAE PRATAPGARH_IDA),PUSHPENDRA SAROJ,KAUSHAMBI(SC),16-Apr-26,IMAMUDDIN,Payment In-Progress,50781
1359,Uttar Pradesh,Installing hand pumps,WS/MP18225/2025-2026/150547,PRATAPGARH(DISTRICT MAGISTRAE PRATAPGARH_IDA),PUSHPENDRA SAROJ,KAUSHAMBI(SC),17-Apr-26,IMAMUDDIN,Payment In-Progress,50781
1360,Uttar Pradesh,Installing hand pumps,WS/MP18225/2025-2026/150561,PRATAPGARH(DISTRICT MAGISTRAE PRATAPGARH_IDA),PUSHPENDRA SAROJ,KAUSHAMBI(SC),26-Apr-26,IMAMUDDIN,Payment In-Progress,50781
1361,Uttar Pradesh,Installing hand pumps,WS/MP18225/2025-2026/150444,PRATAPGARH(DISTRICT MAGISTRAE PRATAPGARH_IDA),PUSHPENDRA SAROJ,KAUSHAMBI(SC),17-Apr-26,IMAMUDDIN,Payment In-Progress,50781
1362,Uttar Pradesh,Installing hand pumps,WS/MP18225/2025-2026/150445,PRATAPGARH(DISTRICT MAGISTRAE PRATAPGARH_IDA),PUSHPENDRA SAROJ,KAUSHAMBI(SC),19-Jan-26,IMAMUDDIN,Payment In-Progress,50781
1363,Uttar Pradesh,Installing hand pumps,WS/MP18225/2025-2026/150446,PRATAPGARH(DISTRICT MAGISTRAE PRATAPGARH_IDA),PUSHPENDRA SAROJ,KAUSHAMBI(SC),15-Apr-26,IMAMUDDIN,Payment In-Progress,50781
1364,Uttar Pradesh,Installing hand pumps,WS/MP18225/2025-2026/150447,PRATAPGARH(DISTRICT MAGISTRAE PRATAPGARH_IDA),PUSHPENDRA SAROJ,KAUSHAMBI(SC),19-Jan-26,IMAMUDDIN,Payment In-Progress,50781
1365,Uttar Pradesh,Installing hand pumps,WS/MP18225/2025-2026/150551,PRATAPGARH(DISTRICT MAGISTRAE PRATAPGARH_IDA),PUSHPENDRA SAROJ,KAUSHAMBI(SC),27-Apr-26,IMAMUDDIN,Payment In-Progress,50781
1366,Uttar Pradesh,Installing hand pumps,WS/MP18225/2025-2026/150554,PRATAPGARH(DISTRICT MAGISTRAE PRATAPGARH_IDA),PUSHPENDRA SAROJ,KAUSHAMBI(SC),27-Apr-26,IMAMUDDIN,Payment In-Progress,50781
1367,Uttar Pradesh,Installing hand pumps,WS/MP18225/2025-2026/150555,PRATAPGARH(DISTRICT MAGISTRAE PRATAPGARH_IDA),PUSHPENDRA SAROJ,KAUSHAMBI(SC),16-Apr-26,IMAMUDDIN,Payment In-Progress,50781
1368,Uttar Pradesh,Installing hand pumps,WS/MP18225/2025-2026/150453,PRATAPGARH(DISTRICT MAGISTRAE PRATAPGARH_IDA),PUSHPENDRA SAROJ,KAUSHAMBI(SC),19-Jan-26,IMAMUDDIN,Payment In-Progress,50781
1369,Uttar Pradesh,Installing hand pumps,WS/MP18225/2025-2026/150457,PRATAPGARH(DISTRICT MAGISTRAE PRATAPGARH_IDA),PUSHPENDRA SAROJ,KAUSHAMBI(SC),15-Apr-26,IMAMUDDIN,Payment In-Progress,50781
1370,Uttar Pradesh,Installing hand pumps,WS/MP18225/2025-2026/150458,PRATAPGARH(DISTRICT MAGISTRAE PRATAPGARH_IDA),PUSHPENDRA SAROJ,KAUSHAMBI(SC),15-Apr-26,IMAMUDDIN,Payment In-Progress,50781
1371,Uttar Pradesh,Installing hand pumps,WS/MP18225/2025-2026/150460,PRATAPGARH(DISTRICT MAGISTRAE PRATAPGARH_IDA),PUSHPENDRA SAROJ,KAUSHAMBI(SC),26-Apr-26,IMAMUDDIN,Payment In-Progress,50781
1372,Uttar Pradesh,Installing hand pumps,WS/MP18225/2025-2026/150558,PRATAPGARH(DISTRICT MAGISTRAE PRATAPGARH_IDA),PUSHPENDRA SAROJ,KAUSHAMBI(SC),15-Apr-26,IMAMUDDIN,Payment In-Progress,50781
1373,Uttar Pradesh,Installing hand pumps,WS/MP18225/2025-2026/150464,PRATAPGARH(DISTRICT MAGISTRAE PRATAPGARH_IDA),PUSHPENDRA SAROJ,KAUSHAMBI(SC),27-Mar-26,IMAMUDDIN,Payment In-Progress,50781
1374,Uttar Pradesh,Installing hand pumps,WS/MP18225/2025-2026/150465,PRATAPGARH(DISTRICT MAGISTRAE PRATAPGARH_IDA),PUSHPENDRA SAROJ,KAUSHAMBI(SC),17-Apr-26,IMAMUDDIN,Payment In-Progress,50781
1375,Uttar Pradesh,"Construction of roads, link roads, pathways or any other road with or without drainage system",WS/MP18225/2025-2026/257605,PRATAPGARH(DISTRICT MAGISTRAE PRATAPGARH_IDA),PUSHPENDRA SAROJ,KAUSHAMBI(SC),17-Jul-26,IMAMUDDIN,Payment In-Progress,839689
1376,Karnataka,Construction of culverts and bridges,WS/MP18083/2026-2027/266992,DAKSHINA KANNADA(DEPUTY COMMISSIONER DAKSHIN KANNAD MANGALORE_IDA),CAPTAIN BRIJESH CHOWTA,DAKSHINA KANNADA,04-Aug-26,KEERTHISHA S K,Payment In-Progress,499527
1377,Himachal Pradesh,Setting up crops conservation facilities,WS/MP18328/2025-2026/252744,KINNAUR(DEPUTY COMMISSIONER KINNAUR_IDA),Kangana Ranaut,MANDI,25-Aug-26,Bushahr Trades,Payment In-Progress,77275
1378,Punjab,Construction of additional rooms and halls in the existing public and community building,WS/MP18314/2025-2026/214378,BARNALA(DEPUTY COMMISSIONER BARNALA_IDA),GURMEET SINGH MEET HAYER,SANGRUR,16-Aug-26,NEW GARG ENTERPRISES,Payment In-Progress,399974
1379,Madhya Pradesh,Construction of community centers and community halls,WS/MP654/2026-2027/301028,KATNI(District Collector Katni_IDA),Smt Himadri Singh,SHAHDOL (ST),27-Aug-26,Gram Panchayat Khamhariya Baagri,Payment In-Progress,350000
1380,Madhya Pradesh,"Construction of roads, link roads, pathways or any other road with or without drainage system",WS/MP654/2026-2027/300734,KATNI(District Collector Katni_IDA),Smt Himadri Singh,SHAHDOL (ST),27-Aug-26,Gram Panchayat Khamhariya Baagri,Payment In-Progress,400000
1381,Uttar Pradesh,"Construction of roads, link roads, pathways or any other road with or without drainage system",WS/MP18218/2025-2026/256860,GHAZIABAD(DISTRICT MAGISTRAE GHAZIABAD_IDA),ATUL GARG,GHAZIABAD,03-Aug-26,N G CONSTRUCTIONS,Payment In-Progress,973076
1382,Uttar Pradesh,"Construction of roads, link roads, pathways or any other road with or without drainage system",WS/MP18218/2025-2026/233772,GHAZIABAD(DISTRICT MAGISTRAE GHAZIABAD_IDA),ATUL GARG,GHAZIABAD,13-Jul-26,mMODERN ENGINEERING ASSOCIATES,Payment In-Progress,691301
1383,Madhya Pradesh,"Construction of roads, link roads, pathways or any other road with or without drainage system",WS/MP654/2025-2026/230682,KATNI(District Collector Katni_IDA),Smt Himadri Singh,SHAHDOL (ST),05-Aug-26,GRAM KOSH NEGAI,Payment In-Progress,500000
1384,Uttar Pradesh,"Construction of roads, link roads, pathways or any other road with or without drainage system",WS/MP18223/2026-2027/275958,SAHARANPUR(DISTRICT MAGISTRAE SAHARANPUR_IDA),IQRA CHOUDHARY,KAIRANA,30-Jul-26,M S TRADERS,Payment In-Progress,732853
1385,Uttar Pradesh,"Construction of roads, link roads, pathways or any other road with or without drainage system",WS/MP18223/2026-2027/275959,SAHARANPUR(DISTRICT MAGISTRAE SAHARANPUR_IDA),IQRA CHOUDHARY,KAIRANA,31-Jul-26,M S TRADERS,Payment In-Progress,1356927
1386,Uttar Pradesh,"Construction of roads, link roads, pathways or any other road with or without drainage system",WS/MP18223/2025-2026/256004,SAHARANPUR(DISTRICT MAGISTRAE SAHARANPUR_IDA),IQRA CHOUDHARY,KAIRANA,26-Jul-26,M S TRADERS,Payment In-Progress,1459442
1387,Uttar Pradesh,"Construction of roads, link roads, pathways or any other road with or without drainage system",WS/MP18223/2025-2026/256007,SAHARANPUR(DISTRICT MAGISTRAE SAHARANPUR_IDA),IQRA CHOUDHARY,KAIRANA,26-Jul-26,M S TRADERS,Payment In-Progress,1041162
1388,Uttar Pradesh,Installing hand pumps,WS/MP18225/2025-2026/150474,PRATAPGARH(DISTRICT MAGISTRAE PRATAPGARH_IDA),PUSHPENDRA SAROJ,KAUSHAMBI(SC),27-Mar-26,IMAMUDDIN,Payment In-Progress,50781
1389,Uttar Pradesh,Installing hand pumps,WS/MP18225/2025-2026/150467,PRATAPGARH(DISTRICT MAGISTRAE PRATAPGARH_IDA),PUSHPENDRA SAROJ,KAUSHAMBI(SC),15-Apr-26,IMAMUDDIN,Payment In-Progress,50781
1390,Uttar Pradesh,Installing hand pumps,WS/MP18225/2025-2026/150468,PRATAPGARH(DISTRICT MAGISTRAE PRATAPGARH_IDA),PUSHPENDRA SAROJ,KAUSHAMBI(SC),15-Apr-26,IMAMUDDIN,Payment In-Progress,50781
1391,Uttar Pradesh,Installing hand pumps,WS/MP18225/2025-2026/150486,PRATAPGARH(DISTRICT MAGISTRAE PRATAPGARH_IDA),PUSHPENDRA SAROJ,KAUSHAMBI(SC),15-Apr-26,IMAMUDDIN,Payment In-Progress,50781
1392,Uttar Pradesh,Installing hand pumps,WS/MP18225/2025-2026/150818,PRATAPGARH(DISTRICT MAGISTRAE PRATAPGARH_IDA),PUSHPENDRA SAROJ,KAUSHAMBI(SC),19-Jan-26,IMAMUDDIN,Payment In-Progress,50781
1393,Uttar Pradesh,Installing hand pumps,WS/MP18225/2025-2026/150490,PRATAPGARH(DISTRICT MAGISTRAE PRATAPGARH_IDA),PUSHPENDRA SAROJ,KAUSHAMBI(SC),27-Apr-26,IMAMUDDIN,Payment In-Progress,50781
1394,Uttar Pradesh,Installing hand pumps,WS/MP18225/2025-2026/150491,PRATAPGARH(DISTRICT MAGISTRAE PRATAPGARH_IDA),PUSHPENDRA SAROJ,KAUSHAMBI(SC),26-Apr-26,IMAMUDDIN,Payment In-Progress,50781
1395,Uttar Pradesh,Installing hand pumps,WS/MP18225/2025-2026/150492,PRATAPGARH(DISTRICT MAGISTRAE PRATAPGARH_IDA),PUSHPENDRA SAROJ,KAUSHAMBI(SC),26-Apr-26,IMAMUDDIN,Payment In-Progress,50781
1396,Uttar Pradesh,Installing hand pumps,WS/MP18225/2025-2026/150482,PRATAPGARH(DISTRICT MAGISTRAE PRATAPGARH_IDA),PUSHPENDRA SAROJ,KAUSHAMBI(SC),27-Mar-26,IMAMUDDIN,Payment In-Progress,50781
1397,Uttar Pradesh,Installing hand pumps,WS/MP18225/2025-2026/150832,PRATAPGARH(DISTRICT MAGISTRAE PRATAPGARH_IDA),PUSHPENDRA SAROJ,KAUSHAMBI(SC),27-Apr-26,IMAMUDDIN,Payment In-Progress,50781
1398,Maharashtra,"Construction of roads, link roads, pathways or any other road with or without drainage system",WS/MP18116/2025-2026/248386,THANE(DISTRICT COLLECTOR THANE_IDA),BALYA MAMA SURESH GOPINATH MHATRE,BHIWANDI,25-Aug-26,Hindustan Enterprises,Payment In-Progress,1484041
1399,Punjab,Construction of additional rooms and halls in the existing public and community building,WS/MP716/2025-2026/189732,MANSA(DEPUTY COMMISSIONER MANSA_IDA),Smt Harsimrat Kaur Badal,BHATINDA,26-Aug-26,The Aggarwal Gram Udyog Samti,Payment In-Progress,8876
1400,Uttar Pradesh,"Construction of roads, link roads, pathways or any other road with or without drainage system",WS/MP18232/2026-2027/224285,MUZAFFARNAGAR(DISTRICT MAGISTRATE MUZAFFARNAGAR_IDA),HARENDRA SINGH MALIK,MUZAFFARNAGAR,15-Jul-26,SHRI SAI CONSTRUCTION,Payment In-Progress,893927
1401,Uttar Pradesh,"Construction of roads, link roads, pathways or any other road with or without drainage system",WS/MP18199/2025-2026/200596,AMBEDKAR NAGAR(DISTRICT MAGISTRATE AMBEDKAR NAGAR_IDA),LALJI VERMA,AMBEDKAR NAGAR,22-Jun-26,GK CONSTRUCTION,Payment In-Progress,838395
1402,Punjab,Construction of additional rooms and halls in the existing public and community building,WS/MP18314/2025-2026/219808,BARNALA(DEPUTY COMMISSIONER BARNALA_IDA),GURMEET SINGH MEET HAYER,SANGRUR,26-Aug-26,The Karian Co op Society Ltd,Payment In-Progress,300000
1403,Uttar Pradesh,"Construction of roads, link roads, pathways or any other road with or without drainage system",WS/MP18198/2025-2026/254284,PRAYAGRAJ(DISTRICT MAGISTRAE ALLAHABAD_IDA),UJJWAL RAMAN SINGH,ALLAHABAD,07-Jul-26,A K CONSTRUCTION,Payment In-Progress,743175
1404,Uttar Pradesh,"Construction of roads, link roads, pathways or any other road with or without drainage system",WS/MP18209/2025-2026/231543,MUZAFFARNAGAR(DISTRICT MAGISTRATE MUZAFFARNAGAR_IDA),CHANDAN CHAUHAN,BIJNOR,24-Jul-26,NARESH CONTRACTOR AND TRADING CO,Payment In-Progress,172208
1405,Karnataka,Construction of buildings for community cultural activities,WS/MP18084/2025-2026/170687,Vijayanagara(DEPUTY COMMISSIONER VIJAYANAGARA_IDA),DR. PRABHA MALLIKARJUN,DAVANAGERE,18-Aug-26,KIRAN RADDER,Payment In-Progress,119696
1406,Rajasthan,"Construction of roads, link roads, pathways or any other road with or without drainage system",WS/MP719/2025-2026/257060,AJMER(DISTRICT COLLECTOR AJMER_IDA),Bhagirath Chaudhary,AJMER,19-Aug-26,KASANA CONSTRUCTIONS,Payment In-Progress,435755
1407,West Bengal,Street lights,WS/MP858/2025-2026/137402,PURBA BARDHAMAN(DISTRICT MAGISTRATE PURBA BARDHAMAN_IDA),Asit Kumar Mal,BOLPUR(SC),21-Jul-26,TULUSHI ENGINEERING,Payment In-Progress,559116
1408,Uttar Pradesh,Installing hand pumps,WS/MP18225/2025-2026/150834,PRATAPGARH(DISTRICT MAGISTRAE PRATAPGARH_IDA),PUSHPENDRA SAROJ,KAUSHAMBI(SC),19-Jan-26,IMAMUDDIN,Payment In-Progress,50781
1409,Uttar Pradesh,Installing hand pumps,WS/MP18225/2025-2026/150835,PRATAPGARH(DISTRICT MAGISTRAE PRATAPGARH_IDA),PUSHPENDRA SAROJ,KAUSHAMBI(SC),16-Apr-26,IMAMUDDIN,Payment In-Progress,50781
1410,Uttar Pradesh,Installing hand pumps,WS/MP18225/2025-2026/150836,PRATAPGARH(DISTRICT MAGISTRAE PRATAPGARH_IDA),PUSHPENDRA SAROJ,KAUSHAMBI(SC),17-Apr-26,IMAMUDDIN,Payment In-Progress,50781
1411,Uttar Pradesh,Installing hand pumps,WS/MP18225/2025-2026/150837,PRATAPGARH(DISTRICT MAGISTRAE PRATAPGARH_IDA),PUSHPENDRA SAROJ,KAUSHAMBI(SC),15-Apr-26,IMAMUDDIN,Payment In-Progress,50781
1412,Uttar Pradesh,Installing hand pumps,WS/MP18225/2025-2026/151079,PRATAPGARH(DISTRICT MAGISTRAE PRATAPGARH_IDA),PUSHPENDRA SAROJ,KAUSHAMBI(SC),15-Apr-26,IMAMUDDIN,Payment In-Progress,50781
1413,Uttar Pradesh,Installing hand pumps,WS/MP18225/2025-2026/151082,PRATAPGARH(DISTRICT MAGISTRAE PRATAPGARH_IDA),PUSHPENDRA SAROJ,KAUSHAMBI(SC),16-Apr-26,IMAMUDDIN,Payment In-Progress,50781
1414,Uttar Pradesh,Construction of road under bridge,WS/MP18233/2025-2026/256237,PRAYAGRAJ(DISTRICT MAGISTRAE ALLAHABAD_IDA),PRAVEEN PATEL,PHULPUR,25-Aug-26,PRAYAG ENTERPRISES,Payment In-Progress,365087
1415,Uttar Pradesh,Construction of road under bridge,WS/MP18233/2025-2026/256237,PRAYAGRAJ(DISTRICT MAGISTRAE ALLAHABAD_IDA),PRAVEEN PATEL,PHULPUR,27-Aug-26,PRAYAG ENTERPRISES,Payment In-Progress,365087
1416,Uttar Pradesh,"Construction of roads, link roads, pathways or any other road with or without drainage system",WS/MP18198/2025-2026/193991,PRAYAGRAJ(DISTRICT MAGISTRAE ALLAHABAD_IDA),UJJWAL RAMAN SINGH,ALLAHABAD,27-Aug-26,S K CONSTRUCTION,Payment In-Progress,188287
1417,Uttar Pradesh,"Construction of roads, link roads, pathways or any other road with or without drainage system",WS/MP18198/2025-2026/214766,PRAYAGRAJ(DISTRICT MAGISTRAE ALLAHABAD_IDA),UJJWAL RAMAN SINGH,ALLAHABAD,20-Jun-26,UMESH CHANDRA MISHRA,Payment In-Progress,82846
1418,Uttar Pradesh,"Construction of roads, link roads, pathways or any other road with or without drainage system",WS/MP18198/2025-2026/193991,PRAYAGRAJ(DISTRICT MAGISTRAE ALLAHABAD_IDA),UJJWAL RAMAN SINGH,ALLAHABAD,20-Jul-26,TRIVENI CONSTRUCTION,Payment In-Progress,66931
1419,Uttar Pradesh,"Construction of roads, link roads, pathways or any other road with or without drainage system",WS/MP18198/2025-2026/214766,PRAYAGRAJ(DISTRICT MAGISTRAE ALLAHABAD_IDA),UJJWAL RAMAN SINGH,ALLAHABAD,26-Dec-25,N K CONSTRUCTIONS,Payment In-Progress,1105848
1420,Rajasthan,"Construction of roads, link roads, pathways or any other road with or without drainage system",WS/MP719/2025-2026/257060,AJMER(DISTRICT COLLECTOR AJMER_IDA),Bhagirath Chaudhary,AJMER,19-Aug-26,NIRMA DEVI JAT,Payment In-Progress,3861
1421,Rajasthan,"Construction of roads, link roads, pathways or any other road with or without drainage system",WS/MP719/2025-2026/257060,AJMER(DISTRICT COLLECTOR AJMER_IDA),Bhagirath Chaudhary,AJMER,19-Aug-26,RAMPRASAD,Payment In-Progress,11050
1422,Rajasthan,"Construction of roads, link roads, pathways or any other road with or without drainage system",WS/MP719/2025-2026/257060,AJMER(DISTRICT COLLECTOR AJMER_IDA),Bhagirath Chaudhary,AJMER,19-Aug-26,RAMPRASAD,Payment In-Progress,11050
1423,Rajasthan,"Construction of roads, link roads, pathways or any other road with or without drainage system",WS/MP719/2025-2026/257060,AJMER(DISTRICT COLLECTOR AJMER_IDA),Bhagirath Chaudhary,AJMER,19-Aug-26,HANUMAN,Payment In-Progress,3861
1424,Rajasthan,"Construction of roads, link roads, pathways or any other road with or without drainage system",WS/MP719/2025-2026/257060,AJMER(DISTRICT COLLECTOR AJMER_IDA),Bhagirath Chaudhary,AJMER,19-Aug-26,PRADHAN SINGH,Payment In-Progress,3861
1425,Rajasthan,"Construction of roads, link roads, pathways or any other road with or without drainage system",WS/MP719/2025-2026/257060,AJMER(DISTRICT COLLECTOR AJMER_IDA),Bhagirath Chaudhary,AJMER,19-Aug-26,PARDEEP CHOUDHARI,Payment In-Progress,1782
1426,Uttar Pradesh,"Construction of roads, link roads, pathways or any other road with or without drainage system",WS/MP490/2025-2026/240967,VARANASI(DISTRICT MAGISTRAE VARANASI_IDA),Shri Narendra Modi,VARANASI,07-Aug-26,SIDDHI VINAYAK CONSTRUCTION,Payment In-Progress,898570
1427,Gujarat,Construction of footpaths and pedestrian ways,WS/MP18055/2026-2027/267016,PANCH MAHALS(DISTRICT COLLECTOR PANCHMAHALS_IDA),RAJPALSINH MAHENDRASINH JADAV,PANCHMAHAL,25-Aug-26,GRAM PANCHAYAT PALASA,Payment In-Progress,150000
1428,Punjab,Installing tube-wells and borewells,WS/MP18314/2026-2027/266948,BARNALA(DEPUTY COMMISSIONER BARNALA_IDA),GURMEET SINGH MEET HAYER,SANGRUR,24-Aug-26,Dhanaula Pump Store,Payment In-Progress,47461
1429,Punjab,Installing tube-wells and borewells,WS/MP18314/2026-2027/266948,BARNALA(DEPUTY COMMISSIONER BARNALA_IDA),GURMEET SINGH MEET HAYER,SANGRUR,24-Aug-26,Dhanaula Pump Store,Payment In-Progress,22539
1430,Gujarat,Crematoriums/energy efficient crematoriums or structures on burial/cremation ground,WS/MP588/2025-2026/198729,JAMNAGAR(DISTRICT COLLECTOR JAMNAGAR_IDA),Smt Poonamben Hematbhai Maadam,JAMNAGAR,17-Aug-26,SHRI KADBAL GRAM PANCHAYAT,Payment In-Progress,400000
1431,Rajasthan,"Construction of roads, link roads, pathways or any other road with or without drainage system",WS/MP719/2025-2026/257060,AJMER(DISTRICT COLLECTOR AJMER_IDA),Bhagirath Chaudhary,AJMER,19-Aug-26,SHRIKANT,Payment In-Progress,3861
1432,Rajasthan,"Construction of roads, link roads, pathways or any other road with or without drainage system",WS/MP719/2025-2026/257060,AJMER(DISTRICT COLLECTOR AJMER_IDA),Bhagirath Chaudhary,AJMER,19-Aug-26,SUKHPAL,Payment In-Progress,11050
1433,Rajasthan,"Construction of roads, link roads, pathways or any other road with or without drainage system",WS/MP719/2025-2026/257060,AJMER(DISTRICT COLLECTOR AJMER_IDA),Bhagirath Chaudhary,AJMER,19-Aug-26,HANUMAN PRASAD,Payment In-Progress,3861
1434,Rajasthan,"Construction of roads, link roads, pathways or any other road with or without drainage system",WS/MP719/2025-2026/257060,AJMER(DISTRICT COLLECTOR AJMER_IDA),Bhagirath Chaudhary,AJMER,19-Aug-26,IRFAN KHAN,Payment In-Progress,3861
1435,Maharashtra,Construction of bus-sheds or bus-stops,WS/MP18116/2025-2026/235824,THANE(DISTRICT COLLECTOR THANE_IDA),BALYA MAMA SURESH GOPINATH MHATRE,BHIWANDI,25-Aug-26,Bubere and Associates,Payment In-Progress,988136
1436,Haryana,"Construction of roads, link roads, pathways or any other road with or without drainage system",WS/MP18060/2025-2026/230498,YAMUNANAGAR(Deputy Commissioner YamunaNagar_IDA),VARUN CHAUDHRY,AMBALA (SC),12-Jun-26,The Sarswal CoOp L and C Society LTD,Payment In-Progress,28514
1437,Maharashtra,"Construction of roads, link roads, pathways or any other road with or without drainage system",WS/MP18111/2026-2027/269037,AKOLA(DISTRICT COLLECTOR AKOLA_IDA),ANUP SANJAY DHOTRE,AKOLA,17-Aug-26,Nishant Gulab Rathod,Payment In-Progress,984839
1438,West Bengal,Construction of common work sheds/ common covered sitting area,WS/MP18245/2025-2026/165171,Paschim Medinipur(DISTRICT MAGISTRATE PASCHIM MEDINIPUR_IDA),BAG MITALI,ARAMBAG(SC),17-Aug-26,AMIT PAN,Payment In-Progress,603860
1439,Madhya Pradesh,"Construction of roads, link roads, pathways or any other road with or without drainage system",WS/MP18109/2025-2026/244420,SIDHI(DISTRICT COLLECTOR SIDHI_IDA),DR. RAJESH MISHRA,SIDHI,24-Aug-26,GRAM PANCHAYAT TENDUHA NO 1,Payment In-Progress,99900
1440,Madhya Pradesh,"Construction of roads, link roads, pathways or any other road with or without drainage system",WS/MP18109/2025-2026/244420,SIDHI(DISTRICT COLLECTOR SIDHI_IDA),DR. RAJESH MISHRA,SIDHI,24-Aug-26,GRAM PANCHAYAT TENDUHA NO 1,Payment In-Progress,62143
1441,Madhya Pradesh,"Construction of roads, link roads, pathways or any other road with or without drainage system",WS/MP18109/2025-2026/244420,SIDHI(DISTRICT COLLECTOR SIDHI_IDA),DR. RAJESH MISHRA,SIDHI,24-Aug-26,GRAM PANCHAYAT TENDUHA NO 1,Payment In-Progress,74800
1442,Chhattisgarh,Street lights,WS/MP18354/2025-2026/177631,SURGUJA(Collector Surguja_IDA),CHINTAMANI MAHARAJ,SARGUJA(ST),17-Apr-26,Ghanshyam Das Agrawal,Payment In-Progress,248944
1443,Chhattisgarh,Street lights,WS/MP18354/2025-2026/177631,SURGUJA(Collector Surguja_IDA),CHINTAMANI MAHARAJ,SARGUJA(ST),17-Apr-26,Ghanshyam Das Agrawal,Payment In-Progress,248944
1444,Himachal Pradesh,Crematoriums/energy efficient crematoriums or structures on burial/cremation ground,WS/MP18328/2025-2026/222410,MANDI(DEPUTY COMMISSIONER MANDI_IDA),Kangana Ranaut,MANDI,29-Aug-26,Gram Panchayat Tikri Mushera,Payment In-Progress,30000
1445,Karnataka,Construction of buildings for community cultural activities,"WS/	 MP620/2025-2026/206426",DHARWAD(DEPUTY COMMISSIONER DHARWAR_IDA),Pralhad Venkatesh Joshi,DHARWAD,30-Jul-26,Manjunath Mallappa Kittur,Payment In-Progress,297093
1446,Punjab,Construction of shelters for animals,WS/MP18314/2026-2027/268676,BARNALA(DEPUTY COMMISSIONER BARNALA_IDA),GURMEET SINGH MEET HAYER,SANGRUR,25-Aug-26,DASHMESH RETA BAJRI TALL,Payment In-Progress,39000
1447,Punjab,Construction of shelters for animals,WS/MP18314/2026-2027/268676,BARNALA(DEPUTY COMMISSIONER BARNALA_IDA),GURMEET SINGH MEET HAYER,SANGRUR,25-Aug-26,DASHMESH RETA BAJRI TALL,Payment In-Progress,37500
1448,Gujarat,Crematoriums/energy efficient crematoriums or structures on burial/cremation ground,WS/MP582/2026-2027/273821,SURAT(DISTRICT COLLECTOR SURAT_IDA),Prabhubhai Nagarbhai Vasava,BARDOLI(ST),18-Aug-26,VELACHHA GRAM PANCHAYAT,Payment In-Progress,250000
1449,Tamil Nadu,Construction of buildings for community cultural activities,WS/MP18312/2026-2027/212624,TIRUCHIRAPPALLI(DISTRICT COLLECTOR TIRUCHIRAPPALLI_IDA),DURAI VAIKO,TIRUCHIRAPPALLI,24-Aug-26,MS APT CONSTRUCTIONS,Payment In-Progress,1695480
1450,Andhra Pradesh,Providing supply pipelines for drinking water,WS/MP524/2025-2026/198127,CHITTOOR(DISTRICT COLLECTOR CHITTOOR_IDA),Midhun Reddy,RAJAMPET,07-Aug-26,N KAMALAKAR REDDY,Payment In-Progress,74947
1451,Jammu And Kashmir,"Construction of roads, link roads, pathways or any other road with or without drainage system",WS/MP18260/2025-2026/191703,SRINAGAR(DEPUTY COMMISSIONER SRINAGAR_IDA),AGA SYED RUHULLAH MEHDI,SRINAGAR,30-Dec-25,Abdul Gani Koka,Payment In-Progress,41344
1452,Karnataka,Construction of buildings for community cultural activities,WS/MP18082/2025-2026/249135,CHITRADURGA(DEPUTY COMMISSIONER CHITRADURGA_IDA),GOVIND MAKTHAPPA KARJOL,CHITRADURGA(SC),24-Jun-26,VEERESH G,Payment In-Progress,121252
1453,Karnataka,"Construction of roads, link roads, pathways or any other road with or without drainage system",WS/MP18088/2025-2026/157001,KOLAR(DEPUTY COMMISSIONER KOLAR_IDA),M. MALLESH BABU,KOLAR(SC),10-Jul-26,VISHWANATHA GOWDA B N,Payment In-Progress,48709
1454,Uttar Pradesh,"Construction of roads, link roads, pathways or any other road with or without drainage system",WS/MP18198/2025-2026/214766,PRAYAGRAJ(DISTRICT MAGISTRAE ALLAHABAD_IDA),UJJWAL RAMAN SINGH,ALLAHABAD,12-Feb-26,SANIL AHMAD,Payment In-Progress,835348
1455,Chhattisgarh,Street lights,WS/MP18354/2025-2026/177625,SURGUJA(Collector Surguja_IDA),CHINTAMANI MAHARAJ,SARGUJA(ST),10-Apr-26,Ghanshyam Das Agrawal,Payment In-Progress,248944
1456,Chhattisgarh,Street lights,WS/MP18354/2025-2026/177626,SURGUJA(Collector Surguja_IDA),CHINTAMANI MAHARAJ,SARGUJA(ST),10-Apr-26,Ghanshyam Das Agrawal,Payment In-Progress,248944
1457,Chhattisgarh,Street lights,WS/MP18354/2025-2026/177627,SURGUJA(Collector Surguja_IDA),CHINTAMANI MAHARAJ,SARGUJA(ST),24-Mar-26,Ghanshyam Das Agrawal,Payment In-Progress,248944
1458,Andhra Pradesh,Providing supply pipelines for drinking water,WS/MP524/2025-2026/198065,CHITTOOR(DISTRICT COLLECTOR CHITTOOR_IDA),Midhun Reddy,RAJAMPET,06-Aug-26,N KAMALAKAR REDDY,Payment In-Progress,264865
1459,Rajasthan,Construction of community centers and community halls,WS/MP728/2025-2026/235250,CHURU(DISTRICT COLLECTOR CHURU_IDA),Rahul Kaswan,CHURU,10-Aug-26,Jamidara Trading Company,Payment In-Progress,673201
1460,Himachal Pradesh,"Construction of roads, link roads, pathways or any other road with or without drainage system",WS/MP598/2025-2026/259505,SIRMAUR(DEPUTY COMMISSIONER SIRMOUR_IDA),Suresh Kumar Kashyap,SHIMLA (SC),28-Jul-26,Block Development officer Nahan,Payment In-Progress,300000
1461,Himachal Pradesh,Construction of footpaths and pedestrian ways,WS/MP598/2026-2027/272199,SIRMAUR(DEPUTY COMMISSIONER SIRMOUR_IDA),Suresh Kumar Kashyap,SHIMLA (SC),28-Jul-26,Block Development officer Nahan,Payment In-Progress,100000
1462,Uttar Pradesh,"Construction of roads, link roads, pathways or any other road with or without drainage system",WS/MP18198/2025-2026/193991,PRAYAGRAJ(DISTRICT MAGISTRAE ALLAHABAD_IDA),UJJWAL RAMAN SINGH,ALLAHABAD,20-Jul-26,LAVLESH KUMAR PANDEY,Payment In-Progress,401902
1463,Rajasthan,Construction of community centers and community halls,WS/MP18172/2025-2026/206330,Salumbar(DISTRICT COLLECTOR Salumbar_IDA),MANNA LAL RAWAT,UDAIPUR(ST),24-Aug-26,RITVI CONSTRUCTIONS,Payment In-Progress,1000000
1464,Rajasthan,Construction of common work sheds/ common covered sitting area,WS/MP18172/2025-2026/156311,PRATAPGARH(DISTRICT COLLECTOR PRATAPGARH_IDA),MANNA LAL RAWAT,UDAIPUR(ST),27-Aug-26,ANITA,Payment In-Progress,3705
1465,Punjab,Installing tube-wells and borewells,WS/MP18158/2026-2027/261347,PATIALA(DEPUTY COMMISSIONER PATIALA_IDA),DR DHARAMVIRA GANDHI,PATIALA,26-Aug-26,SHAM LAL SURINDER KUMAR,Payment In-Progress,85333
1466,Punjab,Installing tube-wells and borewells,WS/MP18158/2026-2027/261347,PATIALA(DEPUTY COMMISSIONER PATIALA_IDA),DR DHARAMVIRA GANDHI,PATIALA,26-Aug-26,SHAM LAL SURINDER KUMAR,Payment In-Progress,85137
1467,Madhya Pradesh,Construction of common work sheds/ common covered sitting area,WS/MP18102/2025-2026/233973,DHAR(DISTRICT COLLECTOR DHAR_IDA),SAVITRI THAKUR,DHAR(ST),20-Aug-26,Gram Panchayat Amjhera janpad Panchayat sardarpur,Payment In-Progress,400000
1468,Jammu And Kashmir,Development of playfields and sports grounds,WS/MP18260/2025-2026/189833,SRINAGAR(DEPUTY COMMISSIONER SRINAGAR_IDA),AGA SYED RUHULLAH MEHDI,SRINAGAR,18-Aug-26,Ghulam Mohi ud din Sheikh,Payment In-Progress,243800
1469,Rajasthan,Construction of community centers and community halls,WS/MP18162/2025-2026/210146,BHILWARA(DISTRICT COLLECTOR BHILWARA_IDA),DAMODAR AGARWAL,BHILWARA,13-Aug-26,CHOUDHARY BHILDERS,Payment In-Progress,385352
1470,Himachal Pradesh,Setting up of kitchen and pantries,WS/MP598/2025-2026/155304,SIRMAUR(DEPUTY COMMISSIONER SIRMOUR_IDA),Suresh Kumar Kashyap,SHIMLA (SC),25-Apr-26,BDO Rajgarh,Payment In-Progress,200000
1471,Assam,Construction of community centers and community halls,WS/MP18020/2025-2026/205157,NALBARI(DEPUTY COMMISSIONER NALBARI_IDA),PHANI BHUSAN CHOUDHURY,BARPETA,19-Aug-26,GANESH HARDWARE,Payment In-Progress,320000
1472,Assam,"Construction of roads, link roads, pathways or any other road with or without drainage system",WS/MP18026/2025-2026/181972,CHIRANG(Deputy Commissioner Chirang_IDA),JOYANTA BASUMATARY,KOKRAJHAR (ST),28-Aug-26,PHILIP NARZARY,Payment In-Progress,100000
1473,Madhya Pradesh,"Construction of roads, link roads, pathways or any other road with or without drainage system",WS/MP18104/2025-2026/244428,NARMADAPURAM(DISTRICT COLLECTOR NARMADAPURAM_IDA),DARSHAN SINGH CHOUDHARY,HOSHANGABAD,30-Jul-26,Sachiv gram panchayat Nitaya,Payment In-Progress,74000
1474,Andhra Pradesh,Providing supply pipelines for drinking water,WS/MP524/2025-2026/198092,CHITTOOR(DISTRICT COLLECTOR CHITTOOR_IDA),Midhun Reddy,RAJAMPET,06-Aug-26,N KAMALAKAR REDDY,Payment In-Progress,58578
1475,Andhra Pradesh,Providing supply pipelines for drinking water,WS/MP524/2025-2026/198083,CHITTOOR(DISTRICT COLLECTOR CHITTOOR_IDA),Midhun Reddy,RAJAMPET,06-Aug-26,N KAMALAKAR REDDY,Payment In-Progress,192977
1476,Himachal Pradesh,Construction of footpaths and pedestrian ways,WS/MP598/2025-2026/250218,SIRMAUR(DEPUTY COMMISSIONER SIRMOUR_IDA),Suresh Kumar Kashyap,SHIMLA (SC),05-Jan-26,BDO Rajgarh,Payment In-Progress,150000
1477,Himachal Pradesh,Construction of footpaths and pedestrian ways,WS/MP598/2025-2026/250219,SIRMAUR(DEPUTY COMMISSIONER SIRMOUR_IDA),Suresh Kumar Kashyap,SHIMLA (SC),05-Jan-26,BDO Rajgarh,Payment In-Progress,150000
1478,Uttar Pradesh,Construction of community centers and community halls,WS/MP18392/2025-2026/255718,PILIBHIT(DISTRICT MAGISTRAE PILIBHIT_IDA),JITIN PRASADA,PILIBHIT,23-Feb-26,RAM NARESH CONTRACTOR,Payment In-Progress,702746
1479,Uttarakhand,Construction of community centers and community halls,WS/MP021/2025-2026/242800,Udham Singh Nagar(DISTRICT MAGISTRATE UDHAMSINGH NAGAR_IDA),Ajay Bhatt,NAINITAL UDHAM SINGH NAG.,21-Aug-26,RAJESH KUMAR,Payment In-Progress,60466
1480,Maharashtra,Crematoriums/energy efficient crematoriums or structures on burial/cremation ground,WS/MP18122/2024-2025/186322,JALNA(DISTRICT COLLECTOR JALNA_IDA),KALYAN VAIJINATHRAO KALE,JALNA,10-Aug-26,PRIYA MAJUR SHAKARI SANSTHA MARYADIT JALNA,Payment In-Progress,497013
1481,Maharashtra,Providing drains and gutters for public drainage,WS/MP18308/2025-2026/262892,MUMBAI SUBURBAN(DISTRICT COLLECTOR MUMBAI SUBURBAN_IDA),RAVINDRA DATTARAM WAIKAR,MUMBAI NORTH WEST,04-Aug-26,RAJ DINESH PANDIRKAR,Payment In-Progress,1500000
1482,Rajasthan,Construction of community centers and community halls,WS/MP719/2025-2026/227474,AJMER(DISTRICT COLLECTOR AJMER_IDA),Bhagirath Chaudhary,AJMER,06-Aug-26,MANRAJ,Payment In-Progress,7722
1483,Gujarat,"Construction of roads, link roads, pathways or any other road with or without drainage system",WS/MP18324/2025-2026/273935,AMRELI(DISTRICT COLLECTOR AMRELI_IDA),BHARATBHAI MANUBHAI SUTARIYA,AMRELI,25-Aug-26,LUVARIYA GRAM PANCHAYAT,Payment In-Progress,300000
1484,Karnataka,Construction of community centers and community halls,WS/MP623/2026-2027/247181,VIJAYAPURA(DEPUTY COMMISSIONER BIJAPUR_IDA),Ramesh Chandappa Jigajinagi,BIJAPUR(SC),30-Jul-26,J M DALAPATI,Payment In-Progress,187500
1485,Andhra Pradesh,Providing supply pipelines for drinking water,WS/MP524/2025-2026/198122,CHITTOOR(DISTRICT COLLECTOR CHITTOOR_IDA),Midhun Reddy,RAJAMPET,06-Aug-26,N KAMALAKAR REDDY,Payment In-Progress,63431
1486,Uttarakhand,Construction of community centers and community halls,WS/MP021/2025-2026/242799,Udham Singh Nagar(DISTRICT MAGISTRATE UDHAMSINGH NAGAR_IDA),Ajay Bhatt,NAINITAL UDHAM SINGH NAG.,21-Aug-26,RAJESH KUMAR,Payment In-Progress,61312
1487,Karnataka,Construction of buildings for community cultural activities,WS/MP18077/2026-2027/192606,BELAGAVI(DEPUTY COMMISSIONER BELGAUM_IDA),JAGADISH SHETTAR,BELGAUM,19-Aug-26,MS SHRIDEVI ASSOCIATS PROP DEEPAK PATIL,Payment In-Progress,117043
1488,Tamil Nadu,Construction of community centers and community halls,WS/MP751/2025-2026/237104,MADURAI(DISTRICT COLLECTOR MADURAI_IDA),S Venkatesan,MADURAI,29-Aug-26,SUBBIAH S,Payment In-Progress,899900
1489,Uttar Pradesh,"Construction of roads, link roads, pathways or any other road with or without drainage system",WS/MP18232/2026-2027/237238,MUZAFFARNAGAR(DISTRICT MAGISTRATE MUZAFFARNAGAR_IDA),HARENDRA SINGH MALIK,MUZAFFARNAGAR,23-Aug-26,RANA CONTRACTOR AND SUPPLIER,Payment In-Progress,72688
1490,Uttar Pradesh,Construction of boundary walls of existing public and community buildings,WS/MP18232/2026-2027/232685,MUZAFFARNAGAR(DISTRICT MAGISTRATE MUZAFFARNAGAR_IDA),HARENDRA SINGH MALIK,MUZAFFARNAGAR,23-Aug-26,RANA CONTRACTOR AND SUPPLIER,Payment In-Progress,524551
1491,Jammu And Kashmir,Construction of culverts and bridges,WS/MP18260/2025-2026/185389,SRINAGAR(DEPUTY COMMISSIONER SRINAGAR_IDA),AGA SYED RUHULLAH MEHDI,SRINAGAR,22-Jan-26,Tariq Ahmad Mir,Payment In-Progress,155000
1492,Madhya Pradesh,Construction of buildings for community cultural activities,WS/MP356/2025-2026/253031,MANDSAUR(DISTRICT COLLECTOR MANDSAUR_IDA),Shri Sudheer Gupta,MANDSOUR,25-Aug-26,MALVI JINGER MOCHI SAMAJ KALYAN SAMITI,Payment In-Progress,500000
1493,Chhattisgarh,Construction of bus-sheds or bus-stops,WS/MP428/2025-2026/249278,Mohla-Manpur-Ambagarh Chouki(Collector MMC_IDA),Santosh Pandey,RAJNANDGAON,06-Aug-26,gram panchayat bital,Payment In-Progress,420000
1494,Karnataka,Construction of community centers and community halls,WS/MP18082/2025-2026/178897,TUMAKURU(DEPUTY COMMISSIONER TUMKUR_IDA),GOVIND MAKTHAPPA KARJOL,CHITRADURGA(SC),11-Aug-26,AJAYKUMAR A,Payment In-Progress,499689
1495,Chhattisgarh,"Construction of roads, link roads, pathways or any other road with or without drainage system",WS/MP568/2025-2026/247417,BEMETARA(Collector Bemetara_IDA),Vijay Baghel,DURG,06-Aug-26,GRAM PANCHAYAT DHANGAON,Payment In-Progress,269735
1496,Haryana,Establishing public lift irrigation projects,WS/MP18066/2026-2027/234837,SIRSA(DEPUTY COMMISSIONER SIRSA_IDA),SELJA,SIRSA(SC),25-Aug-26,Avtar Agro Industries,Payment In-Progress,195526
1497,Haryana,Establishing public lift irrigation projects,WS/MP18066/2026-2027/234838,SIRSA(DEPUTY COMMISSIONER SIRSA_IDA),SELJA,SIRSA(SC),25-Aug-26,Avtar Agro Industries,Payment In-Progress,195526
1498,Haryana,Establishing public lift irrigation projects,WS/MP18066/2026-2027/234839,SIRSA(DEPUTY COMMISSIONER SIRSA_IDA),SELJA,SIRSA(SC),25-Aug-26,Avtar Agro Industries,Payment In-Progress,195526
1499,Haryana,Establishing public lift irrigation projects,WS/MP18066/2026-2027/234840,SIRSA(DEPUTY COMMISSIONER SIRSA_IDA),SELJA,SIRSA(SC),25-Aug-26,Avtar Agro Industries,Payment In-Progress,195526
1500,Haryana,Establishing public lift irrigation projects,WS/MP18066/2026-2027/234842,SIRSA(DEPUTY COMMISSIONER SIRSA_IDA),SELJA,SIRSA(SC),25-Aug-26,Avtar Agro Industries,Payment In-Progress,195526
1501,Haryana,Establishing public lift irrigation projects,WS/MP18066/2026-2027/234843,SIRSA(DEPUTY COMMISSIONER SIRSA_IDA),SELJA,SIRSA(SC),25-Aug-26,Avtar Agro Industries,Payment In-Progress,195526
1502,West Bengal,Construction of common work sheds/ common covered sitting area,WS/MP18248/2024-2025/150922,PURBA BARDHAMAN(DISTRICT MAGISTRATE PURBA BARDHAMAN_IDA),DR. SHARMILA SARKAR,BARDHAMAN PURBA(SC),11-Aug-26,Pradip Saha,Payment In-Progress,133961
1503,Rajasthan,Construction of community centers and community halls,WS/MP719/2025-2026/227474,AJMER(DISTRICT COLLECTOR AJMER_IDA),Bhagirath Chaudhary,AJMER,06-Aug-26,SHARVAN LAL JAT,Payment In-Progress,7722
1504,Uttar Pradesh,Construction of community centers and community halls,WS/MP18209/2025-2026/145439,MUZAFFARNAGAR(DISTRICT MAGISTRATE MUZAFFARNAGAR_IDA),CHANDAN CHAUHAN,BIJNOR,15-Jul-26,ROHTASH SINGH CONTRACTOR,Payment In-Progress,376584
1505,Punjab,Construction of additional rooms and halls in the existing public and community building,WS/MP716/2025-2026/180617,BATHINDA(DEPUTY COMMISSIONER BHATINDA_IDA),Smt Harsimrat Kaur Badal,BHATINDA,24-Apr-26,LACHHMAN DASS CONTRACTOR,Payment In-Progress,297000
1506,Gujarat,Installing tube-wells and borewells,WS/MP578/2025-2026/214272,NARMADA(DISTRICT COLLECTOR NARMADA_IDA),Mansukhbhai Dhanjibhai Vasava,BHARUCH,24-Aug-26,BANDISERVAN GRAM PANCHAYAT,Payment In-Progress,100000
1507,Gujarat,"Construction of roads, link roads, pathways or any other road with or without drainage system",WS/MP18320/2026-2027/282174,Vav-Tharad(DISTRICT COLLECTOR VAV-THARAD),GENIBEN NAGAJI THAKOR,BANASKANTHA,27-Aug-26,GANGUN GRAM PANCHAYAT,Payment In-Progress,499807
1508,Assam,Creation of new ponds,WS/MP18019/2025-2026/154328,WEST KARBI ANGLONG(DISTRICT COMMISSIONER WEST KARBI ANGLONG),AMARSING TISSO,Diphu (ST),20-Aug-26,LONGKI PHANGCHO,Payment In-Progress,149830
1509,Rajasthan,Construction of buildings for community cultural activities,WS/MP722/2025-2026/233603,JHALAWAR(DISTRICT COLLECTOR JHALAWAR_IDA),Dushyant Singh,JHALAWAR-BARAN,22-Aug-26,jai maa construction and material suppliers,Payment In-Progress,162613
1510,Uttar Pradesh,"Construction of roads, link roads, pathways or any other road with or without drainage system",WS/MP18229/2025-2026/248657,MEERUT(DISTRICT MAGISTRATE MEERUT_IDA),ARUN GOVIL,MEERUT,11-Aug-26,ANUJ INTERLOCKING,Payment In-Progress,152251
1511,Chhattisgarh,Construction of buildings for community cultural activities,WS/MP18049/2024-2025/152243,MUNGELI(Collector Mungeli_IDA),TOKHAN SAHU,BILASPUR,17-Jul-26,SHRI KABIR CONSTRUCTION,Payment In-Progress,1391478
1512,Mizoram,Construction of footpaths and pedestrian ways,WS/MP18138/2025-2026/246652,AIZAWL(DEPUTY COMMISSIONER AIZAWL_IDA),RICHARD VANLALHMANGAIHA,MIZORAM (ST),13-Aug-26,MUP Vaivakawn,Payment In-Progress,490000
1513,Punjab,Construction of community centers and community halls,WS/MP716/2025-2026/195392,BATHINDA(DEPUTY COMMISSIONER BHATINDA_IDA),Smt Harsimrat Kaur Badal,BHATINDA,28-Aug-26,VINOD BUILDERS RAMPURA,Payment In-Progress,42377
1514,Punjab,Construction of community centers and community halls,WS/MP716/2025-2026/195392,BATHINDA(DEPUTY COMMISSIONER BHATINDA_IDA),Smt Harsimrat Kaur Badal,BHATINDA,28-Aug-26,VINOD BUILDERS RAMPURA,Payment In-Progress,23707
1515,Punjab,Construction of community centers and community halls,WS/MP716/2025-2026/195392,BATHINDA(DEPUTY COMMISSIONER BHATINDA_IDA),Smt Harsimrat Kaur Badal,BHATINDA,28-Aug-26,VINOD BUILDERS RAMPURA,Payment In-Progress,39274
1516,Uttar Pradesh,"Construction of roads, link roads, pathways or any other road with or without drainage system",WS/MP18229/2026-2027/254841,MEERUT(DISTRICT MAGISTRATE MEERUT_IDA),ARUN GOVIL,MEERUT,13-Aug-26,MPS CONSTRUCTION COMPANY,Payment In-Progress,737682
1517,Chhattisgarh,Construction of rooms and halls in school and colleges,WS/MP18335/2025-2026/150784,RAIGARH(DISTRICT COLLECTOR RAIGARH_IDA),RADHE SHYAM RATHIYA,RAIGARH(ST),25-Aug-26,OJASH CONSTRUCTION,Payment In-Progress,729437
1518,Andhra Pradesh,Construction of water tanks,WS/MP18005/2025-2026/223551,Bapatla(DISTRICT COLLECTOR BAPATLA_IDA),Krishna Prasad Tenneti,BAPATLA,18-Aug-26,UDAY KIRAN PROJECTS,Payment In-Progress,361591
1519,Assam,Construction of community centers and community halls,WS/MP18023/2025-2026/233955,KAMRUP(DEPUTY COMMISSIONER KAMRUP_IDA),BIJULI KALITA MEDHI,GUWAHATI,28-Aug-26,Sanindra Boro,Payment In-Progress,119999
1520,Assam,Construction of buildings for community cultural activities,WS/MP18020/2025-2026/166533,BONGAIGAON(Deputy Commissioner Bongaigaon_IDA),PHANI BHUSAN CHOUDHURY,BARPETA,26-Aug-26,CONST OF CULTURAL STAGE INFORNT OF COSMOS CLUB,Payment In-Progress,300000
1521,Uttar Pradesh,Lighting of public spaces,WS/MP18234/2024-2025/154081,PRATAPGARH(DISTRICT MAGISTRAE PRATAPGARH_IDA),DR. S P SINGH,PRATAPGARH,02-Apr-26,S K Enterprises,Payment In-Progress,177827
1522,Uttar Pradesh,"Construction of roads, link roads, pathways or any other road with or without drainage system",WS/MP18234/2026-2027/264030,PRATAPGARH(DISTRICT MAGISTRAE PRATAPGARH_IDA),DR. S P SINGH,PRATAPGARH,03-Aug-26,ARYAN ENTERPRISES,Payment In-Progress,456416
1523,Uttar Pradesh,"Construction of roads, link roads, pathways or any other road with or without drainage system",WS/MP18234/2026-2027/261818,PRATAPGARH(DISTRICT MAGISTRAE PRATAPGARH_IDA),DR. S P SINGH,PRATAPGARH,03-Aug-26,ARYAN ENTERPRISES,Payment In-Progress,395977
1524,Uttar Pradesh,"Construction of roads, link roads, pathways or any other road with or without drainage system",WS/MP18234/2026-2027/261815,PRATAPGARH(DISTRICT MAGISTRAE PRATAPGARH_IDA),DR. S P SINGH,PRATAPGARH,03-Aug-26,ARYAN ENTERPRISES,Payment In-Progress,397621
1525,Uttar Pradesh,Improvement of electricity distribution infrastructure,WS/MP18202/2025-2026/167583,AZAMGARH(DISTRICT MAGISTRATE AZAMGARH_IDA),DHARMENDRA YADAV,AZAMGARH,27-Feb-26,UPNEDA,Payment In-Progress,1060000
1526,Haryana,"Construction of roads, link roads, pathways or any other road with or without drainage system",WS/MP18064/2025-2026/226041,YAMUNANAGAR(Deputy Commissioner YamunaNagar_IDA),NAVEEN JINDAL,KURUKSHETRA,27-Aug-26,The RUDRA CO OP L AND C SOCIETY LTD,Payment In-Progress,27328
1527,Uttar Pradesh,"Construction of roads, link roads, pathways or any other road with or without drainage system",WS/MP18234/2026-2027/261817,PRATAPGARH(DISTRICT MAGISTRAE PRATAPGARH_IDA),DR. S P SINGH,PRATAPGARH,30-Jul-26,NEELAM VERMA,Payment In-Progress,400000
1528,Uttar Pradesh,"Construction of roads, link roads, pathways or any other road with or without drainage system",WS/MP18234/2026-2027/261819,PRATAPGARH(DISTRICT MAGISTRAE PRATAPGARH_IDA),DR. S P SINGH,PRATAPGARH,30-Jul-26,NEELAM VERMA,Payment In-Progress,396502
1529,Tamil Nadu,Lighting of public spaces,WS/MP18184/2026-2027/169908,THENI(District Collector Theni_5),THANGA TAMILSELVAN,THENI,22-Jun-26,SUN POWER TECNOLOGY AND ELECTICALS,Payment In-Progress,348450
1530,Tamil Nadu,Lighting of public spaces,WS/MP18184/2026-2027/169909,THENI(District Collector Theni_5),THANGA TAMILSELVAN,THENI,22-Jun-26,SUN POWER TECNOLOGY AND ELECTICALS,Payment In-Progress,349300
1531,Assam,Construction of rooms and halls in school and colleges,WS/MP18019/2026-2027/216141,WEST KARBI ANGLONG(DISTRICT COMMISSIONER WEST KARBI ANGLONG),AMARSING TISSO,Diphu (ST),20-Aug-26,Shivchandra Kumar Pandit,Payment In-Progress,699856
1532,Maharashtra,Crematoriums/energy efficient crematoriums or structures on burial/cremation ground,WS/MP18308/2025-2026/244678,MUMBAI SUBURBAN(DISTRICT COLLECTOR MUMBAI SUBURBAN_IDA),RAVINDRA DATTARAM WAIKAR,MUMBAI NORTH WEST,03-Aug-26,Padmawati Mssm,Payment In-Progress,2498103
1533,Maharashtra,Construction of public toilets and bathrooms,WS/MP18307/2025-2026/143608,MUMBAI SUBURBAN(DISTRICT COLLECTOR MUMBAI SUBURBAN_IDA),Piyush Vedprakash Goyal,MUMBAI NORTH,19-Aug-26,Jai Hanuman Co Op Lcs Ltd,Payment In-Progress,1998482
1534,Maharashtra,"Construction of roads, link roads, pathways or any other road with or without drainage system",WS/MP18307/2025-2026/143603,MUMBAI SUBURBAN(DISTRICT COLLECTOR MUMBAI SUBURBAN_IDA),Piyush Vedprakash Goyal,MUMBAI NORTH,19-Aug-26,Jaya Lcs Ltd,Payment In-Progress,2498104
1535,Jammu And Kashmir,Construction of boundary walls of existing public and community buildings,WS/MP600/2025-2026/148242,RAMBAN(Deputy Commissioner Ramban_IDA),Jitendra Singh,UDHAMPUR,10-Aug-26,Sh Rattan Singh So Lakhpat Singh Ro Beeranbass Hochak Pogal District Ramban Contractor,Payment In-Progress,189000
1536,Jammu And Kashmir,Construction of boundary walls of existing public and community buildings,WS/MP600/2025-2026/237693,RAMBAN(Deputy Commissioner Ramban_IDA),Jitendra Singh,UDHAMPUR,17-Aug-26,Sh Rattan Singh So Lakhpat Singh Ro Beeranbass Hochak Pogal District Ramban Contractor,Payment In-Progress,182000
1537,Uttar Pradesh,Installing community drinking water plants,WS/MP18238/2025-2026/251625,DEORIA(DISTRICT MAGISTRATE DEORIA),RAMASHANKAR RAJBHAR,SALEMPUR,19-Jun-26,MS ECOLEAF ENERGIES PRIVATE LIMITED,Payment In-Progress,111864
1538,Uttar Pradesh,Installing community drinking water plants,WS/MP18238/2025-2026/251626,DEORIA(DISTRICT MAGISTRATE DEORIA),RAMASHANKAR RAJBHAR,SALEMPUR,19-Jun-26,MS ECOLEAF ENERGIES PRIVATE LIMITED,Payment In-Progress,111864
1539,Uttar Pradesh,Installing community drinking water plants,WS/MP18238/2025-2026/214917,DEORIA(DISTRICT MAGISTRATE DEORIA),RAMASHANKAR RAJBHAR,SALEMPUR,19-Jun-26,MS ECOLEAF ENERGIES PRIVATE LIMITED,Payment In-Progress,111864
1540,Uttar Pradesh,Installing community drinking water plants,WS/MP18238/2025-2026/214918,DEORIA(DISTRICT MAGISTRATE DEORIA),RAMASHANKAR RAJBHAR,SALEMPUR,19-Jun-26,MS ECOLEAF ENERGIES PRIVATE LIMITED,Payment In-Progress,111864
1541,Uttar Pradesh,Installing community drinking water plants,WS/MP18238/2025-2026/214921,DEORIA(DISTRICT MAGISTRATE DEORIA),RAMASHANKAR RAJBHAR,SALEMPUR,19-Jun-26,MS ECOLEAF ENERGIES PRIVATE LIMITED,Payment In-Progress,111864
1542,Uttar Pradesh,Installing community drinking water plants,WS/MP18238/2025-2026/214923,DEORIA(DISTRICT MAGISTRATE DEORIA),RAMASHANKAR RAJBHAR,SALEMPUR,19-Jun-26,MS ECOLEAF ENERGIES PRIVATE LIMITED,Payment In-Progress,111864
1543,Uttar Pradesh,"Construction of roads, link roads, pathways or any other road with or without drainage system",WS/MP18234/2026-2027/264006,PRATAPGARH(DISTRICT MAGISTRAE PRATAPGARH_IDA),DR. S P SINGH,PRATAPGARH,30-Jul-26,NEELAM VERMA,Payment In-Progress,457000
1544,Uttar Pradesh,"Construction of roads, link roads, pathways or any other road with or without drainage system",WS/MP18234/2026-2027/264010,PRATAPGARH(DISTRICT MAGISTRAE PRATAPGARH_IDA),DR. S P SINGH,PRATAPGARH,30-Jul-26,NEELAM VERMA,Payment In-Progress,456565
1545,Uttar Pradesh,"Construction of roads, link roads, pathways or any other road with or without drainage system",WS/MP18234/2026-2027/264012,PRATAPGARH(DISTRICT MAGISTRAE PRATAPGARH_IDA),DR. S P SINGH,PRATAPGARH,30-Jul-26,NEELAM VERMA,Payment In-Progress,397484
1546,Uttar Pradesh,"Construction of roads, link roads, pathways or any other road with or without drainage system",WS/MP18234/2026-2027/263165,PRATAPGARH(DISTRICT MAGISTRAE PRATAPGARH_IDA),DR. S P SINGH,PRATAPGARH,30-Jul-26,NEELAM VERMA,Payment In-Progress,457935
1547,Odisha,Construction of community centers and community halls,WS/MP370/2025-2026/206322,Sundaragada(DISTRICT COLLECTOR SUNDARGARH_IDA),Shri Jual Oram,SUNDARGARH (ST),29-Aug-26,Sushanta Patel,Payment In-Progress,753863
1548,Haryana,Improvement of electricity distribution infrastructure,WS/MP329/2025-2026/197756,Charkhi Dadri(Deputy Commissioner Charkhi Dadri_IDA),Shri  Dharambir Singh,BHIWANI MAHENDRAGARH,26-Aug-26,SDO OP Division DHBVN Atela Kalan,Payment In-Progress,73000
1549,Haryana,Improvement of electricity distribution infrastructure,WS/MP329/2025-2026/197759,Charkhi Dadri(Deputy Commissioner Charkhi Dadri_IDA),Shri  Dharambir Singh,BHIWANI MAHENDRAGARH,26-Aug-26,SDO OP Division DHBVN Atela Kalan,Payment In-Progress,275000
1550,Haryana,Improvement of electricity distribution infrastructure,WS/MP329/2025-2026/197761,Charkhi Dadri(Deputy Commissioner Charkhi Dadri_IDA),Shri  Dharambir Singh,BHIWANI MAHENDRAGARH,26-Aug-26,SDO OP Division DHBVN Atela Kalan,Payment In-Progress,150000
1551,Haryana,Improvement of electricity distribution infrastructure,WS/MP329/2025-2026/254156,Charkhi Dadri(Deputy Commissioner Charkhi Dadri_IDA),Shri  Dharambir Singh,BHIWANI MAHENDRAGARH,26-Aug-26,SDO OP Division DHBVN Atela Kalan,Payment In-Progress,288000
1552,Haryana,Improvement of electricity distribution infrastructure,WS/MP329/2025-2026/254184,Charkhi Dadri(Deputy Commissioner Charkhi Dadri_IDA),Shri  Dharambir Singh,BHIWANI MAHENDRAGARH,26-Aug-26,SDO OP Division DHBVN Atela Kalan,Payment In-Progress,185000
1553,Haryana,Improvement of electricity distribution infrastructure,WS/MP329/2024-2025/150043,Charkhi Dadri(Deputy Commissioner Charkhi Dadri_IDA),Shri  Dharambir Singh,BHIWANI MAHENDRAGARH,26-Aug-26,SDO OP Division DHBVN Atela Kalan,Payment In-Progress,41500
1554,Haryana,Improvement of electricity distribution infrastructure,WS/MP329/2025-2026/218348,Charkhi Dadri(Deputy Commissioner Charkhi Dadri_IDA),Shri  Dharambir Singh,BHIWANI MAHENDRAGARH,26-Aug-26,SDO OP Division DHBVN Atela Kalan,Payment In-Progress,744000
1555,Assam,Construction of community centers and community halls,WS/MP18022/2025-2026/171020,TINSUKIA(DC Tinsukia),Shri Sarbananda Sonowal (18LS),DIBRUGARH,25-Aug-26,MANIRUL HAQUE ANSARI,Payment In-Progress,368197
1556,West Bengal,Crematoriums/energy efficient crematoriums or structures on burial/cremation ground,WS/MP18277/2024-2025/154150,PURBA BARDHAMAN(DISTRICT MAGISTRATE PURBA BARDHAMAN_IDA),AZAD KIRTI JHA,BARDHAMAN-DURGAPUR,21-Jul-26,RANGAMATI ENGINEERS CO OPERATIVE SOCIETY LTD,Payment In-Progress,398628
1557,Madhya Pradesh,Construction of common work sheds/ common covered sitting area,WS/MP18104/2025-2026/174713,RAISEN(DISTRICT COLLECTOR RAISEN_IDA),DARSHAN SINGH CHOUDHARY,HOSHANGABAD,21-Aug-26,GP CHHAWARA JP BADI,Payment In-Progress,50000
1558,Uttar Pradesh,"Construction of roads, link roads, pathways or any other road with or without drainage system",WS/MP18234/2026-2027/261873,PRATAPGARH(DISTRICT MAGISTRAE PRATAPGARH_IDA),DR. S P SINGH,PRATAPGARH,30-Jul-26,NEELAM VERMA,Payment In-Progress,454841
1559,Punjab,Crematoriums/energy efficient crematoriums or structures on burial/cremation ground,WS/MP18156/2025-2026/213071,JALANDHAR(DEPUTY COMMISSIONER JALANDHAR_IDA),CHARANJIT SINGH CHANNI,JALANDHAR(SC),28-Aug-26,Shri Krishna building material,Payment In-Progress,6713
1560,Uttar Pradesh,"Construction of roads, link roads, pathways or any other road with or without drainage system",WS/MP18211/2025-2026/206892,DEORIA(DISTRICT MAGISTRATE DEORIA),SHASHANK MANI,DEORIA,19-Jun-26,SHIV SHAKTI CONSTRUCTION PRO SMT INDU SINGH,Payment In-Progress,278494
1561,Uttar Pradesh,"Construction of roads, link roads, pathways or any other road with or without drainage system",WS/MP777/2025-2026/225321,GAUTAM BUDDHA NAGAR(DISTRICT MAGISTRATE GAUTAMBUDHNAGAR),Mahesh Sharma,GAUTAM BUDDHA NAGAR,06-Aug-26,MS OM ENTERPRISES,Payment In-Progress,858000
1562,Madhya Pradesh,"Construction of roads, link roads, pathways or any other road with or without drainage system",WS/MP18109/2026-2027/247523,SIDHI(DISTRICT COLLECTOR SIDHI_IDA),DR. RAJESH MISHRA,SIDHI,27-Aug-26,GRAM PANCHAYAT OBARHA JANPAD PANCHAYAT SIDHI,Payment In-Progress,100000
1563,Madhya Pradesh,"Construction of roads, link roads, pathways or any other road with or without drainage system",WS/MP18109/2026-2027/247523,SIDHI(DISTRICT COLLECTOR SIDHI_IDA),DR. RAJESH MISHRA,SIDHI,27-Aug-26,GRAM PANCHAYAT OBARHA JANPAD PANCHAYAT SIDHI,Payment In-Progress,100000
1564,Chhattisgarh,Construction of common work sheds/ common covered sitting area,WS/MP18048/2025-2026/209869,NARAYANPUR(Collector Narayanpur_IDA),MAHESH KASHYAP,BASTAR(ST),02-Mar-26,BHAKTIRATAN DAS,Payment In-Progress,182000
1565,Punjab,Renovation of ponds and lakes,WS/MP18156/2025-2026/184810,JALANDHAR(DEPUTY COMMISSIONER JALANDHAR_IDA),CHARANJIT SINGH CHANNI,JALANDHAR(SC),27-Aug-26,TFS ENTERPRISES,Payment In-Progress,46088
1566,Punjab,Renovation of ponds and lakes,WS/MP18156/2025-2026/184810,JALANDHAR(DEPUTY COMMISSIONER JALANDHAR_IDA),CHARANJIT SINGH CHANNI,JALANDHAR(SC),27-Aug-26,TFS ENTERPRISES,Payment In-Progress,74412
1567,Punjab,Renovation of ponds and lakes,WS/MP18156/2025-2026/184810,JALANDHAR(DEPUTY COMMISSIONER JALANDHAR_IDA),CHARANJIT SINGH CHANNI,JALANDHAR(SC),27-Aug-26,TFS ENTERPRISES,Payment In-Progress,79500
1568,Assam,"Construction of roads, link roads, pathways or any other road with or without drainage system",WS/MP18023/2025-2026/253864,KAMRUP METRO(DEPUTY COMMISSIONER KAMRUP METROPOLITAN_IDA),BIJULI KALITA MEDHI,GUWAHATI,29-Aug-26,Construction of road from Nabajeeban Sangha to Kailash Nagar Chowk Noonmat,Payment In-Progress,600000
1569,Haryana,Construction of boundary walls of existing public and community buildings,WS/MP18064/2025-2026/186134,YAMUNANAGAR(Deputy Commissioner YamunaNagar_IDA),NAVEEN JINDAL,KURUKSHETRA,27-Aug-26,The RUDRA CO OP L AND C SOCIETY LTD,Payment In-Progress,74787
1570,Gujarat,"Construction of roads, link roads, pathways or any other road with or without drainage system",WS/MP323/2025-2026/228157,GIR SOMNATH(DISTRICT COLLECTOR GIR SOMNATH_IDA),Rajeshbhai Naranbhai Chudasama,JUNAGADH,04-Aug-26,FAREDA GRAM PANCHAYAT,Payment In-Progress,245076
1571,Haryana,Construction of community centers and community halls,WS/MP18060/2025-2026/209044,YAMUNANAGAR(Deputy Commissioner YamunaNagar_IDA),VARUN CHAUDHRY,AMBALA (SC),13-Jul-26,The Maa Shakumbhari CoOp L and C Society LTD,Payment In-Progress,665115
1572,Rajasthan,Construction of community centers and community halls,WS/MP18169/2025-2026/228311,RAJSAMAND(DISTRICT COLLECTOR RAJSAMAND_IDA),MAHIMA KUMARI MEWAR,RAJSAMAND,12-Aug-26,STAR DEALERS,Payment In-Progress,333000
1573,West Bengal,Construction of water tanks,WS/MP18246/2026-2027/248058,MURSHIDABAD(DISTRICT MAGISTRATE MURSHIDABAD_IDA),PATHAN YUSUF,BAHARAMPUR,23-Aug-26,CIMECON ENTERPRISES,Payment In-Progress,1348497
1574,Rajasthan,Construction of additional rooms and halls in the existing public and community building,WS/MP18163/2026-2027/256566,JAIPUR(DISTRICT COLLECTOR JAIPUR_IDA),MURARI LAL MEENA,DAUSA(ST),23-Aug-26,GRK CONSTRUCTION COMPANY,Payment In-Progress,610500
1575,Uttar Pradesh,"Construction of roads, link roads, pathways or any other road with or without drainage system",WS/MP777/2025-2026/225359,GAUTAM BUDDHA NAGAR(DISTRICT MAGISTRATE GAUTAMBUDHNAGAR),Mahesh Sharma,GAUTAM BUDDHA NAGAR,06-Aug-26,MS JDS ENTERPRISES,Payment In-Progress,684700
1576,Tamil Nadu,"Purchase of smart boards, visual display units and projectors",WS/MP758/2025-2026/201583,KARUR(DISTRICT COLLECTOR KARUR_IDA),Smt S Jothimani,KARUR,18-Mar-26,RAMESH,Payment In-Progress,199966
1577,Uttar Pradesh,Improvement of electricity distribution infrastructure,WS/MP18237/2025-2026/194148,SAHARANPUR(DISTRICT MAGISTRAE SAHARANPUR_IDA),IMRAN MASOOD,SAHARANPUR,24-Apr-26,CAPITAL AC EDD BEHAT,Payment In-Progress,113721
1578,Uttar Pradesh,"Construction of roads, link roads, pathways or any other road with or without drainage system",WS/MP18345/2025-2026/207626,KANPUR DEHAT(DISTRICT MAGISTRATE KANPUR DEHAT_IDA),AKHILESH YADAV,KANNAUJ,23-Jun-26,KRISHNA ENTERPRISES AND SUPPLIERS,Payment In-Progress,233994
1579,Uttar Pradesh,"Construction of roads, link roads, pathways or any other road with or without drainage system",WS/MP18345/2026-2027/227423,KANPUR DEHAT(DISTRICT MAGISTRATE KANPUR DEHAT_IDA),AKHILESH YADAV,KANNAUJ,02-Jul-26,KRISHNA ENTERPRISES AND SUPPLIERS,Payment In-Progress,835029
1580,Assam,Construction of buildings for community cultural activities,WS/MP18020/2025-2026/205146,BARPETA(DEPUTY COMMISSIONER BARPETA 1),PHANI BHUSAN CHOUDHURY,BARPETA,07-Aug-26,SRI SRI NARASINGHA GOPAL NAMGHAR VILL KAMARGAON,Payment In-Progress,240000
1581,Assam,"Construction of roads, link roads, pathways or any other road with or without drainage system",WS/MP18022/2025-2026/171058,TINSUKIA(DC Tinsukia),Shri Sarbananda Sonowal (18LS),DIBRUGARH,25-Aug-26,Prosanta Hatibaruah,Payment In-Progress,174445
1582,Assam,"Construction of roads, link roads, pathways or any other road with or without drainage system",WS/MP18022/2025-2026/171058,TINSUKIA(DC Tinsukia),Shri Sarbananda Sonowal (18LS),DIBRUGARH,26-Aug-26,Prosanta Hatibaruah,Payment In-Progress,289455
1583,Rajasthan,Construction of boundary walls of existing public and community buildings,WS/MP719/2025-2026/247438,AJMER(DISTRICT COLLECTOR AJMER_IDA),Bhagirath Chaudhary,AJMER,21-May-26,SHRI MEWADA CONSTRUCTION,Payment In-Progress,251014
1584,Assam,Construction of community centers and community halls,WS/MP410/2025-2026/245630,TINSUKIA(DC Tinsukia),Pradan Baruah,LAKHIMPUR,28-Aug-26,Manuj Kumar Telia,Payment In-Progress,485900
1585,Uttar Pradesh,"Construction of roads, link roads, pathways or any other road with or without drainage system",WS/MP18380/2025-2026/244980,BHADOHI(DISTRICT MAGISTRATE BHADOHI_IDA),VINOD KUMAR BIND,BHADOHI,14-Aug-26,SAMARTH BROTHERS,Payment In-Progress,608299
1586,Madhya Pradesh,"Construction of roads, link roads, pathways or any other road with or without drainage system",WS/MP18109/2025-2026/244412,SIDHI(DISTRICT COLLECTOR SIDHI_IDA),DR. RAJESH MISHRA,SIDHI,25-Aug-26,Gram panchayat Madwa,Payment In-Progress,121632
1587,Madhya Pradesh,"Construction of roads, link roads, pathways or any other road with or without drainage system",WS/MP18109/2025-2026/244412,SIDHI(DISTRICT COLLECTOR SIDHI_IDA),DR. RAJESH MISHRA,SIDHI,25-Aug-26,Gram panchayat Madwa,Payment In-Progress,128317
1588,Rajasthan,Construction of community centers and community halls,WS/MP18162/2025-2026/187418,Shahpura(DISTRICT COLLECTOR Shahpura_IDA),DAMODAR AGARWAL,BHILWARA,25-Aug-26,rakesh kumawat,Payment In-Progress,7410
1589,Uttar Pradesh,"Construction of roads, link roads, pathways or any other road with or without drainage system",WS/MP18209/2025-2026/231539,MUZAFFARNAGAR(DISTRICT MAGISTRATE MUZAFFARNAGAR_IDA),CHANDAN CHAUHAN,BIJNOR,22-Jun-26,RAMBEER SINGH,Payment In-Progress,479133
1590,Karnataka,Construction of boundary walls of existing public and community buildings,WS/MP18082/2025-2026/198201,CHITRADURGA(DEPUTY COMMISSIONER CHITRADURGA_IDA),GOVIND MAKTHAPPA KARJOL,CHITRADURGA(SC),04-Aug-26,AJITH KUMAR P T,Payment In-Progress,123954
1591,Punjab,"Purchase of prosthetics, wheel chairs, tricycles (manual or motorized), elect scooties, hearing aids",WS/MP716/2025-2026/256576,MANSA(DEPUTY COMMISSIONER MANSA_IDA),Smt Harsimrat Kaur Badal,BHATINDA,02-Apr-26,GR ENTERPRISES SAS Nagar MOHALI,Payment In-Progress,45000
1592,Punjab,Crematoriums/energy efficient crematoriums or structures on burial/cremation ground,WS/MP716/2025-2026/210353,BATHINDA(DEPUTY COMMISSIONER BHATINDA_IDA),Smt Harsimrat Kaur Badal,BHATINDA,19-Aug-26,Balwinder singh,Payment In-Progress,26905
1593,Punjab,Crematoriums/energy efficient crematoriums or structures on burial/cremation ground,WS/MP716/2025-2026/210353,BATHINDA(DEPUTY COMMISSIONER BHATINDA_IDA),Smt Harsimrat Kaur Badal,BHATINDA,19-Aug-26,Balwinder singh,Payment In-Progress,32978
1594,Telangana,Installing hand pumps,WS/MP18189/2026-2027/204872,KHAMMAM(DISTRICT COLLECTOR KHAMMAM_IDA),RAMASAHAYAM RAGHURAM REDDY,KHAMMAM,17-Aug-26,Sri Ragavendra Bore wells,Payment In-Progress,68627
1595,Tamil Nadu,Construction of community centers and community halls,WS/MP393/2025-2026/206176,SIVAGANGA(DISTRICT COLLECTOR SIVAGANGA_IDA),Shri Karti P Chidambaram,SIVAGANGA,28-Aug-26,M P R ASSOCIATES,Payment In-Progress,509709
1596,Rajasthan,Construction of community centers and community halls,WS/MP719/2025-2026/230890,AJMER(DISTRICT COLLECTOR AJMER_IDA),Bhagirath Chaudhary,AJMER,18-Aug-26,MAMTA CONSTRUCTION AND  MATERIAL SUPPLIERS,Payment In-Progress,1940
1597,Rajasthan,Construction of community centers and community halls,WS/MP719/2025-2026/230890,AJMER(DISTRICT COLLECTOR AJMER_IDA),Bhagirath Chaudhary,AJMER,18-Aug-26,MAMTA CONSTRUCTION AND  MATERIAL SUPPLIERS,Payment In-Progress,68308
1598,Rajasthan,Construction of community centers and community halls,WS/MP719/2025-2026/230890,AJMER(DISTRICT COLLECTOR AJMER_IDA),Bhagirath Chaudhary,AJMER,11-Aug-26,MAMTA CONSTRUCTION AND  MATERIAL SUPPLIERS,Payment In-Progress,132016
1599,Andhra Pradesh,Construction of community centers and community halls,WS/MP18009/2025-2026/181067,Sri Sathya Sai(DISTRICT COLLECTOR SRI SATHYA SAI_IDA),B K PARTHASARATHI,HINDUPUR,29-Aug-26,KAPPALA JAGADEESH,Payment In-Progress,999946
1600,Rajasthan,Improvement of electricity distribution infrastructure,WS/MP384/2026-2027/247474,JAIPUR(DISTRICT COLLECTOR JAIPUR_IDA),Shri Arjun Ram Meghwal,BIKANER(SC),24-Aug-26,YUVRAJ ELECTRICALS,Payment In-Progress,1055975
1601,Uttar Pradesh,"Construction of roads, link roads, pathways or any other road with or without drainage system",WS/MP18346/2025-2026/202743,RAE BARELI(DISTRICT MAGISTRATE RAE BARELI_IDA),RAHUL GANDHI,RAE BARELI,27-Aug-26,ram narayan enterprises,Payment In-Progress,381544
1602,Jammu And Kashmir,Street lights,WS/MP18260/2025-2026/186682,SRINAGAR(DEPUTY COMMISSIONER SRINAGAR_IDA),AGA SYED RUHULLAH MEHDI,SRINAGAR,31-Mar-26,Alyas ahmad mir,Payment In-Progress,682
1603,Rajasthan,Construction of community centers and community halls,WS/MP18162/2025-2026/187418,Shahpura(DISTRICT COLLECTOR Shahpura_IDA),DAMODAR AGARWAL,BHILWARA,25-Aug-26,shaitan kumawat,Payment In-Progress,20800
1604,Assam,Construction of community centers and community halls,WS/MP18024/2025-2026/250466,SIVASAGAR(Deputy Commissioner Sivsagar_IDA),GAURAV GOGOI,JORHAT,28-Aug-26,Monumohan Dutta,Payment In-Progress,50000
1605,Delhi,Security gates in streets/public place for safety purpose,WS/MP18397/2025-2026/218273,CENTRAL(COMMISSIONER MCD (CENTRAL DISTRICT)),Bansuri Swaraj,NEW DELHI,18-Aug-26,ASN Services Pvt Limited,Payment In-Progress,591569
1606,Delhi,Security gates in streets/public place for safety purpose,WS/MP18397/2025-2026/215445,CENTRAL(COMMISSIONER MCD (CENTRAL DISTRICT)),Bansuri Swaraj,NEW DELHI,18-Aug-26,ASN Services Pvt Limited,Payment In-Progress,182728
1607,Punjab,"Construction of roads, link roads, pathways or any other road with or without drainage system",WS/MP716/2025-2026/203954,BATHINDA(DEPUTY COMMISSIONER BHATINDA_IDA),Smt Harsimrat Kaur Badal,BHATINDA,14-Aug-26,JK Industries,Payment In-Progress,41278
1608,Punjab,"Construction of roads, link roads, pathways or any other road with or without drainage system",WS/MP716/2025-2026/203954,BATHINDA(DEPUTY COMMISSIONER BHATINDA_IDA),Smt Harsimrat Kaur Badal,BHATINDA,14-Aug-26,JK Industries,Payment In-Progress,45840
1609,Punjab,"Construction of roads, link roads, pathways or any other road with or without drainage system",WS/MP716/2025-2026/203954,BATHINDA(DEPUTY COMMISSIONER BHATINDA_IDA),Smt Harsimrat Kaur Badal,BHATINDA,14-Aug-26,JK Industries,Payment In-Progress,45840
1610,Punjab,"Construction of roads, link roads, pathways or any other road with or without drainage system",WS/MP716/2025-2026/203954,BATHINDA(DEPUTY COMMISSIONER BHATINDA_IDA),Smt Harsimrat Kaur Badal,BHATINDA,14-Aug-26,JK Industries,Payment In-Progress,45840
1611,Punjab,"Construction of roads, link roads, pathways or any other road with or without drainage system",WS/MP716/2025-2026/203954,BATHINDA(DEPUTY COMMISSIONER BHATINDA_IDA),Smt Harsimrat Kaur Badal,BHATINDA,14-Aug-26,JK Industries,Payment In-Progress,45840
1612,Punjab,"Construction of roads, link roads, pathways or any other road with or without drainage system",WS/MP716/2025-2026/203954,BATHINDA(DEPUTY COMMISSIONER BHATINDA_IDA),Smt Harsimrat Kaur Badal,BHATINDA,14-Aug-26,JK Industries,Payment In-Progress,45840
1613,Punjab,"Construction of roads, link roads, pathways or any other road with or without drainage system",WS/MP716/2025-2026/203954,BATHINDA(DEPUTY COMMISSIONER BHATINDA_IDA),Smt Harsimrat Kaur Badal,BHATINDA,14-Aug-26,guru nanak iron store,Payment In-Progress,46023
1614,Punjab,"Construction of roads, link roads, pathways or any other road with or without drainage system",WS/MP716/2025-2026/203954,BATHINDA(DEPUTY COMMISSIONER BHATINDA_IDA),Smt Harsimrat Kaur Badal,BHATINDA,14-Aug-26,guru nanak iron store,Payment In-Progress,49125
1615,Punjab,"Construction of roads, link roads, pathways or any other road with or without drainage system",WS/MP716/2025-2026/203954,BATHINDA(DEPUTY COMMISSIONER BHATINDA_IDA),Smt Harsimrat Kaur Badal,BHATINDA,14-Aug-26,guru nanak iron store,Payment In-Progress,46800
1616,Punjab,"Construction of roads, link roads, pathways or any other road with or without drainage system",WS/MP716/2025-2026/203954,BATHINDA(DEPUTY COMMISSIONER BHATINDA_IDA),Smt Harsimrat Kaur Badal,BHATINDA,14-Aug-26,guru nanak iron store,Payment In-Progress,40500
1617,Punjab,"Construction of roads, link roads, pathways or any other road with or without drainage system",WS/MP716/2025-2026/203954,BATHINDA(DEPUTY COMMISSIONER BHATINDA_IDA),Smt Harsimrat Kaur Badal,BHATINDA,14-Aug-26,guru nanak iron store,Payment In-Progress,48000
1618,Punjab,"Construction of roads, link roads, pathways or any other road with or without drainage system",WS/MP716/2025-2026/203954,BATHINDA(DEPUTY COMMISSIONER BHATINDA_IDA),Smt Harsimrat Kaur Badal,BHATINDA,14-Aug-26,guru nanak iron store,Payment In-Progress,37800
1619,Maharashtra,"Construction of roads, link roads, pathways or any other road with or without drainage system",WS/MP18118/2025-2026/188317,NASHIK(DISTRICT COLLECTOR NASHIK_IDA),BHASKAR MURLIDHAR BHAGARE,DINDORI(ST),06-Aug-26,VISHAL SUBHASH BAGUL,Payment In-Progress,992892
1620,Rajasthan,Construction of community centers and community halls,WS/MP719/2025-2026/240536,AJMER(DISTRICT COLLECTOR AJMER_IDA),Bhagirath Chaudhary,AJMER,20-Aug-26,RAJASTHAN CONSTRUCTION AND ENTERPRISES,Payment In-Progress,197303
1621,Uttar Pradesh,"Construction of roads, link roads, pathways or any other road with or without drainage system",WS/MP18211/2025-2026/215167,DEORIA(DISTRICT MAGISTRATE DEORIA),SHASHANK MANI,DEORIA,19-Jun-26,MS DIVYANSH CONSTRUCTION PRO PRAMOD KUMAR SINGH,Payment In-Progress,302133
1622,Rajasthan,Construction of community centers and community halls,WS/MP719/2024-2025/140154,AJMER(DISTRICT COLLECTOR AJMER_IDA),Bhagirath Chaudhary,AJMER,25-Aug-26,KANTA DEVI,Payment In-Progress,3990
1623,Rajasthan,Construction of community centers and community halls,WS/MP719/2024-2025/140154,AJMER(DISTRICT COLLECTOR AJMER_IDA),Bhagirath Chaudhary,AJMER,25-Aug-26,PREM DEVI,Payment In-Progress,3990
1624,Rajasthan,Construction of community centers and community halls,WS/MP719/2024-2025/140154,AJMER(DISTRICT COLLECTOR AJMER_IDA),Bhagirath Chaudhary,AJMER,25-Aug-26,MAYA MOURYA,Payment In-Progress,3990
1625,Rajasthan,Construction of community centers and community halls,WS/MP719/2024-2025/140154,AJMER(DISTRICT COLLECTOR AJMER_IDA),Bhagirath Chaudhary,AJMER,25-Aug-26,MAMTA DEVI,Payment In-Progress,3990
1626,Rajasthan,Construction of community centers and community halls,WS/MP719/2024-2025/140154,AJMER(DISTRICT COLLECTOR AJMER_IDA),Bhagirath Chaudhary,AJMER,25-Aug-26,SUSHILA DEVI,Payment In-Progress,3990
1627,Jammu And Kashmir,Providing supply pipelines for drinking water,WS/MP18260/2025-2026/185397,SRINAGAR(DEPUTY COMMISSIONER SRINAGAR_IDA),AGA SYED RUHULLAH MEHDI,SRINAGAR,08-Apr-26,Mushtaq Ahmad Panjra,Payment In-Progress,182300
1628,Jammu And Kashmir,Providing supply pipelines for drinking water,WS/MP18260/2025-2026/185399,SRINAGAR(DEPUTY COMMISSIONER SRINAGAR_IDA),AGA SYED RUHULLAH MEHDI,SRINAGAR,29-Jun-26,Mehraj ud Din Shah,Payment In-Progress,133300
1629,Gujarat,Construction of boundary walls of existing public and community buildings,WS/MP18321/2024-2025/163333,SABAR KANTHA(DISTRICT COLLECTOR SABARKANTHA_IDA),SHOBHANABEN MAHENDRASINH BARAIYA,SABARKANTHA,24-Aug-26,GHADKAN GRAM PANCHAYAT,Payment In-Progress,400000
1630,Chhattisgarh,Construction of buildings for community cultural activities,WS/MP429/2025-2026/198906,KORBA(Collector-Korba),Jyotsna Charandas Mahant,KORBA,27-Aug-26,CEO JP Pali sansad mad 18th,Payment In-Progress,149233
1631,Rajasthan,Construction of community centers and community halls,WS/MP719/2024-2025/140155,AJMER(DISTRICT COLLECTOR AJMER_IDA),Bhagirath Chaudhary,AJMER,22-Aug-26,AARTI,Payment In-Progress,3990
1632,Rajasthan,Construction of community centers and community halls,WS/MP719/2024-2025/140155,AJMER(DISTRICT COLLECTOR AJMER_IDA),Bhagirath Chaudhary,AJMER,22-Aug-26,DIPMALA TAK,Payment In-Progress,3990
1633,Rajasthan,Construction of community centers and community halls,WS/MP719/2024-2025/140155,AJMER(DISTRICT COLLECTOR AJMER_IDA),Bhagirath Chaudhary,AJMER,22-Aug-26,SUMAN,Payment In-Progress,3990
1634,Rajasthan,Construction of community centers and community halls,WS/MP719/2024-2025/140155,AJMER(DISTRICT COLLECTOR AJMER_IDA),Bhagirath Chaudhary,AJMER,22-Aug-26,GITA DEVI,Payment In-Progress,3990
1635,Rajasthan,Construction of community centers and community halls,WS/MP719/2024-2025/140155,AJMER(DISTRICT COLLECTOR AJMER_IDA),Bhagirath Chaudhary,AJMER,22-Aug-26,AAKASH,Payment In-Progress,3990
1636,Rajasthan,Construction of community centers and community halls,WS/MP719/2024-2025/140155,AJMER(DISTRICT COLLECTOR AJMER_IDA),Bhagirath Chaudhary,AJMER,22-Aug-26,SUNIL DULGACH,Payment In-Progress,2700
1637,Rajasthan,Construction of community centers and community halls,WS/MP719/2024-2025/140155,AJMER(DISTRICT COLLECTOR AJMER_IDA),Bhagirath Chaudhary,AJMER,22-Aug-26,PAYAL DULGACH,Payment In-Progress,1995
1638,Rajasthan,Construction of community centers and community halls,WS/MP719/2024-2025/140154,AJMER(DISTRICT COLLECTOR AJMER_IDA),Bhagirath Chaudhary,AJMER,25-Aug-26,SUNITA,Payment In-Progress,2850
1639,Rajasthan,Construction of community centers and community halls,WS/MP719/2024-2025/140155,AJMER(DISTRICT COLLECTOR AJMER_IDA),Bhagirath Chaudhary,AJMER,22-Aug-26,SUNIL BOHRA,Payment In-Progress,12600
1640,Rajasthan,Construction of community centers and community halls,WS/MP719/2024-2025/140154,AJMER(DISTRICT COLLECTOR AJMER_IDA),Bhagirath Chaudhary,AJMER,25-Aug-26,RAVI BOHRA,Payment In-Progress,10800
1641,Rajasthan,Construction of community centers and community halls,WS/MP719/2024-2025/140154,AJMER(DISTRICT COLLECTOR AJMER_IDA),Bhagirath Chaudhary,AJMER,25-Aug-26,KAMAL BOHRA,Payment In-Progress,11700
1642,Rajasthan,Construction of community centers and community halls,WS/MP719/2024-2025/140154,AJMER(DISTRICT COLLECTOR AJMER_IDA),Bhagirath Chaudhary,AJMER,25-Aug-26,NIRMALA RAIDAS,Payment In-Progress,3990
1643,Rajasthan,Construction of community centers and community halls,WS/MP719/2024-2025/140154,AJMER(DISTRICT COLLECTOR AJMER_IDA),Bhagirath Chaudhary,AJMER,25-Aug-26,SAROJ JAJORIYA,Payment In-Progress,3990
1644,Rajasthan,Construction of community centers and community halls,WS/MP719/2024-2025/140154,AJMER(DISTRICT COLLECTOR AJMER_IDA),Bhagirath Chaudhary,AJMER,25-Aug-26,KAJAL KUMARI,Payment In-Progress,3990
1645,Rajasthan,Construction of community centers and community halls,WS/MP719/2024-2025/140154,AJMER(DISTRICT COLLECTOR AJMER_IDA),Bhagirath Chaudhary,AJMER,25-Aug-26,ANITA DEVI,Payment In-Progress,3990
1646,Rajasthan,Construction of community centers and community halls,WS/MP719/2024-2025/140154,AJMER(DISTRICT COLLECTOR AJMER_IDA),Bhagirath Chaudhary,AJMER,25-Aug-26,KAMLA DEVI,Payment In-Progress,3990
1647,Rajasthan,Construction of community centers and community halls,WS/MP719/2024-2025/140154,AJMER(DISTRICT COLLECTOR AJMER_IDA),Bhagirath Chaudhary,AJMER,25-Aug-26,GOVIND BOHRA,Payment In-Progress,10800
1648,Rajasthan,Construction of community centers and community halls,WS/MP719/2024-2025/140154,AJMER(DISTRICT COLLECTOR AJMER_IDA),Bhagirath Chaudhary,AJMER,25-Aug-26,KAUSHLYA DEVI,Payment In-Progress,3990
1649,Assam,"Construction of flood control embankments/ protection walls along riverbanks, hilltops, roadsides",WS/MP18021/2026-2027/243321,SOUTH SALMARA MANCACHAR(Deputy Commissioner South Salmara Mankachar_IDA),RAKIBUL HUSSAIN,DHUBRI,26-Aug-26,SHAZIBUL HASSAN MOLLAH,Payment In-Progress,306330
1650,Assam,"Construction of flood control embankments/ protection walls along riverbanks, hilltops, roadsides",WS/MP18021/2026-2027/243321,SOUTH SALMARA MANCACHAR(Deputy Commissioner South Salmara Mankachar_IDA),RAKIBUL HUSSAIN,DHUBRI,26-Aug-26,SHAZIBUL HASSAN MOLLAH,Payment In-Progress,293670
1651,Haryana,Purchase of mobile water tankers,WS/MP18066/2025-2026/234654,JIND(DEPUTY COMMISSIONER JIND),SELJA,SIRSA(SC),26-Aug-26,R S BARWALA INFRASTRUCTURE,Payment In-Progress,173800
1652,Haryana,Purchase of mobile water tankers,WS/MP18066/2025-2026/234876,JIND(DEPUTY COMMISSIONER JIND),SELJA,SIRSA(SC),24-Aug-26,R S BARWALA INFRASTRUCTURE,Payment In-Progress,173200
1653,Haryana,Purchase of mobile water tankers,WS/MP18066/2025-2026/234877,JIND(DEPUTY COMMISSIONER JIND),SELJA,SIRSA(SC),24-Aug-26,R S BARWALA INFRASTRUCTURE,Payment In-Progress,173350
1654,Haryana,Purchase of mobile water tankers,WS/MP18066/2025-2026/252997,JIND(DEPUTY COMMISSIONER JIND),SELJA,SIRSA(SC),24-Aug-26,R S BARWALA INFRASTRUCTURE,Payment In-Progress,173250
1655,Haryana,Purchase of mobile water tankers,WS/MP18066/2025-2026/215124,JIND(DEPUTY COMMISSIONER JIND),SELJA,SIRSA(SC),24-Aug-26,R S BARWALA INFRASTRUCTURE,Payment In-Progress,173500
1656,Uttar Pradesh,"Construction of roads, link roads, pathways or any other road with or without drainage system",WS/MP18209/2025-2026/239037,MUZAFFARNAGAR(DISTRICT MAGISTRATE MUZAFFARNAGAR_IDA),CHANDAN CHAUHAN,BIJNOR,20-Jul-26,AKSHAT BUILDERS,Payment In-Progress,398654
1657,Punjab,Installing tube-wells and borewells,WS/MP18158/2026-2027/261347,PATIALA(DEPUTY COMMISSIONER PATIALA_IDA),DR DHARAMVIRA GANDHI,PATIALA,26-Aug-26,SANTOKH SINGH,Payment In-Progress,48300
1658,Punjab,Installing tube-wells and borewells,WS/MP18158/2026-2027/261347,PATIALA(DEPUTY COMMISSIONER PATIALA_IDA),DR DHARAMVIRA GANDHI,PATIALA,26-Aug-26,SANTOKH SINGH,Payment In-Progress,47250
1659,Kerala,"Construction of roads, link roads, pathways or any other road with or without drainage system",WS/MP353/2026-2027/210709,ERNAKULAM(DISTRICT COLLECTOR ERNAKULAM_IDA),Adv Dean Kuriakose,IDUKKI,18-Aug-26,NAZAR P M,Payment In-Progress,793606
1660,Uttarakhand,Construction of community centers and community halls,WS/MP021/2025-2026/192301,NAINITAL(DISTRICT MAGISTRATE NAINITAL_IDA),Ajay Bhatt,NAINITAL UDHAM SINGH NAG.,15-Jul-26,MICRO ENGINEERS,Payment In-Progress,499724
1661,Uttar Pradesh,"Construction of roads, link roads, pathways or any other road with or without drainage system",WS/MP856/2025-2026/228817,LUCKNOW(DISTRICT MAGISTRAE LUCKNOW_IDA),Rajnath Singh,LUCKNOW,08-Aug-26,AWADH CONSTRUCTIONS COMPANY,Payment In-Progress,221868
1662,Uttar Pradesh,"Construction of roads, link roads, pathways or any other road with or without drainage system",WS/MP856/2025-2026/228818,LUCKNOW(DISTRICT MAGISTRAE LUCKNOW_IDA),Rajnath Singh,LUCKNOW,08-Aug-26,AWADH CONSTRUCTIONS COMPANY,Payment In-Progress,158722
1663,Punjab,Purchase of mobile water tankers,WS/MP716/2025-2026/203942,BATHINDA(DEPUTY COMMISSIONER BHATINDA_IDA),Smt Harsimrat Kaur Badal,BHATINDA,14-Aug-26,Rishab Dev Agro Tech,Payment In-Progress,150000
1664,Uttar Pradesh,"Construction of roads, link roads, pathways or any other road with or without drainage system",WS/MP18380/2025-2026/244982,BHADOHI(DISTRICT MAGISTRATE BHADOHI_IDA),VINOD KUMAR BIND,BHADOHI,14-Aug-26,SAMARTH BROTHERS,Payment In-Progress,693364
1665,Uttar Pradesh,"Construction of roads, link roads, pathways or any other road with or without drainage system",WS/MP18209/2025-2026/229428,MUZAFFARNAGAR(DISTRICT MAGISTRATE MUZAFFARNAGAR_IDA),CHANDAN CHAUHAN,BIJNOR,20-Jul-26,AKSHAT BUILDERS,Payment In-Progress,419461
1666,Uttar Pradesh,"Construction of roads, link roads, pathways or any other road with or without drainage system",WS/MP18209/2025-2026/229441,MUZAFFARNAGAR(DISTRICT MAGISTRATE MUZAFFARNAGAR_IDA),CHANDAN CHAUHAN,BIJNOR,20-Jul-26,AKSHAT BUILDERS,Payment In-Progress,636844
1667,Madhya Pradesh,Construction of common work sheds/ common covered sitting area,WS/MP18104/2026-2027/287612,NARMADAPURAM(DISTRICT COLLECTOR NARMADAPURAM_IDA),DARSHAN SINGH CHOUDHARY,HOSHANGABAD,25-Aug-26,GRAM PANCHAYAT RAIKHEDI SFC,Payment In-Progress,50000
1668,Chhattisgarh,Installing tube-wells and borewells,WS/MP429/2026-2027/295384,KORBA(Collector-Korba),Jyotsna Charandas Mahant,KORBA,24-Jul-26,CEO Janpad Katghora,Payment In-Progress,145000
1669,Chhattisgarh,"Purchase of IT systems, including hardware and software for educational purposes",WS/MP18354/2025-2026/161314,SURGUJA(Collector Surguja_IDA),CHINTAMANI MAHARAJ,SARGUJA(ST),21-Aug-26,Anunabh Corporation,Payment In-Progress,499900
1670,Chhattisgarh,Construction of common work sheds/ common covered sitting area,WS/MP18050/2025-2026/266345,Uttar Bastar Kanker(DISTRICT COLLECTOR KANKER_IDA),BHOJRAJ NAG,KANKER(ST),17-Aug-26,Sarpanch Gram Panchayat Piproud,Payment In-Progress,750000
1671,Uttar Pradesh,"Construction of roads, link roads, pathways or any other road with or without drainage system",WS/MP490/2025-2026/241246,VARANASI(DISTRICT MAGISTRAE VARANASI_IDA),Shri Narendra Modi,VARANASI,19-Aug-26,jai maa bhawani construction,Payment In-Progress,129800
1672,Bihar,Purchase of furniture and fixtures for educational purposes,WS/MP18036/2026-2027/300067,JAMUI(DISTRICT PLANNING OFFICER JAMUI_IDA),ARUN BHARTI,JAMUI(SC),25-Aug-26,CHANCH PRO ENGINEERS,Payment In-Progress,249990
1673,Bihar,Purchase of furniture and fixtures for educational purposes,WS/MP18036/2026-2027/300068,JAMUI(DISTRICT PLANNING OFFICER JAMUI_IDA),ARUN BHARTI,JAMUI(SC),25-Aug-26,CHANCH PRO ENGINEERS,Payment In-Progress,249990
1674,Bihar,Purchase of furniture and fixtures for educational purposes,WS/MP18036/2026-2027/300069,JAMUI(DISTRICT PLANNING OFFICER JAMUI_IDA),ARUN BHARTI,JAMUI(SC),25-Aug-26,CHANCH PRO ENGINEERS,Payment In-Progress,249990
1675,Bihar,Purchase of furniture and fixtures for educational purposes,WS/MP18036/2026-2027/300070,JAMUI(DISTRICT PLANNING OFFICER JAMUI_IDA),ARUN BHARTI,JAMUI(SC),25-Aug-26,CHANCH PRO ENGINEERS,Payment In-Progress,249990
1676,Bihar,Purchase of furniture and fixtures for educational purposes,WS/MP18036/2026-2027/300071,JAMUI(DISTRICT PLANNING OFFICER JAMUI_IDA),ARUN BHARTI,JAMUI(SC),25-Aug-26,CHANCH PRO ENGINEERS,Payment In-Progress,249990
1677,Bihar,Purchase of furniture and fixtures for educational purposes,WS/MP18036/2026-2027/300079,JAMUI(DISTRICT PLANNING OFFICER JAMUI_IDA),ARUN BHARTI,JAMUI(SC),25-Aug-26,CHANCH PRO ENGINEERS,Payment In-Progress,249990
1678,Bihar,Purchase of furniture and fixtures for educational purposes,WS/MP18036/2026-2027/300081,JAMUI(DISTRICT PLANNING OFFICER JAMUI_IDA),ARUN BHARTI,JAMUI(SC),25-Aug-26,CHANCH PRO ENGINEERS,Payment In-Progress,249990
1679,Bihar,Purchase of furniture and fixtures for educational purposes,WS/MP18036/2026-2027/300082,JAMUI(DISTRICT PLANNING OFFICER JAMUI_IDA),ARUN BHARTI,JAMUI(SC),25-Aug-26,CHANCH PRO ENGINEERS,Payment In-Progress,249990
1680,Bihar,Purchase of furniture and fixtures for educational purposes,WS/MP18036/2026-2027/300084,JAMUI(DISTRICT PLANNING OFFICER JAMUI_IDA),ARUN BHARTI,JAMUI(SC),25-Aug-26,CHANCH PRO ENGINEERS,Payment In-Progress,249990
1681,Bihar,Purchase of furniture and fixtures for educational purposes,WS/MP18036/2026-2027/300085,JAMUI(DISTRICT PLANNING OFFICER JAMUI_IDA),ARUN BHARTI,JAMUI(SC),25-Aug-26,CHANCH PRO ENGINEERS,Payment In-Progress,249990
1682,Bihar,Purchase of furniture and fixtures for educational purposes,WS/MP18036/2026-2027/300091,JAMUI(DISTRICT PLANNING OFFICER JAMUI_IDA),ARUN BHARTI,JAMUI(SC),25-Aug-26,CHANCH PRO ENGINEERS,Payment In-Progress,249990
1683,Bihar,Purchase of furniture and fixtures for educational purposes,WS/MP18036/2026-2027/300092,JAMUI(DISTRICT PLANNING OFFICER JAMUI_IDA),ARUN BHARTI,JAMUI(SC),25-Aug-26,CHANCH PRO ENGINEERS,Payment In-Progress,249990
1684,Bihar,Purchase of furniture and fixtures for educational purposes,WS/MP18036/2026-2027/300094,JAMUI(DISTRICT PLANNING OFFICER JAMUI_IDA),ARUN BHARTI,JAMUI(SC),25-Aug-26,CHANCH PRO ENGINEERS,Payment In-Progress,249990
1685,Bihar,Purchase of furniture and fixtures for educational purposes,WS/MP18036/2026-2027/300105,JAMUI(DISTRICT PLANNING OFFICER JAMUI_IDA),ARUN BHARTI,JAMUI(SC),25-Aug-26,CHANCH PRO ENGINEERS,Payment In-Progress,249990
1686,Bihar,Purchase of furniture and fixtures for educational purposes,WS/MP18036/2026-2027/300107,JAMUI(DISTRICT PLANNING OFFICER JAMUI_IDA),ARUN BHARTI,JAMUI(SC),25-Aug-26,CHANCH PRO ENGINEERS,Payment In-Progress,249990
1687,Odisha,Construction of community centers and community halls,WS/MP18358/2025-2026/185595,GANJAM(DISTRICT COLLECTOR GANJAM_IDA),ANITA SUBHADARSHINI,ASKA,24-Aug-26,SARMISTA PANDA,Payment In-Progress,400000
1688,Rajasthan,Construction of community centers and community halls,WS/MP719/2025-2026/234255,AJMER(DISTRICT COLLECTOR AJMER_IDA),Bhagirath Chaudhary,AJMER,20-Aug-26,MS TIKAM CHAND KUMAWAT CONTRACTOR,Payment In-Progress,398549
1689,Rajasthan,Construction of community centers and community halls,WS/MP719/2025-2026/234257,AJMER(DISTRICT COLLECTOR AJMER_IDA),Bhagirath Chaudhary,AJMER,20-Aug-26,MS TIKAM CHAND KUMAWAT CONTRACTOR,Payment In-Progress,286219
1690,Tamil Nadu,Lighting of public spaces,WS/MP18176/2025-2026/232405,DINDIGUL(DISTRICT COLLECTOR DINDIGUL_IDA),SACHITHANANTHAM R,DINDIGUL,14-Aug-26,SSR Enterprises,Payment In-Progress,669091
1691,Karnataka,"Construction of roads, link roads, pathways or any other road with or without drainage system",WS/MP18263/2026-2027/252254,CHIKKAMAGALURU(DEPUTY COMMISSIONER CHIKMAGALUR),KOTA SRINIVAS POOJARY,UDUPI CHIKMAGALUR,21-Aug-26,SAGAR K C,Payment In-Progress,249284
1692,Karnataka,"Construction of roads, link roads, pathways or any other road with or without drainage system",WS/MP18263/2026-2027/252255,CHIKKAMAGALURU(DEPUTY COMMISSIONER CHIKMAGALUR),KOTA SRINIVAS POOJARY,UDUPI CHIKMAGALUR,21-Aug-26,SAGAR K C,Payment In-Progress,249202
1693,Karnataka,"Construction of roads, link roads, pathways or any other road with or without drainage system",WS/MP18263/2026-2027/252277,CHIKKAMAGALURU(DEPUTY COMMISSIONER CHIKMAGALUR),KOTA SRINIVAS POOJARY,UDUPI CHIKMAGALUR,21-Aug-26,SAGAR K C,Payment In-Progress,199389
1694,Madhya Pradesh,Crematoriums/energy efficient crematoriums or structures on burial/cremation ground,WS/MP638/2025-2026/235577,TIKAMGARH(DISTRICT COLLECTOR TIKAMGARH_IDA),Virendra Kumar,TIKAMGARH(SC),25-Jul-26,gram panchayat sijora,Payment In-Progress,103817
1695,Odisha,Construction of rooms and halls in school and colleges,WS/MP18148/2025-2026/227974,MALKANGIRI(District Collector Malkangiri_IDA),BALABHADRA MAJHI,NABARANGPUR(ST),29-Aug-26,BAPUJI NAYAK,Payment In-Progress,500000
1696,Rajasthan,Construction of water tanks,WS/MP18170/2025-2026/168850,SIKAR(DISTRICT COLLECTOR SIKAR_IDA),AMRARAM,SIKAR,15-Aug-26,SUMAN,Payment In-Progress,1995
1697,Andhra Pradesh,Construction of rooms and halls in school and colleges,WS/MP403/2025-2026/241345,PRAKASAM(DISTRICT COLLECTOR PRAKASAM_IDA),Magunta Sreenivasulu Reddy,ONGOLE,28-Aug-26,V V SAMBASIVA SRI KRISHNA,Payment In-Progress,2024577
1698,Andhra Pradesh,Street lights,WS/MP529/2024-2025/161688,Tirupati(DISTRICT COLLECTOR TIRUPATI_IDA),Maddila Gurumoorthy,TIRUPATI(SC),05-Aug-26,T Bhanumathi,Payment In-Progress,87766
1699,Andhra Pradesh,Street lights,WS/MP529/2024-2025/161689,Tirupati(DISTRICT COLLECTOR TIRUPATI_IDA),Maddila Gurumoorthy,TIRUPATI(SC),05-Aug-26,T Bhanumathi,Payment In-Progress,87586
1700,Andhra Pradesh,Street lights,WS/MP529/2024-2025/161690,Tirupati(DISTRICT COLLECTOR TIRUPATI_IDA),Maddila Gurumoorthy,TIRUPATI(SC),05-Aug-26,T Bhanumathi,Payment In-Progress,87586
1701,Andhra Pradesh,Street lights,WS/MP529/2024-2025/161691,Tirupati(DISTRICT COLLECTOR TIRUPATI_IDA),Maddila Gurumoorthy,TIRUPATI(SC),05-Aug-26,T Bhanumathi,Payment In-Progress,48595
1702,Andhra Pradesh,Street lights,WS/MP529/2024-2025/161692,Tirupati(DISTRICT COLLECTOR TIRUPATI_IDA),Maddila Gurumoorthy,TIRUPATI(SC),05-Aug-26,T Bhanumathi,Payment In-Progress,48595
1703,Andhra Pradesh,Street lights,WS/MP529/2024-2025/161693,Tirupati(DISTRICT COLLECTOR TIRUPATI_IDA),Maddila Gurumoorthy,TIRUPATI(SC),05-Aug-26,T Bhanumathi,Payment In-Progress,48595
1704,Andhra Pradesh,Street lights,WS/MP529/2024-2025/161694,Tirupati(DISTRICT COLLECTOR TIRUPATI_IDA),Maddila Gurumoorthy,TIRUPATI(SC),05-Aug-26,T Bhanumathi,Payment In-Progress,87493
1705,Andhra Pradesh,Street lights,WS/MP529/2024-2025/161695,Tirupati(DISTRICT COLLECTOR TIRUPATI_IDA),Maddila Gurumoorthy,TIRUPATI(SC),05-Aug-26,T Bhanumathi,Payment In-Progress,87586
1706,Andhra Pradesh,Street lights,WS/MP529/2024-2025/161696,Tirupati(DISTRICT COLLECTOR TIRUPATI_IDA),Maddila Gurumoorthy,TIRUPATI(SC),05-Aug-26,T Bhanumathi,Payment In-Progress,87586
1707,Andhra Pradesh,Street lights,WS/MP529/2024-2025/161697,Tirupati(DISTRICT COLLECTOR TIRUPATI_IDA),Maddila Gurumoorthy,TIRUPATI(SC),05-Aug-26,T Bhanumathi,Payment In-Progress,87858
1708,Andhra Pradesh,Street lights,WS/MP529/2024-2025/161698,Tirupati(DISTRICT COLLECTOR TIRUPATI_IDA),Maddila Gurumoorthy,TIRUPATI(SC),05-Aug-26,T Bhanumathi,Payment In-Progress,87858
1709,Andhra Pradesh,Street lights,WS/MP529/2024-2025/161699,Tirupati(DISTRICT COLLECTOR TIRUPATI_IDA),Maddila Gurumoorthy,TIRUPATI(SC),05-Aug-26,T Bhanumathi,Payment In-Progress,87858
1710,Andhra Pradesh,Street lights,WS/MP529/2024-2025/161700,Tirupati(DISTRICT COLLECTOR TIRUPATI_IDA),Maddila Gurumoorthy,TIRUPATI(SC),05-Aug-26,T Bhanumathi,Payment In-Progress,48595
1711,Andhra Pradesh,Street lights,WS/MP529/2024-2025/161701,Tirupati(DISTRICT COLLECTOR TIRUPATI_IDA),Maddila Gurumoorthy,TIRUPATI(SC),05-Aug-26,T Bhanumathi,Payment In-Progress,87858
1712,Andhra Pradesh,Street lights,WS/MP529/2024-2025/161702,Tirupati(DISTRICT COLLECTOR TIRUPATI_IDA),Maddila Gurumoorthy,TIRUPATI(SC),05-Aug-26,T Bhanumathi,Payment In-Progress,87586
1713,Jammu And Kashmir,Improvement of electricity distribution infrastructure,WS/MP18260/2025-2026/185393,SRINAGAR(DEPUTY COMMISSIONER SRINAGAR_IDA),AGA SYED RUHULLAH MEHDI,SRINAGAR,06-Jul-26,ABUTURAAB ELECTRICAL ENGINEERING,Payment In-Progress,400186
1714,Uttar Pradesh,"Construction of roads, link roads, pathways or any other road with or without drainage system",WS/MP815/2025-2026/236772,Shrawasti(DISTRICT MAGISTRATE SHRAVASTI_IDA),Ram Shiromani,SHRAWASTI,20-May-26,Buddha Enterprises,Payment In-Progress,1865906
1715,Andhra Pradesh,"Construction of roads, link roads, pathways or any other road with or without drainage system",WS/MP524/2025-2026/211616,Annamayya(DISTRICT COLLECTOR ANNAMAYYA_IDA),Midhun Reddy,RAJAMPET,04-Jul-26,PRESIDENT VILLAGE LEVEL COMMITTEE KVRR PURAM CHITVEL,Payment In-Progress,267654
1716,Bihar,Purchase of furniture and fixtures for educational purposes,WS/MP18036/2026-2027/300098,JAMUI(DISTRICT PLANNING OFFICER JAMUI_IDA),ARUN BHARTI,JAMUI(SC),25-Aug-26,CHANCH PRO ENGINEERS,Payment In-Progress,249990
1717,Uttar Pradesh,"Construction of roads, link roads, pathways or any other road with or without drainage system",WS/MP18209/2025-2026/229445,MUZAFFARNAGAR(DISTRICT MAGISTRATE MUZAFFARNAGAR_IDA),CHANDAN CHAUHAN,BIJNOR,20-Jul-26,AKSHAT BUILDERS,Payment In-Progress,399288
1718,Bihar,Purchase of furniture and fixtures for educational purposes,WS/MP18036/2026-2027/300102,JAMUI(DISTRICT PLANNING OFFICER JAMUI_IDA),ARUN BHARTI,JAMUI(SC),25-Aug-26,CHANCH PRO ENGINEERS,Payment In-Progress,249990
1719,Uttar Pradesh,"Construction of roads, link roads, pathways or any other road with or without drainage system",WS/MP490/2025-2026/241015,VARANASI(DISTRICT MAGISTRAE VARANASI_IDA),Shri Narendra Modi,VARANASI,19-Aug-26,ISHITA TRADERS,Payment In-Progress,196942
1720,Chhattisgarh,"Construction of roads, link roads, pathways or any other road with or without drainage system",WS/MP428/2026-2027/275110,Kabeerdham(DISTRICT COLLECTOR KABIRDHAM),Santosh Pandey,RAJNANDGAON,27-Aug-26,Sarpanch Gram Panchayat Pouni,Payment In-Progress,149800
1721,Puducherry,"Construction of roads, link roads, pathways or any other road with or without drainage system",WS/MP710/2026-2027/280787,Puducherry(PROJECT DIRECTOR RDA PUDUCHERRY_IDA),Vaithilingam Ve,Puducherry,07-Aug-26,SWAMINATHAN S,Payment In-Progress,665666
1722,Karnataka,Construction of community centers and community halls,WS/MP18086/2025-2026/212184,HASSAN(DEPUTY COMMISSIONER HASSAN_IDA),SHREYAS. M. PATEL,HASSAN,29-Aug-26,DEVARAJU JANATHA COLONY HNP,Payment In-Progress,120943
1723,Rajasthan,Lighting of public spaces,WS/MP18170/2025-2026/260630,SIKAR(DISTRICT COLLECTOR SIKAR_IDA),AMRARAM,SIKAR,18-Aug-26,SHREE SHYAM CONSTRUCTION AND JAGDEESH PRASAD,Payment In-Progress,521023
1724,Uttar Pradesh,"Construction of roads, link roads, pathways or any other road with or without drainage system",WS/MP18346/2025-2026/202747,RAE BARELI(DISTRICT MAGISTRATE RAE BARELI_IDA),RAHUL GANDHI,RAE BARELI,11-Aug-26,sri balaji enterprises,Payment In-Progress,676218
1725,Tamil Nadu,Construction of bus-sheds or bus-stops,WS/MP18184/2025-2026/161794,MADURAI(DISTRICT COLLECTOR MADURAI_IDA),THANGA TAMILSELVAN,THENI,24-Jun-26,KPK construction,Payment In-Progress,1000000
1726,Madhya Pradesh,Crematoriums/energy efficient crematoriums or structures on burial/cremation ground,WS/MP638/2026-2027/235940,Niwari(District Collector Niwari_IDA),Virendra Kumar,TIKAMGARH(SC),11-Jul-26,GRAM PANCHAYAT TILA,Payment In-Progress,103819
1727,Himachal Pradesh,Construction of community centers and community halls,WS/MP432/2025-2026/267725,UNA(DEPUTY COMMISSIOENR UNA_IDA),Anurag Singh Thakur,HAMIRPUR_HP,25-Aug-26,Gram Panchayat DHAMANDRI,Payment In-Progress,200000
1728,Karnataka,Construction of buildings for community cultural activities,"WS/	 MP620/2025-2026/206427",DHARWAD(DEPUTY COMMISSIONER DHARWAR_IDA),Pralhad Venkatesh Joshi,DHARWAD,29-Jul-26,MANJUNATHA TIPPANNA WADDAR,Payment In-Progress,296964
1729,Maharashtra,Lighting of public spaces,WS/MP18136/2026-2027/195293,WARDHA(DISTRICT COLLECTOR WARDHA_IDA),AMAR SHARADRAO KALE,WARDHA,20-Aug-26,NINAD PRADIPRAO WANKHEDE,Payment In-Progress,398363
1730,Rajasthan,Improvement of electricity distribution infrastructure,WS/MP18372/2025-2026/227460,JAIPUR(DISTRICT COLLECTOR JAIPUR_IDA),Rao Rajendra Singh,JAIPUR RURAL,23-Jul-26,Assistant Engineer,Payment In-Progress,166785
1731,Uttar Pradesh,"Construction of roads, link roads, pathways or any other road with or without drainage system",WS/MP18218/2025-2026/186277,GHAZIABAD(DISTRICT MAGISTRAE GHAZIABAD_IDA),ATUL GARG,GHAZIABAD,22-Aug-26,KRISHNA CONSTRUCTION COMPANY,Payment In-Progress,280304
1732,Uttar Pradesh,"Construction of roads, link roads, pathways or any other road with or without drainage system",WS/MP18210/2026-2027/277923,VARANASI(DISTRICT MAGISTRAE VARANASI_IDA),VIRENDRA SINGH,CHANDAULI,25-Aug-26,RAGHUVANSI ENTERPRISES,Payment In-Progress,116323
1733,Uttar Pradesh,"Construction of roads, link roads, pathways or any other road with or without drainage system",WS/MP18210/2026-2027/277926,VARANASI(DISTRICT MAGISTRAE VARANASI_IDA),VIRENDRA SINGH,CHANDAULI,25-Aug-26,RAGHUVANSI ENTERPRISES,Payment In-Progress,898780
1734,Uttar Pradesh,"Construction of roads, link roads, pathways or any other road with or without drainage system",WS/MP18210/2026-2027/277445,VARANASI(DISTRICT MAGISTRAE VARANASI_IDA),VIRENDRA SINGH,CHANDAULI,25-Aug-26,RAGHUVANSI ENTERPRISES,Payment In-Progress,151978
1735,Karnataka,"Construction of roads, link roads, pathways or any other road with or without drainage system",WS/MP18083/2026-2027/301234,DAKSHINA KANNADA(DEPUTY COMMISSIONER DAKSHIN KANNAD MANGALORE_IDA),CAPTAIN BRIJESH CHOWTA,DAKSHINA KANNADA,05-Aug-26,KAILAS BABU,Payment In-Progress,493790
1736,Chhattisgarh,Construction of community centers and community halls,WS/MP18049/2024-2025/163942,BILASPUR(DISTRICT COLLECTOR BILASPUR_IDA),TOKHAN SAHU,BILASPUR,06-May-26,Gourav Verma,Payment In-Progress,108155
1737,Maharashtra,Construction of community centers and community halls,WS/MP18112/2026-2027/259061,AMRAVATI(DISTRICT COLLECTOR AMRAVATI_IDA),BALWANT BASWANT WANKHADE,AMRAVATI(SC),20-Aug-26,AMIT NAGORAO MULE,Payment In-Progress,975465
1738,Assam,Construction of rooms and halls in school and colleges,WS/MP18021/2026-2027/243323,DHUBRI(DEPUTY COMMISSIONER DHUBRI_IDA),RAKIBUL HUSSAIN,DHUBRI,25-Aug-26,A S SIDDIQUE HARDWARE SHOP,Payment In-Progress,161736
1739,Assam,Construction of rooms and halls in school and colleges,WS/MP18021/2026-2027/243323,DHUBRI(DEPUTY COMMISSIONER DHUBRI_IDA),RAKIBUL HUSSAIN,DHUBRI,25-Aug-26,A S SIDDIQUE HARDWARE SHOP,Payment In-Progress,38250
1740,Uttar Pradesh,Lighting of public spaces,WS/MP18215/2025-2026/247875,AYODHYA(DISTRICT MAGISTRAE FAIZABAD_IDA),AWADHESH PRASAD,FAIZABAD,19-Aug-26,VIDYA SINGH,Payment In-Progress,61353
1741,Uttar Pradesh,Lighting of public spaces,WS/MP18215/2025-2026/247876,AYODHYA(DISTRICT MAGISTRAE FAIZABAD_IDA),AWADHESH PRASAD,FAIZABAD,19-Aug-26,VIDYA SINGH,Payment In-Progress,61353
1742,Uttar Pradesh,Lighting of public spaces,WS/MP18215/2025-2026/247877,AYODHYA(DISTRICT MAGISTRAE FAIZABAD_IDA),AWADHESH PRASAD,FAIZABAD,19-Aug-26,VIDYA SINGH,Payment In-Progress,61353
1743,Uttar Pradesh,Lighting of public spaces,WS/MP18215/2025-2026/247879,AYODHYA(DISTRICT MAGISTRAE FAIZABAD_IDA),AWADHESH PRASAD,FAIZABAD,19-Aug-26,VIDYA SINGH,Payment In-Progress,61353
1744,Uttar Pradesh,Lighting of public spaces,WS/MP18215/2025-2026/248480,AYODHYA(DISTRICT MAGISTRAE FAIZABAD_IDA),AWADHESH PRASAD,FAIZABAD,19-Aug-26,VIDYA SINGH,Payment In-Progress,61353
1745,Uttar Pradesh,Lighting of public spaces,WS/MP18215/2025-2026/248855,AYODHYA(DISTRICT MAGISTRAE FAIZABAD_IDA),AWADHESH PRASAD,FAIZABAD,19-Aug-26,VIDYA SINGH,Payment In-Progress,61353
1746,Uttar Pradesh,Lighting of public spaces,WS/MP18215/2025-2026/248856,AYODHYA(DISTRICT MAGISTRAE FAIZABAD_IDA),AWADHESH PRASAD,FAIZABAD,19-Aug-26,VIDYA SINGH,Payment In-Progress,61353
1747,Uttar Pradesh,Lighting of public spaces,WS/MP18215/2025-2026/248857,AYODHYA(DISTRICT MAGISTRAE FAIZABAD_IDA),AWADHESH PRASAD,FAIZABAD,19-Aug-26,VIDYA SINGH,Payment In-Progress,61353
1748,Uttar Pradesh,Lighting of public spaces,WS/MP18215/2025-2026/248858,AYODHYA(DISTRICT MAGISTRAE FAIZABAD_IDA),AWADHESH PRASAD,FAIZABAD,19-Aug-26,VIDYA SINGH,Payment In-Progress,61353
1749,Uttar Pradesh,Lighting of public spaces,WS/MP18215/2025-2026/248859,AYODHYA(DISTRICT MAGISTRAE FAIZABAD_IDA),AWADHESH PRASAD,FAIZABAD,19-Aug-26,VIDYA SINGH,Payment In-Progress,61353
1750,Uttar Pradesh,Lighting of public spaces,WS/MP18215/2025-2026/248860,AYODHYA(DISTRICT MAGISTRAE FAIZABAD_IDA),AWADHESH PRASAD,FAIZABAD,19-Aug-26,VIDYA SINGH,Payment In-Progress,61353
1751,Uttar Pradesh,Lighting of public spaces,WS/MP18215/2025-2026/248861,AYODHYA(DISTRICT MAGISTRAE FAIZABAD_IDA),AWADHESH PRASAD,FAIZABAD,19-Aug-26,VIDYA SINGH,Payment In-Progress,61353
1752,Uttar Pradesh,Lighting of public spaces,WS/MP18215/2025-2026/248862,AYODHYA(DISTRICT MAGISTRAE FAIZABAD_IDA),AWADHESH PRASAD,FAIZABAD,19-Aug-26,VIDYA SINGH,Payment In-Progress,61353
1753,Uttar Pradesh,Lighting of public spaces,WS/MP18215/2025-2026/248863,AYODHYA(DISTRICT MAGISTRAE FAIZABAD_IDA),AWADHESH PRASAD,FAIZABAD,19-Aug-26,VIDYA SINGH,Payment In-Progress,61353
1754,Uttar Pradesh,Lighting of public spaces,WS/MP18215/2025-2026/248864,AYODHYA(DISTRICT MAGISTRAE FAIZABAD_IDA),AWADHESH PRASAD,FAIZABAD,19-Aug-26,VIDYA SINGH,Payment In-Progress,61353
1755,Uttar Pradesh,Lighting of public spaces,WS/MP18215/2025-2026/248865,AYODHYA(DISTRICT MAGISTRAE FAIZABAD_IDA),AWADHESH PRASAD,FAIZABAD,19-Aug-26,VIDYA SINGH,Payment In-Progress,61353
1756,Uttar Pradesh,Lighting of public spaces,WS/MP18215/2025-2026/248866,AYODHYA(DISTRICT MAGISTRAE FAIZABAD_IDA),AWADHESH PRASAD,FAIZABAD,19-Aug-26,VIDYA SINGH,Payment In-Progress,61353
1757,Uttar Pradesh,Lighting of public spaces,WS/MP18215/2025-2026/248867,AYODHYA(DISTRICT MAGISTRAE FAIZABAD_IDA),AWADHESH PRASAD,FAIZABAD,19-Aug-26,VIDYA SINGH,Payment In-Progress,61353
1758,Uttar Pradesh,Lighting of public spaces,WS/MP18215/2025-2026/248868,AYODHYA(DISTRICT MAGISTRAE FAIZABAD_IDA),AWADHESH PRASAD,FAIZABAD,19-Aug-26,VIDYA SINGH,Payment In-Progress,61353
1759,Uttar Pradesh,Lighting of public spaces,WS/MP18215/2025-2026/248869,AYODHYA(DISTRICT MAGISTRAE FAIZABAD_IDA),AWADHESH PRASAD,FAIZABAD,19-Aug-26,VIDYA SINGH,Payment In-Progress,61353
1760,Uttar Pradesh,Lighting of public spaces,WS/MP18215/2025-2026/248870,AYODHYA(DISTRICT MAGISTRAE FAIZABAD_IDA),AWADHESH PRASAD,FAIZABAD,19-Aug-26,VIDYA SINGH,Payment In-Progress,61353
1761,Uttar Pradesh,Lighting of public spaces,WS/MP18215/2025-2026/248871,AYODHYA(DISTRICT MAGISTRAE FAIZABAD_IDA),AWADHESH PRASAD,FAIZABAD,19-Aug-26,VIDYA SINGH,Payment In-Progress,61353
1762,Uttar Pradesh,Lighting of public spaces,WS/MP18215/2025-2026/248872,AYODHYA(DISTRICT MAGISTRAE FAIZABAD_IDA),AWADHESH PRASAD,FAIZABAD,19-Aug-26,VIDYA SINGH,Payment In-Progress,61353
1763,Uttar Pradesh,Lighting of public spaces,WS/MP18215/2025-2026/248873,AYODHYA(DISTRICT MAGISTRAE FAIZABAD_IDA),AWADHESH PRASAD,FAIZABAD,19-Aug-26,VIDYA SINGH,Payment In-Progress,61353
1764,Chhattisgarh,"Construction of roads, link roads, pathways or any other road with or without drainage system",WS/MP428/2026-2027/275135,Kabeerdham(DISTRICT COLLECTOR KABIRDHAM),Santosh Pandey,RAJNANDGAON,26-Aug-26,Gram Panchayat Kumhar Daniya,Payment In-Progress,250000
1765,Uttar Pradesh,Lighting of public spaces,WS/MP18215/2025-2026/248874,AYODHYA(DISTRICT MAGISTRAE FAIZABAD_IDA),AWADHESH PRASAD,FAIZABAD,19-Aug-26,VIDYA SINGH,Payment In-Progress,61353
1766,Uttar Pradesh,Lighting of public spaces,WS/MP18215/2025-2026/248875,AYODHYA(DISTRICT MAGISTRAE FAIZABAD_IDA),AWADHESH PRASAD,FAIZABAD,19-Aug-26,VIDYA SINGH,Payment In-Progress,61353
1767,Uttar Pradesh,Lighting of public spaces,WS/MP18215/2025-2026/248876,AYODHYA(DISTRICT MAGISTRAE FAIZABAD_IDA),AWADHESH PRASAD,FAIZABAD,19-Aug-26,VIDYA SINGH,Payment In-Progress,61353
1768,Uttar Pradesh,Lighting of public spaces,WS/MP18215/2025-2026/248877,AYODHYA(DISTRICT MAGISTRAE FAIZABAD_IDA),AWADHESH PRASAD,FAIZABAD,19-Aug-26,VIDYA SINGH,Payment In-Progress,61353
1769,Uttar Pradesh,Lighting of public spaces,WS/MP18215/2025-2026/248878,AYODHYA(DISTRICT MAGISTRAE FAIZABAD_IDA),AWADHESH PRASAD,FAIZABAD,19-Aug-26,VIDYA SINGH,Payment In-Progress,61353
1770,Uttar Pradesh,Lighting of public spaces,WS/MP18215/2025-2026/248879,AYODHYA(DISTRICT MAGISTRAE FAIZABAD_IDA),AWADHESH PRASAD,FAIZABAD,19-Aug-26,VIDYA SINGH,Payment In-Progress,61353
1771,Uttar Pradesh,Lighting of public spaces,WS/MP18215/2025-2026/248880,AYODHYA(DISTRICT MAGISTRAE FAIZABAD_IDA),AWADHESH PRASAD,FAIZABAD,19-Aug-26,VIDYA SINGH,Payment In-Progress,61353
1772,Uttar Pradesh,Lighting of public spaces,WS/MP18215/2025-2026/248881,AYODHYA(DISTRICT MAGISTRAE FAIZABAD_IDA),AWADHESH PRASAD,FAIZABAD,19-Aug-26,VIDYA SINGH,Payment In-Progress,61353
1773,Uttar Pradesh,Lighting of public spaces,WS/MP18215/2025-2026/248853,AYODHYA(DISTRICT MAGISTRAE FAIZABAD_IDA),AWADHESH PRASAD,FAIZABAD,19-Aug-26,VIDYA SINGH,Payment In-Progress,61353
1774,Uttar Pradesh,Lighting of public spaces,WS/MP18215/2025-2026/248883,AYODHYA(DISTRICT MAGISTRAE FAIZABAD_IDA),AWADHESH PRASAD,FAIZABAD,19-Aug-26,VIDYA SINGH,Payment In-Progress,61353
1775,Uttar Pradesh,Lighting of public spaces,WS/MP18215/2025-2026/248852,AYODHYA(DISTRICT MAGISTRAE FAIZABAD_IDA),AWADHESH PRASAD,FAIZABAD,19-Aug-26,VIDYA SINGH,Payment In-Progress,61353
1776,Chhattisgarh,"Construction of roads, link roads, pathways or any other road with or without drainage system",WS/MP428/2026-2027/275119,Kabeerdham(DISTRICT COLLECTOR KABIRDHAM),Santosh Pandey,RAJNANDGAON,26-Aug-26,Gram Panchayat Udiyakala,Payment In-Progress,246735
1777,Uttar Pradesh,"Construction of roads, link roads, pathways or any other road with or without drainage system",WS/MP18232/2026-2027/242943,MUZAFFARNAGAR(DISTRICT MAGISTRATE MUZAFFARNAGAR_IDA),HARENDRA SINGH MALIK,MUZAFFARNAGAR,04-Aug-26,BLOCK DEVELOPMENT OFFICER,Payment In-Progress,30152
1778,Uttar Pradesh,Construction of footpaths and pedestrian ways,WS/MP18219/2026-2027/250064,HAMIRPUR(DISTRICT MAGISTRATE HAMIRPUR_2),AJENDRA SINGH LODHI,HAMIRPUR_UP,08-May-26,Yog Pratap Construction,Payment In-Progress,896632
1779,Chhattisgarh,"Construction of roads, link roads, pathways or any other road with or without drainage system",WS/MP428/2026-2027/275127,Kabeerdham(DISTRICT COLLECTOR KABIRDHAM),Santosh Pandey,RAJNANDGAON,26-Aug-26,GRAM PANCHAYAT BACHEDI,Payment In-Progress,250000
1780,Rajasthan,Construction of boundary walls of existing public and community buildings,WS/MP384/2025-2026/162427,Anoopgarh(DISTRICT COLLECTOR Anoopgarh_IDA),Shri Arjun Ram Meghwal,BIKANER(SC),30-May-26,PAWAN KUMAR SANJAY KUMAR,Payment In-Progress,368227
1781,Uttar Pradesh,"Construction of roads, link roads, pathways or any other road with or without drainage system",WS/MP18219/2026-2027/250062,HAMIRPUR(DISTRICT MAGISTRATE HAMIRPUR_2),AJENDRA SINGH LODHI,HAMIRPUR_UP,08-May-26,Yuvraj Construction,Payment In-Progress,898816
1782,Uttar Pradesh,"Construction of roads, link roads, pathways or any other road with or without drainage system",WS/MP18219/2026-2027/250063,HAMIRPUR(DISTRICT MAGISTRATE HAMIRPUR_2),AJENDRA SINGH LODHI,HAMIRPUR_UP,10-May-26,Yuvraj Construction,Payment In-Progress,1297589
1783,Punjab,Street lights,WS/MP18154/2026-2027/276107,PATHANKOT(DEPUTY COMMISSIONER PATHANKOT_IDA),SUKHJINDER SINGH RANDHAWA,GURDASPUR,11-Aug-26,MAHAVIRINDUSTRIESDHURI,Payment In-Progress,284507
1784,West Bengal,Purchase of hospital equipment,WS/MP825/2025-2026/184195,HOWRAH(DISTRICT MAGISTRATE HOWRAH_IDA),Prasun Banerjee,HOWRAH,27-Aug-26,KONICA MINOLTA HEALTHCARE INDIA PVT LTD,Payment In-Progress,1675000
1785,Haryana,Installing tube-wells and borewells,WS/MP431/2025-2026/223740,GURUGRAM(DC CUM NODAL OFFICER MPLADS_5),Rao Inderjit Singh,GURGAON,13-May-26,THE MANGAWAS COOPERATIVE LABOUR AND CONSTRUCTION SOCIETY LTD,Payment In-Progress,494898
1786,Haryana,Construction of shelters for animals,WS/MP431/2025-2026/193931,GURUGRAM(DC CUM NODAL OFFICER MPLADS_5),Rao Inderjit Singh,GURGAON,13-May-26,THE MANGAWAS COOPERATIVE LABOUR AND CONSTRUCTION SOCIETY LTD,Payment In-Progress,777566
1787,Haryana,Construction of shelters for animals,WS/MP431/2025-2026/193931,GURUGRAM(DC CUM NODAL OFFICER MPLADS_5),Rao Inderjit Singh,GURGAON,13-May-26,EXECUTIVE OFFICER MUNICIPAL COUNCIL PATAUDI MANDI,Payment In-Progress,85535
1788,Haryana,Installing tube-wells and borewells,WS/MP431/2025-2026/223740,GURUGRAM(DC CUM NODAL OFFICER MPLADS_5),Rao Inderjit Singh,GURGAON,13-May-26,EXECUTIVE OFFICER MUNICIPAL COUNCIL PATAUDI MANDI,Payment In-Progress,54439
1789,Rajasthan,Installing community drinking water plants,WS/MP727/2026-2027/242764,KOTA(DISTRICT COLLECTOR KOTA_IDA),Om Birla,KOTA,31-Jul-26,S K CONSTRUCTION,Payment In-Progress,187705
1790,Andhra Pradesh,"Construction of roads, link roads, pathways or any other road with or without drainage system",WS/MP524/2025-2026/211625,Annamayya(DISTRICT COLLECTOR ANNAMAYYA_IDA),Midhun Reddy,RAJAMPET,27-Jul-26,PRESIDENT VILLAGE LEVEL COMMITTEE ANANTHAIAHGARIPALLI GP,Payment In-Progress,498640
1791,Andhra Pradesh,"Construction of roads, link roads, pathways or any other road with or without drainage system",WS/MP524/2025-2026/271486,Annamayya(DISTRICT COLLECTOR ANNAMAYYA_IDA),Midhun Reddy,RAJAMPET,25-Jul-26,PRESIDENT VILLAGE LEVEL COMMITTEE ANANTHAIAHGARIPALLI GP,Payment In-Progress,499945
1792,Maharashtra,"Purchase of smart boards, visual display units and projectors",WS/MP672/2025-2026/198595,NAGPUR(DISTRICT COLLECTOR NAGPUR_IDA),Nitin Jairam Gadkari,NAGPUR,31-Jul-26,Highstone Technologies Private Limited,Payment In-Progress,449900
1793,Maharashtra,"Construction of roads, link roads, pathways or any other road with or without drainage system",WS/MP18429/2026-2027/245249,NANDED(DISTRICT COLLECTOR NANDED_IDA),Ravindra Vasantrao Chavan,NANDED,20-Jul-26,GRAM PANCHAYAT BARHALI TQ MUKHED,Payment In-Progress,996000
1794,Uttar Pradesh,Providing drains and gutters for public drainage,WS/MP490/2025-2026/240966,VARANASI(DISTRICT MAGISTRAE VARANASI_IDA),Shri Narendra Modi,VARANASI,27-Jul-26,ARUN DEVELOPERS,Payment In-Progress,383500
1795,Uttar Pradesh,"Construction of rooms and facilities for hospitals, FWC , PHC Centers and ANM centers",WS/MP465/2025-2026/189652,UNNAO(DISTRICT MAGIISTRATE UNNAO_IDA),Swami Sachchidanandhari Sakshi ji Maharaj,UNNAO,03-Jul-26,DEEPA SURGICAL,Payment In-Progress,180000
1796,Uttar Pradesh,"Construction of rooms and facilities for hospitals, FWC , PHC Centers and ANM centers",WS/MP465/2025-2026/189652,UNNAO(DISTRICT MAGIISTRATE UNNAO_IDA),Swami Sachchidanandhari Sakshi ji Maharaj,UNNAO,03-Jul-26,DEEPA SURGICAL,Payment In-Progress,360000
1797,Uttar Pradesh,"Construction of rooms and facilities for hospitals, FWC , PHC Centers and ANM centers",WS/MP465/2025-2026/189652,UNNAO(DISTRICT MAGIISTRATE UNNAO_IDA),Swami Sachchidanandhari Sakshi ji Maharaj,UNNAO,03-Jul-26,DEEPA SURGICAL,Payment In-Progress,120000
1798,Uttar Pradesh,"Construction of rooms and facilities for hospitals, FWC , PHC Centers and ANM centers",WS/MP465/2025-2026/189652,UNNAO(DISTRICT MAGIISTRATE UNNAO_IDA),Swami Sachchidanandhari Sakshi ji Maharaj,UNNAO,03-Jul-26,DEEPA SURGICAL,Payment In-Progress,120000
1799,Andhra Pradesh,"Construction of roads, link roads, pathways or any other road with or without drainage system",WS/MP524/2025-2026/241196,Annamayya(DISTRICT COLLECTOR ANNAMAYYA_IDA),Midhun Reddy,RAJAMPET,30-Jun-26,Syed Mahammad Firoz Ali,Payment In-Progress,396167
1800,Haryana,Construction of community centers and community halls,WS/MP18067/2025-2026/187558,SONIPAT(DEPUTY COMMISSIONER SONEPAT_IDA),SATPAL BRAHAMCHARI,SONEPAT,07-May-26,Rajkumar contractor,Payment In-Progress,794244
1801,Uttar Pradesh,"Construction of roads, link roads, pathways or any other road with or without drainage system",WS/MP18232/2026-2027/259269,MUZAFFARNAGAR(DISTRICT MAGISTRATE MUZAFFARNAGAR_IDA),HARENDRA SINGH MALIK,MUZAFFARNAGAR,06-Aug-26,BLOCK DEVELOPMENT OFFICER,Payment In-Progress,6736
1802,Uttar Pradesh,"Construction of roads, link roads, pathways or any other road with or without drainage system",WS/MP18232/2026-2027/240893,MUZAFFARNAGAR(DISTRICT MAGISTRATE MUZAFFARNAGAR_IDA),HARENDRA SINGH MALIK,MUZAFFARNAGAR,04-Aug-26,BLOCK DEVELOPMENT OFFICER,Payment In-Progress,6176
1803,Uttar Pradesh,"Construction of roads, link roads, pathways or any other road with or without drainage system",WS/MP18232/2026-2027/228652,MUZAFFARNAGAR(DISTRICT MAGISTRATE MUZAFFARNAGAR_IDA),HARENDRA SINGH MALIK,MUZAFFARNAGAR,14-May-26,BLOCK DEVELOPMENT OFFICER,Payment In-Progress,143160
1804,Uttar Pradesh,"Construction of roads, link roads, pathways or any other road with or without drainage system",WS/MP18345/2026-2027/247953,KANPUR DEHAT(DISTRICT MAGISTRATE KANPUR DEHAT_IDA),AKHILESH YADAV,KANNAUJ,02-Jul-26,PVS AND COMPANY,Payment In-Progress,459743
1805,Tamil Nadu,"Construction of Government office buildings (Post office, Police station, Police chauki, etc.)",WS/MP18312/2026-2027/224433,TIRUCHIRAPPALLI(DISTRICT COLLECTOR TIRUCHIRAPPALLI_IDA),DURAI VAIKO,TIRUCHIRAPPALLI,27-Aug-26,Vijayaragavan J,Payment In-Progress,998687
1806,Uttar Pradesh,Construction of community centers and community halls,WS/MP18219/2026-2027/267959,MAHOBA(DISTRICT MAGISTRAE MAHOBA_IDA),AJENDRA SINGH LODHI,HAMIRPUR_UP,19-May-26,Ms UNITED ENTERPRISES,Payment In-Progress,599794
1807,West Bengal,"Construction of Government office buildings (Post office, Police station, Police chauki, etc.)",WS/MP852/2024-2025/154562,MURSHIDABAD(DISTRICT MAGISTRATE MURSHIDABAD_IDA),Abu Taher Khan,MURSHIDABAD,26-May-26,S A ENTERPRISE,Payment In-Progress,500569
1808,Mizoram,Improvement of electricity distribution infrastructure,WS/MP18138/2026-2027/262208,AIZAWL(DEPUTY COMMISSIONER AIZAWL_IDA),RICHARD VANLALHMANGAIHA,MIZORAM (ST),28-Aug-26,Bethlehem Vengthlang Local Council,Payment In-Progress,745000
1809,Haryana,Purchase of mobile water tankers,WS/MP18062/2026-2027/283109,HISAR(DEPUTY COMMISSIONER HISSAR_IDA),JAI PARKASH,HISAR,27-Aug-26,KAMBOJ AGRI WORKS,Payment In-Progress,165000
1810,Haryana,Purchase of mobile water tankers,WS/MP18062/2026-2027/283110,HISAR(DEPUTY COMMISSIONER HISSAR_IDA),JAI PARKASH,HISAR,27-Aug-26,KAMBOJ AGRI WORKS,Payment In-Progress,165000
1811,Haryana,Purchase of mobile water tankers,WS/MP18062/2026-2027/283111,HISAR(DEPUTY COMMISSIONER HISSAR_IDA),JAI PARKASH,HISAR,27-Aug-26,KAMBOJ AGRI WORKS,Payment In-Progress,165000
1812,Haryana,Purchase of mobile water tankers,WS/MP18062/2026-2027/283112,HISAR(DEPUTY COMMISSIONER HISSAR_IDA),JAI PARKASH,HISAR,27-Aug-26,KAMBOJ AGRI WORKS,Payment In-Progress,165000
1813,Haryana,Purchase of mobile water tankers,WS/MP18062/2026-2027/283114,HISAR(DEPUTY COMMISSIONER HISSAR_IDA),JAI PARKASH,HISAR,27-Aug-26,KAMBOJ AGRI WORKS,Payment In-Progress,165000
1814,Haryana,Purchase of mobile water tankers,WS/MP18062/2026-2027/283116,HISAR(DEPUTY COMMISSIONER HISSAR_IDA),JAI PARKASH,HISAR,27-Aug-26,KAMBOJ AGRI WORKS,Payment In-Progress,165000
1815,Haryana,Purchase of mobile water tankers,WS/MP18062/2026-2027/283119,HISAR(DEPUTY COMMISSIONER HISSAR_IDA),JAI PARKASH,HISAR,27-Aug-26,KAMBOJ AGRI WORKS,Payment In-Progress,165000
1816,Assam,Security gates in streets/public place for safety purpose,WS/MP18020/2025-2026/253738,NALBARI(DEPUTY COMMISSIONER NALBARI_IDA),PHANI BHUSAN CHOUDHURY,BARPETA,27-Aug-26,MS Bezbaruah Enterprise,Payment In-Progress,56916
1817,Maharashtra,"Construction of roads, link roads, pathways or any other road with or without drainage system",WS/MP18376/2026-2027/226530,MUMBAI(DISTRICT COLLECTOR MUMBAI CITY_IDA),ANIL YESHWANT DESAI,MUMBAI SOUTH CENTRAL,17-Aug-26,Ms Surya Mssm,Payment In-Progress,1897047
1818,Haryana,Purchase of mobile water tankers,WS/MP18062/2026-2027/283476,HISAR(DEPUTY COMMISSIONER HISSAR_IDA),JAI PARKASH,HISAR,27-Aug-26,KAMBOJ AGRI WORKS,Payment In-Progress,165000
1819,Haryana,Purchase of mobile water tankers,WS/MP18062/2026-2027/283081,HISAR(DEPUTY COMMISSIONER HISSAR_IDA),JAI PARKASH,HISAR,27-Aug-26,KAMBOJ AGRI WORKS,Payment In-Progress,165000
1820,Haryana,Purchase of mobile water tankers,WS/MP18062/2026-2027/283085,HISAR(DEPUTY COMMISSIONER HISSAR_IDA),JAI PARKASH,HISAR,27-Aug-26,KAMBOJ AGRI WORKS,Payment In-Progress,165000
1821,Haryana,Purchase of mobile water tankers,WS/MP18062/2026-2027/283087,HISAR(DEPUTY COMMISSIONER HISSAR_IDA),JAI PARKASH,HISAR,27-Aug-26,KAMBOJ AGRI WORKS,Payment In-Progress,165000
1822,Haryana,Purchase of mobile water tankers,WS/MP18062/2026-2027/283090,HISAR(DEPUTY COMMISSIONER HISSAR_IDA),JAI PARKASH,HISAR,27-Aug-26,KAMBOJ AGRI WORKS,Payment In-Progress,165000
1823,Haryana,Purchase of mobile water tankers,WS/MP18062/2026-2027/283091,HISAR(DEPUTY COMMISSIONER HISSAR_IDA),JAI PARKASH,HISAR,27-Aug-26,KAMBOJ AGRI WORKS,Payment In-Progress,165000
1824,Rajasthan,Installing tube-wells and borewells,WS/MP18170/2025-2026/197318,SIKAR(DISTRICT COLLECTOR SIKAR_IDA),AMRARAM,SIKAR,28-Jul-26,AEN AVVNL KDL JJM,Payment In-Progress,123350
1825,Haryana,Purchase of mobile water tankers,WS/MP18062/2026-2027/283093,HISAR(DEPUTY COMMISSIONER HISSAR_IDA),JAI PARKASH,HISAR,27-Aug-26,KAMBOJ AGRI WORKS,Payment In-Progress,165000
1826,Haryana,Purchase of mobile water tankers,WS/MP18062/2026-2027/283096,HISAR(DEPUTY COMMISSIONER HISSAR_IDA),JAI PARKASH,HISAR,27-Aug-26,KAMBOJ AGRI WORKS,Payment In-Progress,165000
1827,Haryana,Purchase of mobile water tankers,WS/MP18062/2026-2027/283097,HISAR(DEPUTY COMMISSIONER HISSAR_IDA),JAI PARKASH,HISAR,27-Aug-26,KAMBOJ AGRI WORKS,Payment In-Progress,165000
1828,Haryana,Purchase of mobile water tankers,WS/MP18062/2026-2027/283098,HISAR(DEPUTY COMMISSIONER HISSAR_IDA),JAI PARKASH,HISAR,27-Aug-26,KAMBOJ AGRI WORKS,Payment In-Progress,165000
1829,Haryana,Purchase of mobile water tankers,WS/MP18062/2026-2027/283099,HISAR(DEPUTY COMMISSIONER HISSAR_IDA),JAI PARKASH,HISAR,27-Aug-26,KAMBOJ AGRI WORKS,Payment In-Progress,165000
1830,Haryana,Renovation of ponds and lakes,WS/MP18067/2025-2026/251801,SONIPAT(DEPUTY COMMISSIONER SONEPAT_IDA),SATPAL BRAHAMCHARI,SONEPAT,17-Aug-26,D R CONSTRUCTION,Payment In-Progress,433861
1831,Karnataka,Construction of community centers and community halls,"WS/	 MP620/2025-2026/254654",DHARWAD(DEPUTY COMMISSIONER DHARWAR_IDA),Pralhad Venkatesh Joshi,DHARWAD,29-Jul-26,Shivaji Bhajantri,Payment In-Progress,396375
1832,Rajasthan,Construction of rooms and halls in school and colleges,WS/MP728/2025-2026/192099,CHURU(DISTRICT COLLECTOR CHURU_IDA),Rahul Kaswan,CHURU,25-Aug-26,RAM PRASAD,Payment In-Progress,5700
1833,Rajasthan,Construction of rooms and halls in school and colleges,WS/MP728/2025-2026/192099,CHURU(DISTRICT COLLECTOR CHURU_IDA),Rahul Kaswan,CHURU,25-Aug-26,SURENDER,Payment In-Progress,7410
1834,Rajasthan,Construction of rooms and halls in school and colleges,WS/MP728/2025-2026/192099,CHURU(DISTRICT COLLECTOR CHURU_IDA),Rahul Kaswan,CHURU,25-Aug-26,PARTAP SINGH,Payment In-Progress,7410
1835,Rajasthan,Construction of rooms and halls in school and colleges,WS/MP728/2025-2026/192099,CHURU(DISTRICT COLLECTOR CHURU_IDA),Rahul Kaswan,CHURU,25-Aug-26,SHEESH RAM,Payment In-Progress,7410
1836,Rajasthan,Construction of rooms and halls in school and colleges,WS/MP728/2025-2026/192099,CHURU(DISTRICT COLLECTOR CHURU_IDA),Rahul Kaswan,CHURU,25-Aug-26,VIKASH,Payment In-Progress,7410
1837,Rajasthan,Construction of rooms and halls in school and colleges,WS/MP728/2025-2026/192099,CHURU(DISTRICT COLLECTOR CHURU_IDA),Rahul Kaswan,CHURU,25-Aug-26,PARMANAND,Payment In-Progress,7410
1838,Rajasthan,Construction of rooms and halls in school and colleges,WS/MP728/2025-2026/192099,CHURU(DISTRICT COLLECTOR CHURU_IDA),Rahul Kaswan,CHURU,25-Aug-26,SURESH KUMAR,Payment In-Progress,35100
1839,Rajasthan,Construction of rooms and halls in school and colleges,WS/MP728/2025-2026/192099,CHURU(DISTRICT COLLECTOR CHURU_IDA),Rahul Kaswan,CHURU,25-Aug-26,REENA KUMARI,Payment In-Progress,7410
1840,Rajasthan,Construction of rooms and halls in school and colleges,WS/MP728/2025-2026/192099,CHURU(DISTRICT COLLECTOR CHURU_IDA),Rahul Kaswan,CHURU,25-Aug-26,SUSHILA,Payment In-Progress,7410
1841,Rajasthan,Construction of rooms and halls in school and colleges,WS/MP728/2025-2026/192099,CHURU(DISTRICT COLLECTOR CHURU_IDA),Rahul Kaswan,CHURU,25-Aug-26,DEVKARAN,Payment In-Progress,7410
1842,Rajasthan,Construction of rooms and halls in school and colleges,WS/MP728/2025-2026/192099,CHURU(DISTRICT COLLECTOR CHURU_IDA),Rahul Kaswan,CHURU,25-Aug-26,SATVIR,Payment In-Progress,11115
1843,Rajasthan,Construction of rooms and halls in school and colleges,WS/MP728/2025-2026/192099,CHURU(DISTRICT COLLECTOR CHURU_IDA),Rahul Kaswan,CHURU,25-Aug-26,VIJENDRA KUMAR,Payment In-Progress,11115
1844,Rajasthan,Construction of rooms and halls in school and colleges,WS/MP728/2025-2026/192099,CHURU(DISTRICT COLLECTOR CHURU_IDA),Rahul Kaswan,CHURU,25-Aug-26,RAM SINGH,Payment In-Progress,11115
1845,Rajasthan,Construction of rooms and halls in school and colleges,WS/MP728/2025-2026/192099,CHURU(DISTRICT COLLECTOR CHURU_IDA),Rahul Kaswan,CHURU,25-Aug-26,VIJENDRA KUMAR,Payment In-Progress,11115
1846,Rajasthan,Construction of rooms and halls in school and colleges,WS/MP728/2025-2026/192099,CHURU(DISTRICT COLLECTOR CHURU_IDA),Rahul Kaswan,CHURU,25-Aug-26,BHIVA RAM,Payment In-Progress,11115
1847,Rajasthan,Construction of rooms and halls in school and colleges,WS/MP728/2025-2026/192099,CHURU(DISTRICT COLLECTOR CHURU_IDA),Rahul Kaswan,CHURU,25-Aug-26,POOJA,Payment In-Progress,11115
1848,Rajasthan,Construction of rooms and halls in school and colleges,WS/MP728/2025-2026/192099,CHURU(DISTRICT COLLECTOR CHURU_IDA),Rahul Kaswan,CHURU,25-Aug-26,NAVEEN KUMAR,Payment In-Progress,11115
1849,Rajasthan,Construction of rooms and halls in school and colleges,WS/MP728/2025-2026/192099,CHURU(DISTRICT COLLECTOR CHURU_IDA),Rahul Kaswan,CHURU,25-Aug-26,SACHIN,Payment In-Progress,11115
1850,Rajasthan,Construction of rooms and halls in school and colleges,WS/MP728/2025-2026/192099,CHURU(DISTRICT COLLECTOR CHURU_IDA),Rahul Kaswan,CHURU,25-Aug-26,RANVIR,Payment In-Progress,35100
1851,Rajasthan,Construction of rooms and halls in school and colleges,WS/MP728/2025-2026/192099,CHURU(DISTRICT COLLECTOR CHURU_IDA),Rahul Kaswan,CHURU,25-Aug-26,DHOOP SINGH,Payment In-Progress,5700
1852,Maharashtra,Crematoriums/energy efficient crematoriums or structures on burial/cremation ground,WS/MP18323/2026-2027/146717,LATUR(DISTRICT COLLECTOR LATUR_IDA),DR KALGE SHIVAJI BANDAPPA,LATUR(SC),24-Aug-26,Bhimashankar Majur Sahkari Sanstha Maryadit,Payment In-Progress,794104
1853,Karnataka,Construction of buildings for community cultural activities,"WS/	 MP620/2025-2026/252048",DHARWAD(DEPUTY COMMISSIONER DHARWAR_IDA),Pralhad Venkatesh Joshi,DHARWAD,29-Jul-26,Rahul S Waddar,Payment In-Progress,494254
1854,Maharashtra,Construction of toilet blocks,WS/MP18308/2025-2026/145425,MUMBAI SUBURBAN(DISTRICT COLLECTOR MUMBAI SUBURBAN_IDA),RAVINDRA DATTARAM WAIKAR,MUMBAI NORTH WEST,05-Aug-26,Jai Bholenath Majoor Sahakari Sanstha Maryadit,Payment In-Progress,2098407
1855,Uttar Pradesh,"Construction of roads, link roads, pathways or any other road with or without drainage system",WS/MP18200/2025-2026/259111,RAE BARELI(DISTRICT MAGISTRATE RAE BARELI_IDA),KISHORI LAL,AMETHI,04-Aug-26,SATYA VIJAY SINGH,Payment In-Progress,533158
1856,Uttar Pradesh,"Construction of roads, link roads, pathways or any other road with or without drainage system",WS/MP18200/2025-2026/259109,RAE BARELI(DISTRICT MAGISTRATE RAE BARELI_IDA),KISHORI LAL,AMETHI,04-Aug-26,SATYA VIJAY SINGH,Payment In-Progress,511865
1857,Odisha,Construction of community centers and community halls,WS/MP18142/2025-2026/185341,PURI(DISTRICT COLLECTOR PURI_IDA),BIBHU PRASAD TARAI,JAGATSINGHPUR(SC),28-Aug-26,BDONIMAPADA MISCAC,Payment In-Progress,7074
1858,Rajasthan,Construction of buildings for community cultural activities,WS/MP18169/2026-2027/182703,Beawar(DISTRICT COLLECTOR Beawar_IDA),MAHIMA KUMARI MEWAR,RAJSAMAND,05-Aug-26,PURANMAL AND COMPANY,Payment In-Progress,254746
1859,Madhya Pradesh,Construction of common work sheds/ common covered sitting area,WS/MP18104/2026-2027/290483,NARMADAPURAM(DISTRICT COLLECTOR NARMADAPURAM_IDA),DARSHAN SINGH CHOUDHARY,HOSHANGABAD,25-Aug-26,SFC GRAM PANCHAYAT MATHNI,Payment In-Progress,75000
1860,Andhra Pradesh,Construction of common work sheds/ common covered sitting area,WS/MP526/2026-2027/256074,Y.S.R. Kadapa(DISTRICT COLLECTOR CUDDAPAH_IDA),Y S Avinash Reddy,KADAPA,29-Aug-26,KONGANAPALLI RAVI SANKAR BABU,Payment In-Progress,497967
1861,Gujarat,Construction of common work sheds/ common covered sitting area,WS/MP574/2026-2027/288273,PATAN(DISTRICT COLLECTOR PATAN_IDA),Bharatsinhji Shankarji Dabhi,PATAN,29-Aug-26,Sankra Gram Panchayat,Payment In-Progress,499135
1862,Haryana,Construction of community centers and community halls,WS/MP18067/2025-2026/214178,JIND(DEPUTY COMMISSIONER JIND),SATPAL BRAHAMCHARI,SONEPAT,24-Aug-26,BALAJI ENTERPRISES Kherent,Payment In-Progress,30090
1863,Haryana,Construction of community centers and community halls,WS/MP18067/2025-2026/214178,JIND(DEPUTY COMMISSIONER JIND),SATPAL BRAHAMCHARI,SONEPAT,24-Aug-26,BALAJI ENTERPRISES Kherent,Payment In-Progress,14905
1864,Haryana,Construction of community centers and community halls,WS/MP18067/2025-2026/214178,JIND(DEPUTY COMMISSIONER JIND),SATPAL BRAHAMCHARI,SONEPAT,24-Aug-26,BALAJI ENTERPRISES Kherent,Payment In-Progress,47638
1865,Haryana,Construction of community centers and community halls,WS/MP18067/2025-2026/214178,JIND(DEPUTY COMMISSIONER JIND),SATPAL BRAHAMCHARI,SONEPAT,24-Aug-26,BALAJI ENTERPRISES Kherent,Payment In-Progress,48937
1866,Haryana,Construction of community centers and community halls,WS/MP18067/2025-2026/214178,JIND(DEPUTY COMMISSIONER JIND),SATPAL BRAHAMCHARI,SONEPAT,24-Aug-26,BALAJI ENTERPRISES Kherent,Payment In-Progress,30532
1867,Haryana,Construction of community centers and community halls,WS/MP18067/2025-2026/214178,JIND(DEPUTY COMMISSIONER JIND),SATPAL BRAHAMCHARI,SONEPAT,24-Aug-26,MS RADHE RADHE ENTERPRISES SHADIPUR JULANA,Payment In-Progress,25355
1868,Haryana,Construction of community centers and community halls,WS/MP18067/2025-2026/214178,JIND(DEPUTY COMMISSIONER JIND),SATPAL BRAHAMCHARI,SONEPAT,24-Aug-26,MS RADHE RADHE ENTERPRISES SHADIPUR JULANA,Payment In-Progress,7080
1869,Haryana,Construction of community centers and community halls,WS/MP18067/2025-2026/214178,JIND(DEPUTY COMMISSIONER JIND),SATPAL BRAHAMCHARI,SONEPAT,24-Aug-26,KAPIL DALAL,Payment In-Progress,95400
1870,Haryana,Construction of community centers and community halls,WS/MP18067/2025-2026/193196,JIND(DEPUTY COMMISSIONER JIND),SATPAL BRAHAMCHARI,SONEPAT,24-Aug-26,KAPIL DALAL,Payment In-Progress,269157
1871,Haryana,Construction of community centers and community halls,WS/MP18067/2026-2027/277792,SONIPAT(DEPUTY COMMISSIONER SONEPAT_IDA),SATPAL BRAHAMCHARI,SONEPAT,26-Aug-26,Mahadev Construction co,Payment In-Progress,124245
1872,Haryana,Construction of community centers and community halls,WS/MP18067/2026-2027/277792,SONIPAT(DEPUTY COMMISSIONER SONEPAT_IDA),SATPAL BRAHAMCHARI,SONEPAT,26-Aug-26,Mahadev Construction co,Payment In-Progress,1108127
1873,Haryana,Crematoriums/energy efficient crematoriums or structures on burial/cremation ground,WS/MP18067/2026-2027/257444,SONIPAT(DEPUTY COMMISSIONER SONEPAT_IDA),SATPAL BRAHAMCHARI,SONEPAT,26-Aug-26,Mahadev Construction co,Payment In-Progress,128488
1874,Haryana,Crematoriums/energy efficient crematoriums or structures on burial/cremation ground,WS/MP18067/2026-2027/257444,SONIPAT(DEPUTY COMMISSIONER SONEPAT_IDA),SATPAL BRAHAMCHARI,SONEPAT,26-Aug-26,Mahadev Construction co,Payment In-Progress,76086
1875,Haryana,Crematoriums/energy efficient crematoriums or structures on burial/cremation ground,WS/MP18067/2026-2027/257444,SONIPAT(DEPUTY COMMISSIONER SONEPAT_IDA),SATPAL BRAHAMCHARI,SONEPAT,26-Aug-26,Mahadev Construction co,Payment In-Progress,48984
1876,Haryana,Crematoriums/energy efficient crematoriums or structures on burial/cremation ground,WS/MP18067/2026-2027/257444,SONIPAT(DEPUTY COMMISSIONER SONEPAT_IDA),SATPAL BRAHAMCHARI,SONEPAT,26-Aug-26,Mahadev Construction co,Payment In-Progress,53345
1877,Haryana,Crematoriums/energy efficient crematoriums or structures on burial/cremation ground,WS/MP18067/2026-2027/257444,SONIPAT(DEPUTY COMMISSIONER SONEPAT_IDA),SATPAL BRAHAMCHARI,SONEPAT,26-Aug-26,Mahadev Construction co,Payment In-Progress,115762
1878,Haryana,Crematoriums/energy efficient crematoriums or structures on burial/cremation ground,WS/MP18067/2026-2027/257444,SONIPAT(DEPUTY COMMISSIONER SONEPAT_IDA),SATPAL BRAHAMCHARI,SONEPAT,26-Aug-26,Mahadev Construction co,Payment In-Progress,36136
1879,Haryana,Crematoriums/energy efficient crematoriums or structures on burial/cremation ground,WS/MP18067/2026-2027/257444,SONIPAT(DEPUTY COMMISSIONER SONEPAT_IDA),SATPAL BRAHAMCHARI,SONEPAT,26-Aug-26,Mahadev Construction co,Payment In-Progress,273526
1880,Uttar Pradesh,Lighting of public spaces,WS/MP18235/2026-2027/281783,RAMPUR(DISTRICT MAGISTRATE RAMPUR_IDA),MOHIBBULLAH,RAMPUR,20-Aug-26,A MINE TRADERS,Payment In-Progress,174129
1881,Uttar Pradesh,Lighting of public spaces,WS/MP18235/2026-2027/281784,RAMPUR(DISTRICT MAGISTRATE RAMPUR_IDA),MOHIBBULLAH,RAMPUR,20-Aug-26,A MINE TRADERS,Payment In-Progress,174129
1882,Uttar Pradesh,Lighting of public spaces,WS/MP18235/2026-2027/281785,RAMPUR(DISTRICT MAGISTRATE RAMPUR_IDA),MOHIBBULLAH,RAMPUR,20-Aug-26,A MINE TRADERS,Payment In-Progress,174129
1883,Uttar Pradesh,Lighting of public spaces,WS/MP18235/2026-2027/281786,RAMPUR(DISTRICT MAGISTRATE RAMPUR_IDA),MOHIBBULLAH,RAMPUR,20-Aug-26,A MINE TRADERS,Payment In-Progress,174129
1884,Uttar Pradesh,Lighting of public spaces,WS/MP18235/2026-2027/281787,RAMPUR(DISTRICT MAGISTRATE RAMPUR_IDA),MOHIBBULLAH,RAMPUR,20-Aug-26,A MINE TRADERS,Payment In-Progress,174129
1885,Uttar Pradesh,Lighting of public spaces,WS/MP18235/2026-2027/281797,RAMPUR(DISTRICT MAGISTRATE RAMPUR_IDA),MOHIBBULLAH,RAMPUR,20-Aug-26,A MINE TRADERS,Payment In-Progress,174129
1886,Uttar Pradesh,Lighting of public spaces,WS/MP18235/2026-2027/281798,RAMPUR(DISTRICT MAGISTRATE RAMPUR_IDA),MOHIBBULLAH,RAMPUR,20-Aug-26,A MINE TRADERS,Payment In-Progress,174129
1887,Uttar Pradesh,Lighting of public spaces,WS/MP18235/2026-2027/281799,RAMPUR(DISTRICT MAGISTRATE RAMPUR_IDA),MOHIBBULLAH,RAMPUR,20-Aug-26,A MINE TRADERS,Payment In-Progress,174129
1888,Uttar Pradesh,Lighting of public spaces,WS/MP18235/2026-2027/281800,RAMPUR(DISTRICT MAGISTRATE RAMPUR_IDA),MOHIBBULLAH,RAMPUR,20-Aug-26,A MINE TRADERS,Payment In-Progress,174129
1889,Uttar Pradesh,Lighting of public spaces,WS/MP18235/2026-2027/281802,RAMPUR(DISTRICT MAGISTRATE RAMPUR_IDA),MOHIBBULLAH,RAMPUR,20-Aug-26,A MINE TRADERS,Payment In-Progress,174129
1890,Uttar Pradesh,Lighting of public spaces,WS/MP18235/2026-2027/281803,RAMPUR(DISTRICT MAGISTRATE RAMPUR_IDA),MOHIBBULLAH,RAMPUR,20-Aug-26,A MINE TRADERS,Payment In-Progress,174129
1891,Uttar Pradesh,Lighting of public spaces,WS/MP18235/2026-2027/281804,RAMPUR(DISTRICT MAGISTRATE RAMPUR_IDA),MOHIBBULLAH,RAMPUR,20-Aug-26,A MINE TRADERS,Payment In-Progress,174129
1892,Uttar Pradesh,Lighting of public spaces,WS/MP18235/2026-2027/281805,RAMPUR(DISTRICT MAGISTRATE RAMPUR_IDA),MOHIBBULLAH,RAMPUR,20-Aug-26,A MINE TRADERS,Payment In-Progress,174129
1893,Uttar Pradesh,Lighting of public spaces,WS/MP18235/2026-2027/281806,RAMPUR(DISTRICT MAGISTRATE RAMPUR_IDA),MOHIBBULLAH,RAMPUR,20-Aug-26,A MINE TRADERS,Payment In-Progress,174129
1894,Uttar Pradesh,Lighting of public spaces,WS/MP18235/2026-2027/281807,RAMPUR(DISTRICT MAGISTRATE RAMPUR_IDA),MOHIBBULLAH,RAMPUR,20-Aug-26,A MINE TRADERS,Payment In-Progress,174129
1895,Uttar Pradesh,Lighting of public spaces,WS/MP18235/2026-2027/281810,RAMPUR(DISTRICT MAGISTRATE RAMPUR_IDA),MOHIBBULLAH,RAMPUR,20-Aug-26,A MINE TRADERS,Payment In-Progress,174129
1896,Uttar Pradesh,Lighting of public spaces,WS/MP18235/2026-2027/281811,RAMPUR(DISTRICT MAGISTRATE RAMPUR_IDA),MOHIBBULLAH,RAMPUR,20-Aug-26,A MINE TRADERS,Payment In-Progress,174129
1897,Uttar Pradesh,Lighting of public spaces,WS/MP18235/2026-2027/281827,RAMPUR(DISTRICT MAGISTRATE RAMPUR_IDA),MOHIBBULLAH,RAMPUR,20-Aug-26,A MINE TRADERS,Payment In-Progress,174129
1898,West Bengal,Construction of buildings for sports facilities,WS/MP852/2025-2026/241492,MURSHIDABAD(DISTRICT MAGISTRATE MURSHIDABAD_IDA),Abu Taher Khan,MURSHIDABAD,15-Jun-26,MOURIN ENTERPRISE,Payment In-Progress,524312
1899,West Bengal,"Construction of roads, link roads, pathways or any other road with or without drainage system",WS/MP852/2025-2026/241504,MURSHIDABAD(DISTRICT MAGISTRATE MURSHIDABAD_IDA),Abu Taher Khan,MURSHIDABAD,15-Jun-26,MOURIN ENTERPRISE,Payment In-Progress,613779
1900,Uttar Pradesh,Lighting of public spaces,WS/MP18235/2026-2027/281831,RAMPUR(DISTRICT MAGISTRATE RAMPUR_IDA),MOHIBBULLAH,RAMPUR,20-Aug-26,A MINE TRADERS,Payment In-Progress,174129
1901,Uttar Pradesh,Lighting of public spaces,WS/MP18235/2026-2027/281841,RAMPUR(DISTRICT MAGISTRATE RAMPUR_IDA),MOHIBBULLAH,RAMPUR,20-Aug-26,A MINE TRADERS,Payment In-Progress,174129
1902,Uttar Pradesh,Lighting of public spaces,WS/MP18235/2026-2027/281851,RAMPUR(DISTRICT MAGISTRATE RAMPUR_IDA),MOHIBBULLAH,RAMPUR,20-Aug-26,A MINE TRADERS,Payment In-Progress,174129
1903,Haryana,Purchase of mobile water tankers,WS/MP18062/2026-2027/283107,HISAR(DEPUTY COMMISSIONER HISSAR_IDA),JAI PARKASH,HISAR,27-Aug-26,KAMBOJ AGRI WORKS,Payment In-Progress,165000
1904,Uttar Pradesh,Lighting of public spaces,WS/MP18235/2026-2027/281836,RAMPUR(DISTRICT MAGISTRATE RAMPUR_IDA),MOHIBBULLAH,RAMPUR,20-Aug-26,A MINE TRADERS,Payment In-Progress,174129
1905,Uttar Pradesh,Lighting of public spaces,WS/MP18235/2026-2027/281838,RAMPUR(DISTRICT MAGISTRATE RAMPUR_IDA),MOHIBBULLAH,RAMPUR,20-Aug-26,A MINE TRADERS,Payment In-Progress,174129
1906,Uttar Pradesh,Lighting of public spaces,WS/MP18235/2026-2027/281862,RAMPUR(DISTRICT MAGISTRATE RAMPUR_IDA),MOHIBBULLAH,RAMPUR,20-Aug-26,A MINE TRADERS,Payment In-Progress,174129
1907,Punjab,Construction of additional rooms and halls in the existing public and community building,WS/MP18314/2025-2026/256967,BARNALA(DEPUTY COMMISSIONER BARNALA_IDA),GURMEET SINGH MEET HAYER,SANGRUR,26-Aug-26,Gurcharan SIngh Mistri,Payment In-Progress,4172
1908,Punjab,Construction of additional rooms and halls in the existing public and community building,WS/MP18314/2025-2026/256967,BARNALA(DEPUTY COMMISSIONER BARNALA_IDA),GURMEET SINGH MEET HAYER,SANGRUR,26-Aug-26,Gurcharan SIngh Mistri,Payment In-Progress,35828
1909,Uttar Pradesh,Lighting of public spaces,WS/MP18235/2026-2027/281867,RAMPUR(DISTRICT MAGISTRATE RAMPUR_IDA),MOHIBBULLAH,RAMPUR,20-Aug-26,A MINE TRADERS,Payment In-Progress,174129
1910,Uttar Pradesh,Lighting of public spaces,WS/MP18235/2026-2027/281873,RAMPUR(DISTRICT MAGISTRATE RAMPUR_IDA),MOHIBBULLAH,RAMPUR,20-Aug-26,A MINE TRADERS,Payment In-Progress,174129
1911,Uttar Pradesh,Lighting of public spaces,WS/MP18235/2026-2027/281874,RAMPUR(DISTRICT MAGISTRATE RAMPUR_IDA),MOHIBBULLAH,RAMPUR,20-Aug-26,A MINE TRADERS,Payment In-Progress,174129
1912,Uttar Pradesh,Lighting of public spaces,WS/MP18235/2026-2027/282453,RAMPUR(DISTRICT MAGISTRATE RAMPUR_IDA),MOHIBBULLAH,RAMPUR,20-Aug-26,A MINE TRADERS,Payment In-Progress,174129
1913,Uttar Pradesh,Lighting of public spaces,WS/MP18235/2026-2027/282454,RAMPUR(DISTRICT MAGISTRATE RAMPUR_IDA),MOHIBBULLAH,RAMPUR,20-Aug-26,A MINE TRADERS,Payment In-Progress,174129
1914,Uttar Pradesh,Lighting of public spaces,WS/MP18235/2026-2027/282455,RAMPUR(DISTRICT MAGISTRATE RAMPUR_IDA),MOHIBBULLAH,RAMPUR,20-Aug-26,A MINE TRADERS,Payment In-Progress,174129
1915,Uttar Pradesh,Lighting of public spaces,WS/MP18235/2026-2027/282456,RAMPUR(DISTRICT MAGISTRATE RAMPUR_IDA),MOHIBBULLAH,RAMPUR,20-Aug-26,A MINE TRADERS,Payment In-Progress,174129
1916,Uttar Pradesh,Lighting of public spaces,WS/MP18235/2026-2027/282457,RAMPUR(DISTRICT MAGISTRATE RAMPUR_IDA),MOHIBBULLAH,RAMPUR,20-Aug-26,A MINE TRADERS,Payment In-Progress,174129
1917,Uttar Pradesh,Lighting of public spaces,WS/MP18235/2026-2027/282458,RAMPUR(DISTRICT MAGISTRATE RAMPUR_IDA),MOHIBBULLAH,RAMPUR,20-Aug-26,A MINE TRADERS,Payment In-Progress,174129
1918,Uttar Pradesh,Lighting of public spaces,WS/MP18235/2026-2027/282459,RAMPUR(DISTRICT MAGISTRATE RAMPUR_IDA),MOHIBBULLAH,RAMPUR,20-Aug-26,A MINE TRADERS,Payment In-Progress,174129
1919,Maharashtra,"Construction of roads, link roads, pathways or any other road with or without drainage system",WS/MP18130/2026-2027/231014,NAGPUR(DISTRICT COLLECTOR NAGPUR_IDA),Shyamkumar,RAMTEK(SC),17-Jul-26,grampanchayat  indora,Payment In-Progress,494872
1920,Haryana,Construction of community centers and community halls,WS/MP18067/2025-2026/193196,JIND(DEPUTY COMMISSIONER JIND),SATPAL BRAHAMCHARI,SONEPAT,24-Aug-26,MS Sanjay Construction Kharak Bainsi Meham,Payment In-Progress,11434
1921,Haryana,Construction of community centers and community halls,WS/MP18067/2025-2026/193196,JIND(DEPUTY COMMISSIONER JIND),SATPAL BRAHAMCHARI,SONEPAT,24-Aug-26,MS Sanjay Construction Kharak Bainsi Meham,Payment In-Progress,5050
1922,Haryana,Construction of community centers and community halls,WS/MP18067/2025-2026/193196,JIND(DEPUTY COMMISSIONER JIND),SATPAL BRAHAMCHARI,SONEPAT,24-Aug-26,MS Sanjay Construction Kharak Bainsi Meham,Payment In-Progress,49560
1923,Haryana,Construction of community centers and community halls,WS/MP18067/2025-2026/193196,JIND(DEPUTY COMMISSIONER JIND),SATPAL BRAHAMCHARI,SONEPAT,24-Aug-26,MS Sanjay Construction Kharak Bainsi Meham,Payment In-Progress,49560
1924,Haryana,Construction of community centers and community halls,WS/MP18067/2025-2026/193196,JIND(DEPUTY COMMISSIONER JIND),SATPAL BRAHAMCHARI,SONEPAT,24-Aug-26,MS Sanjay Construction Kharak Bainsi Meham,Payment In-Progress,49560
1925,Haryana,Construction of community centers and community halls,WS/MP18067/2025-2026/193196,JIND(DEPUTY COMMISSIONER JIND),SATPAL BRAHAMCHARI,SONEPAT,24-Aug-26,MS Sanjay Construction Kharak Bainsi Meham,Payment In-Progress,49560
1926,Haryana,Construction of community centers and community halls,WS/MP18067/2025-2026/193196,JIND(DEPUTY COMMISSIONER JIND),SATPAL BRAHAMCHARI,SONEPAT,24-Aug-26,MS Sanjay Construction Kharak Bainsi Meham,Payment In-Progress,49560
1927,Haryana,Construction of community centers and community halls,WS/MP18067/2025-2026/193196,JIND(DEPUTY COMMISSIONER JIND),SATPAL BRAHAMCHARI,SONEPAT,24-Aug-26,MS Sanjay Construction Kharak Bainsi Meham,Payment In-Progress,49560
1928,Haryana,Construction of community centers and community halls,WS/MP18067/2025-2026/193196,JIND(DEPUTY COMMISSIONER JIND),SATPAL BRAHAMCHARI,SONEPAT,24-Aug-26,MS Sanjay Construction Kharak Bainsi Meham,Payment In-Progress,49560
1929,Haryana,Construction of community centers and community halls,WS/MP18067/2025-2026/193196,JIND(DEPUTY COMMISSIONER JIND),SATPAL BRAHAMCHARI,SONEPAT,24-Aug-26,MS Sanjay Construction Kharak Bainsi Meham,Payment In-Progress,49560
1930,Haryana,Construction of community centers and community halls,WS/MP18067/2025-2026/193196,JIND(DEPUTY COMMISSIONER JIND),SATPAL BRAHAMCHARI,SONEPAT,24-Aug-26,MS Sanjay Construction Kharak Bainsi Meham,Payment In-Progress,49883
1931,Haryana,Construction of community centers and community halls,WS/MP18067/2025-2026/193196,JIND(DEPUTY COMMISSIONER JIND),SATPAL BRAHAMCHARI,SONEPAT,24-Aug-26,MS Sanjay Construction Kharak Bainsi Meham,Payment In-Progress,49560
1932,Haryana,Construction of community centers and community halls,WS/MP18067/2025-2026/193196,JIND(DEPUTY COMMISSIONER JIND),SATPAL BRAHAMCHARI,SONEPAT,24-Aug-26,MS Sanjay Construction Kharak Bainsi Meham,Payment In-Progress,49748
1933,Haryana,Construction of community centers and community halls,WS/MP18067/2025-2026/193196,JIND(DEPUTY COMMISSIONER JIND),SATPAL BRAHAMCHARI,SONEPAT,24-Aug-26,MS Sanjay Construction Kharak Bainsi Meham,Payment In-Progress,47554
1934,Haryana,Construction of community centers and community halls,WS/MP18067/2025-2026/193196,JIND(DEPUTY COMMISSIONER JIND),SATPAL BRAHAMCHARI,SONEPAT,24-Aug-26,MS Sanjay Construction Kharak Bainsi Meham,Payment In-Progress,47554
1935,Haryana,Construction of community centers and community halls,WS/MP18067/2025-2026/193196,JIND(DEPUTY COMMISSIONER JIND),SATPAL BRAHAMCHARI,SONEPAT,24-Aug-26,MS Sanjay Construction Kharak Bainsi Meham,Payment In-Progress,31706
1936,Haryana,Construction of community centers and community halls,WS/MP18067/2025-2026/193196,JIND(DEPUTY COMMISSIONER JIND),SATPAL BRAHAMCHARI,SONEPAT,24-Aug-26,MS Sanjay Construction Kharak Bainsi Meham,Payment In-Progress,25960
1937,Uttar Pradesh,Lighting of public spaces,WS/MP18235/2026-2027/282447,RAMPUR(DISTRICT MAGISTRATE RAMPUR_IDA),MOHIBBULLAH,RAMPUR,20-Aug-26,A MINE TRADERS,Payment In-Progress,174129
1938,Uttar Pradesh,Lighting of public spaces,WS/MP18235/2026-2027/282448,RAMPUR(DISTRICT MAGISTRATE RAMPUR_IDA),MOHIBBULLAH,RAMPUR,20-Aug-26,A MINE TRADERS,Payment In-Progress,174129
1939,Uttar Pradesh,Lighting of public spaces,WS/MP18235/2026-2027/282449,RAMPUR(DISTRICT MAGISTRATE RAMPUR_IDA),MOHIBBULLAH,RAMPUR,20-Aug-26,A MINE TRADERS,Payment In-Progress,174129
1940,Uttar Pradesh,Lighting of public spaces,WS/MP18235/2026-2027/282450,RAMPUR(DISTRICT MAGISTRATE RAMPUR_IDA),MOHIBBULLAH,RAMPUR,20-Aug-26,A MINE TRADERS,Payment In-Progress,174129
1941,Uttar Pradesh,Lighting of public spaces,WS/MP18235/2026-2027/282451,RAMPUR(DISTRICT MAGISTRATE RAMPUR_IDA),MOHIBBULLAH,RAMPUR,20-Aug-26,A MINE TRADERS,Payment In-Progress,174129
1942,Uttar Pradesh,Lighting of public spaces,WS/MP18235/2026-2027/282465,RAMPUR(DISTRICT MAGISTRATE RAMPUR_IDA),MOHIBBULLAH,RAMPUR,20-Aug-26,A MINE TRADERS,Payment In-Progress,174129
1943,Uttar Pradesh,Lighting of public spaces,WS/MP18235/2026-2027/282466,RAMPUR(DISTRICT MAGISTRATE RAMPUR_IDA),MOHIBBULLAH,RAMPUR,20-Aug-26,A MINE TRADERS,Payment In-Progress,174129
1944,Uttar Pradesh,Lighting of public spaces,WS/MP18235/2026-2027/282467,RAMPUR(DISTRICT MAGISTRATE RAMPUR_IDA),MOHIBBULLAH,RAMPUR,20-Aug-26,A MINE TRADERS,Payment In-Progress,174129
1945,Uttar Pradesh,Lighting of public spaces,WS/MP18235/2026-2027/282462,RAMPUR(DISTRICT MAGISTRATE RAMPUR_IDA),MOHIBBULLAH,RAMPUR,20-Aug-26,A MINE TRADERS,Payment In-Progress,174129
1946,Uttar Pradesh,Lighting of public spaces,WS/MP18235/2026-2027/282463,RAMPUR(DISTRICT MAGISTRATE RAMPUR_IDA),MOHIBBULLAH,RAMPUR,20-Aug-26,A MINE TRADERS,Payment In-Progress,174129
1947,Uttarakhand,Construction of common work sheds/ common covered sitting area,WS/MP021/2026-2027/268956,NAINITAL(DISTRICT MAGISTRATE NAINITAL_IDA),Ajay Bhatt,NAINITAL UDHAM SINGH NAG.,27-Aug-26,CHAMPA,Payment In-Progress,8418
1948,Uttarakhand,Construction of common work sheds/ common covered sitting area,WS/MP021/2026-2027/268956,NAINITAL(DISTRICT MAGISTRATE NAINITAL_IDA),Ajay Bhatt,NAINITAL UDHAM SINGH NAG.,27-Aug-26,OM RAWAT,Payment In-Progress,11615
1949,Jammu And Kashmir,"Construction of roads, link roads, pathways or any other road with or without drainage system",WS/MP18379/2026-2027/243144,KUPWARA(Deputy Commissioner Kupwara_IDA),ABDUL RASHID SHEIKH,BARAMULLAH,25-Aug-26,Bilal Ahmad Lone,Payment In-Progress,159776
1950,Jammu And Kashmir,"Construction of roads, link roads, pathways or any other road with or without drainage system",WS/MP18379/2026-2027/243145,KUPWARA(Deputy Commissioner Kupwara_IDA),ABDUL RASHID SHEIKH,BARAMULLAH,25-Aug-26,Bilal Ahmad Lone,Payment In-Progress,109224
1951,Uttar Pradesh,"Construction of roads, link roads, pathways or any other road with or without drainage system",WS/MP18345/2026-2027/225312,KANNAUJ(DISTRICT MAGISTRATE KANNAUJ_IDA),AKHILESH YADAV,KANNAUJ,13-Aug-26,MS GAJENDRA SINGH CONTRACTOR,Payment In-Progress,243606
1952,Tamil Nadu,Construction of community centers and community halls,WS/MP18184/2026-2027/211713,THENI(District Collector Theni_5),THANGA TAMILSELVAN,THENI,24-Jun-26,M Saravanan,Payment In-Progress,1720039
1953,Rajasthan,Construction of community centers and community halls,WS/MP18172/2025-2026/225150,UDAIPUR(DISTRICT COLLECTOR UDAIPUR_IDA),MANNA LAL RAWAT,UDAIPUR(ST),16-Jul-26,MS VINOD ENTERPRIES,Payment In-Progress,210000
1954,Madhya Pradesh,Construction of common work sheds/ common covered sitting area,WS/MP18104/2026-2027/272471,NARMADAPURAM(DISTRICT COLLECTOR NARMADAPURAM_IDA),DARSHAN SINGH CHOUDHARY,HOSHANGABAD,27-Aug-26,Sachiv gram panchyat Piperpani,Payment In-Progress,30000
1955,Uttar Pradesh,"Construction of roads, link roads, pathways or any other road with or without drainage system",WS/MP490/2025-2026/241235,VARANASI(DISTRICT MAGISTRAE VARANASI_IDA),Shri Narendra Modi,VARANASI,25-Jul-26,RAVI CONSTRUCTION ASHOK KUMAR SONKAR,Payment In-Progress,978928
1956,Uttarakhand,Construction of common work sheds/ common covered sitting area,WS/MP021/2026-2027/268956,NAINITAL(DISTRICT MAGISTRATE NAINITAL_IDA),Ajay Bhatt,NAINITAL UDHAM SINGH NAG.,27-Aug-26,GEETA RAWAT,Payment In-Progress,8418
1957,Gujarat,"Construction of roads, link roads, pathways or any other road with or without drainage system",WS/MP578/2025-2026/210737,BHARUCH(DISTRICT COLLECTOR BROACH_IDA),Mansukhbhai Dhanjibhai Vasava,BHARUCH,19-Aug-26,TUNA GRAM PANCHAYAT,Payment In-Progress,200000
1958,Rajasthan,Providing supply pipelines for drinking water,WS/MP18170/2025-2026/217494,SIKAR(DISTRICT COLLECTOR SIKAR_IDA),AMRARAM,SIKAR,24-Jul-26,shri shyam construction company,Payment In-Progress,275866
1959,Uttar Pradesh,Lighting of public spaces,WS/MP18240/2025-2026/246463,Sant Kabir Nagar(DISTRICT MAGISTRATE SANT KABIR NAGAR_2),LAXMIKANT PAPPU NISHAD,SANT KABIR NAGAR,06-Aug-26,JAI MATA DI VP CONSTRUCTION,Payment In-Progress,739130
1960,Uttar Pradesh,Lighting of public spaces,WS/MP18240/2025-2026/246470,Sant Kabir Nagar(DISTRICT MAGISTRATE SANT KABIR NAGAR_2),LAXMIKANT PAPPU NISHAD,SANT KABIR NAGAR,06-Aug-26,JAI MATA DI VP CONSTRUCTION,Payment In-Progress,739130
1961,Uttar Pradesh,Lighting of public spaces,WS/MP18240/2025-2026/246538,Sant Kabir Nagar(DISTRICT MAGISTRATE SANT KABIR NAGAR_2),LAXMIKANT PAPPU NISHAD,SANT KABIR NAGAR,06-Aug-26,JAI MATA DI VP CONSTRUCTION,Payment In-Progress,739130
1962,Uttar Pradesh,Lighting of public spaces,WS/MP18240/2025-2026/246539,Sant Kabir Nagar(DISTRICT MAGISTRATE SANT KABIR NAGAR_2),LAXMIKANT PAPPU NISHAD,SANT KABIR NAGAR,06-Aug-26,JAI MATA DI VP CONSTRUCTION,Payment In-Progress,739130
1963,Uttar Pradesh,Lighting of public spaces,WS/MP18240/2025-2026/246541,Sant Kabir Nagar(DISTRICT MAGISTRATE SANT KABIR NAGAR_2),LAXMIKANT PAPPU NISHAD,SANT KABIR NAGAR,06-Aug-26,JAI MATA DI VP CONSTRUCTION,Payment In-Progress,739130
1964,Uttar Pradesh,Lighting of public spaces,WS/MP18240/2025-2026/246544,Sant Kabir Nagar(DISTRICT MAGISTRATE SANT KABIR NAGAR_2),LAXMIKANT PAPPU NISHAD,SANT KABIR NAGAR,06-Aug-26,JAI MATA DI VP CONSTRUCTION,Payment In-Progress,739130
1965,Uttar Pradesh,Lighting of public spaces,WS/MP18240/2025-2026/246551,Sant Kabir Nagar(DISTRICT MAGISTRATE SANT KABIR NAGAR_2),LAXMIKANT PAPPU NISHAD,SANT KABIR NAGAR,06-Aug-26,JAI MATA DI VP CONSTRUCTION,Payment In-Progress,739130
1966,Uttar Pradesh,Lighting of public spaces,WS/MP18240/2025-2026/246556,Sant Kabir Nagar(DISTRICT MAGISTRATE SANT KABIR NAGAR_2),LAXMIKANT PAPPU NISHAD,SANT KABIR NAGAR,06-Aug-26,JAI MATA DI VP CONSTRUCTION,Payment In-Progress,739130
1967,Uttar Pradesh,Lighting of public spaces,WS/MP18240/2025-2026/246456,Sant Kabir Nagar(DISTRICT MAGISTRATE SANT KABIR NAGAR_2),LAXMIKANT PAPPU NISHAD,SANT KABIR NAGAR,06-Aug-26,JAI MATA DI VP CONSTRUCTION,Payment In-Progress,739130
1968,Uttar Pradesh,Lighting of public spaces,WS/MP18240/2025-2026/246534,Sant Kabir Nagar(DISTRICT MAGISTRATE SANT KABIR NAGAR_2),LAXMIKANT PAPPU NISHAD,SANT KABIR NAGAR,06-Aug-26,JAI MATA DI VP CONSTRUCTION,Payment In-Progress,739130
1969,Uttar Pradesh,Lighting of public spaces,WS/MP18240/2025-2026/246507,Sant Kabir Nagar(DISTRICT MAGISTRATE SANT KABIR NAGAR_2),LAXMIKANT PAPPU NISHAD,SANT KABIR NAGAR,06-Aug-26,JAI MATA DI VP CONSTRUCTION,Payment In-Progress,316770
1970,Uttar Pradesh,Lighting of public spaces,WS/MP18240/2025-2026/246508,Sant Kabir Nagar(DISTRICT MAGISTRATE SANT KABIR NAGAR_2),LAXMIKANT PAPPU NISHAD,SANT KABIR NAGAR,06-Aug-26,JAI MATA DI VP CONSTRUCTION,Payment In-Progress,739130
1971,Uttar Pradesh,Lighting of public spaces,WS/MP18240/2025-2026/246509,Sant Kabir Nagar(DISTRICT MAGISTRATE SANT KABIR NAGAR_2),LAXMIKANT PAPPU NISHAD,SANT KABIR NAGAR,06-Aug-26,JAI MATA DI VP CONSTRUCTION,Payment In-Progress,739130
1972,Uttar Pradesh,Lighting of public spaces,WS/MP18240/2025-2026/246511,Sant Kabir Nagar(DISTRICT MAGISTRATE SANT KABIR NAGAR_2),LAXMIKANT PAPPU NISHAD,SANT KABIR NAGAR,06-Aug-26,JAI MATA DI VP CONSTRUCTION,Payment In-Progress,739130
1973,Uttar Pradesh,Lighting of public spaces,WS/MP18240/2025-2026/246512,Sant Kabir Nagar(DISTRICT MAGISTRATE SANT KABIR NAGAR_2),LAXMIKANT PAPPU NISHAD,SANT KABIR NAGAR,06-Aug-26,JAI MATA DI VP CONSTRUCTION,Payment In-Progress,739130
1974,Uttar Pradesh,Lighting of public spaces,WS/MP18240/2025-2026/246513,Sant Kabir Nagar(DISTRICT MAGISTRATE SANT KABIR NAGAR_2),LAXMIKANT PAPPU NISHAD,SANT KABIR NAGAR,06-Aug-26,JAI MATA DI VP CONSTRUCTION,Payment In-Progress,739130
1975,Uttar Pradesh,Lighting of public spaces,WS/MP18240/2025-2026/246514,Sant Kabir Nagar(DISTRICT MAGISTRATE SANT KABIR NAGAR_2),LAXMIKANT PAPPU NISHAD,SANT KABIR NAGAR,06-Aug-26,JAI MATA DI VP CONSTRUCTION,Payment In-Progress,739130
1976,Uttar Pradesh,Lighting of public spaces,WS/MP18240/2025-2026/246516,Sant Kabir Nagar(DISTRICT MAGISTRATE SANT KABIR NAGAR_2),LAXMIKANT PAPPU NISHAD,SANT KABIR NAGAR,06-Aug-26,JAI MATA DI VP CONSTRUCTION,Payment In-Progress,739130
1977,Uttar Pradesh,Lighting of public spaces,WS/MP18240/2025-2026/246518,Sant Kabir Nagar(DISTRICT MAGISTRATE SANT KABIR NAGAR_2),LAXMIKANT PAPPU NISHAD,SANT KABIR NAGAR,06-Aug-26,JAI MATA DI VP CONSTRUCTION,Payment In-Progress,739130
1978,Uttar Pradesh,Lighting of public spaces,WS/MP18240/2025-2026/246521,Sant Kabir Nagar(DISTRICT MAGISTRATE SANT KABIR NAGAR_2),LAXMIKANT PAPPU NISHAD,SANT KABIR NAGAR,06-Aug-26,JAI MATA DI VP CONSTRUCTION,Payment In-Progress,739130
1979,Uttar Pradesh,Lighting of public spaces,WS/MP18240/2025-2026/246524,Sant Kabir Nagar(DISTRICT MAGISTRATE SANT KABIR NAGAR_2),LAXMIKANT PAPPU NISHAD,SANT KABIR NAGAR,06-Aug-26,JAI MATA DI VP CONSTRUCTION,Payment In-Progress,739130
1980,Uttar Pradesh,Lighting of public spaces,WS/MP18240/2025-2026/246528,Sant Kabir Nagar(DISTRICT MAGISTRATE SANT KABIR NAGAR_2),LAXMIKANT PAPPU NISHAD,SANT KABIR NAGAR,06-Aug-26,JAI MATA DI VP CONSTRUCTION,Payment In-Progress,739130
1981,Uttar Pradesh,Lighting of public spaces,WS/MP18240/2025-2026/246529,Sant Kabir Nagar(DISTRICT MAGISTRATE SANT KABIR NAGAR_2),LAXMIKANT PAPPU NISHAD,SANT KABIR NAGAR,06-Aug-26,JAI MATA DI VP CONSTRUCTION,Payment In-Progress,739130
1982,Uttar Pradesh,Lighting of public spaces,WS/MP18240/2025-2026/246530,Sant Kabir Nagar(DISTRICT MAGISTRATE SANT KABIR NAGAR_2),LAXMIKANT PAPPU NISHAD,SANT KABIR NAGAR,06-Aug-26,JAI MATA DI VP CONSTRUCTION,Payment In-Progress,739130
1983,Uttar Pradesh,Lighting of public spaces,WS/MP18240/2025-2026/246531,Sant Kabir Nagar(DISTRICT MAGISTRATE SANT KABIR NAGAR_2),LAXMIKANT PAPPU NISHAD,SANT KABIR NAGAR,06-Aug-26,JAI MATA DI VP CONSTRUCTION,Payment In-Progress,739130
1984,Gujarat,"Construction of flood control embankments/ protection walls along riverbanks, hilltops, roadsides",WS/MP575/2025-2026/191183,NAVSARI(DISTRICT COLLECTOR NAVSARI_IDA),C R Patil,NAVSARI,09-Jul-26,SUHANI CONSTRUCTION,Payment In-Progress,500000
1985,Gujarat,"Construction of roads, link roads, pathways or any other road with or without drainage system",WS/MP575/2025-2026/191184,NAVSARI(DISTRICT COLLECTOR NAVSARI_IDA),C R Patil,NAVSARI,09-Jul-26,SUHANI CONSTRUCTION,Payment In-Progress,500000
1986,Chhattisgarh,Construction of additional rooms and halls in the existing public and community building,WS/MP18051/2026-2027/259962,MAHASAMUND(DISTRICT COLLECTOR MAHASAMUND_IDA),ROOP KUMARI CHOUDHARY,MAHASAMUND,03-Aug-26,NAGAR PALIKA PARISHAD BAGBAHARA,Payment In-Progress,491700
1987,Maharashtra,Construction of community centers and community halls,WS/MP18114/2026-2027/227487,BEED(DISTRICT COLLECTOR BEED_IDA),BAJRANG MANOHAR SONWANE,BEED,22-Aug-26,AJINKYA YODDHA MAJOOR SAHAKARI SANSTHA M KAIJ,Payment In-Progress,996401
1988,Assam,Construction of community centers and community halls,WS/MP18024/2025-2026/245869,JORHAT(DEPUTY COMMISSIONER JORHAT_IDA),GAURAV GOGOI,JORHAT,29-Aug-26,MS BORA HARDWARE,Payment In-Progress,250000
1989,Maharashtra,"Construction of roads, link roads, pathways or any other road with or without drainage system",WS/MP18124/2025-2026/226103,MUMBAI SUBURBAN(DISTRICT COLLECTOR MUMBAI SUBURBAN_IDA),GAIKWAD VARSHA EKNATH,MUMBAI NORTH-CENTRAL,06-Aug-26,Utkasharsha Majoor Sahakaari Sanstha Maryadit,Payment In-Progress,1798633
1990,Madhya Pradesh,Construction of buildings for community cultural activities,WS/MP638/2024-2025/152450,Niwari(District Collector Niwari_IDA),Virendra Kumar,TIKAMGARH(SC),25-Aug-26,DEEPAK KUMAR SHARMA,Payment In-Progress,1176270
1991,Madhya Pradesh,Construction of buildings for community cultural activities,WS/MP638/2024-2025/152443,Niwari(District Collector Niwari_IDA),Virendra Kumar,TIKAMGARH(SC),25-Aug-26,DEEPAK KUMAR SHARMA,Payment In-Progress,1176053
1992,Madhya Pradesh,Construction of buildings for community cultural activities,WS/MP638/2024-2025/152444,Niwari(District Collector Niwari_IDA),Virendra Kumar,TIKAMGARH(SC),25-Aug-26,DEEPAK KUMAR SHARMA,Payment In-Progress,1176251
1993,Punjab,Construction of additional rooms and halls in the existing public and community building,WS/MP716/2025-2026/203951,BATHINDA(DEPUTY COMMISSIONER BHATINDA_IDA),Smt Harsimrat Kaur Badal,BHATINDA,02-Jul-26,Karamjeet Kaur,Payment In-Progress,9637
1994,Punjab,Construction of additional rooms and halls in the existing public and community building,WS/MP716/2025-2026/203951,BATHINDA(DEPUTY COMMISSIONER BHATINDA_IDA),Smt Harsimrat Kaur Badal,BHATINDA,02-Jul-26,Karamjeet Kaur,Payment In-Progress,9637
1995,Jammu And Kashmir,Construction of common work sheds/ common covered sitting area,"WS/	 MP331/2025-2026/222764",RAJOURI(Deputy Commissioner Rajouri_IDA),Shri Jugal Kishore Sharma,JAMMU,07-Jul-26,MUKESH KUMAR,Payment In-Progress,211000
1996,Kerala,Purchase of vans and buses for educational institutions,WS/MP440/2025-2026/206067,PALAKKAD(DISTRICT COLLECTOR PALAKKAD_IDA),Vellalath Kochukrishnan Nair Sreekandan,PALAKKAD,10-Jul-26,GUPS CHERUPULASSERY,Payment In-Progress,117924
1997,Assam,Construction of buildings for community cultural activities,WS/MP18020/2026-2027/205145,BARPETA(DEPUTY COMMISSIONER BARPETA 1),PHANI BHUSAN CHOUDHURY,BARPETA,18-Aug-26,CONSTRUCTION OF CULTURAL STAGE AT BARHARID NEAR SRI SRI KALIA NAMGHAR,Payment In-Progress,240000
1998,Rajasthan,Construction of community centers and community halls,WS/MP719/2025-2026/227474,AJMER(DISTRICT COLLECTOR AJMER_IDA),Bhagirath Chaudhary,AJMER,06-Aug-26,KAILASH MANGLA,Payment In-Progress,15561
1999,Uttar Pradesh,"Construction of roads, link roads, pathways or any other road with or without drainage system",WS/MP490/2025-2026/241133,VARANASI(DISTRICT MAGISTRAE VARANASI_IDA),Shri Narendra Modi,VARANASI,20-Jul-26,BAJRANG CONSTRUCTION,Payment In-Progress,176528
2000,West Bengal,"Construction of roads, link roads, pathways or any other road with or without drainage system",WS/MP852/2026-2027/231921,MURSHIDABAD(DISTRICT MAGISTRATE MURSHIDABAD_IDA),Abu Taher Khan,MURSHIDABAD,24-Jun-26,MONDAL ENTERPRISE,Payment In-Progress,1384739
2001,Punjab,Construction of additional rooms and halls in the existing public and community building,WS/MP716/2025-2026/203951,BATHINDA(DEPUTY COMMISSIONER BHATINDA_IDA),Smt Harsimrat Kaur Badal,BHATINDA,02-Jul-26,M J Cement Store and Building Material,Payment In-Progress,24254
2002,Punjab,Construction of additional rooms and halls in the existing public and community building,WS/MP716/2025-2026/203951,BATHINDA(DEPUTY COMMISSIONER BHATINDA_IDA),Smt Harsimrat Kaur Badal,BHATINDA,02-Jul-26,Singla Bricks Manufacturing Company,Payment In-Progress,121990
2003,Punjab,Construction of additional rooms and halls in the existing public and community building,WS/MP716/2025-2026/203951,BATHINDA(DEPUTY COMMISSIONER BHATINDA_IDA),Smt Harsimrat Kaur Badal,BHATINDA,02-Jul-26,S K Enterprises,Payment In-Progress,53655
2004,Punjab,Construction of additional rooms and halls in the existing public and community building,WS/MP716/2025-2026/203951,BATHINDA(DEPUTY COMMISSIONER BHATINDA_IDA),Smt Harsimrat Kaur Badal,BHATINDA,02-Jul-26,R K Darshan Electric Store,Payment In-Progress,20315
2005,Punjab,Construction of additional rooms and halls in the existing public and community building,WS/MP716/2025-2026/203951,BATHINDA(DEPUTY COMMISSIONER BHATINDA_IDA),Smt Harsimrat Kaur Badal,BHATINDA,02-Jul-26,Shree Balaji Sanitary and Hardware Store,Payment In-Progress,43901
2006,Punjab,Construction of additional rooms and halls in the existing public and community building,WS/MP716/2025-2026/203951,BATHINDA(DEPUTY COMMISSIONER BHATINDA_IDA),Smt Harsimrat Kaur Badal,BHATINDA,02-Jul-26,Hakam Khan,Payment In-Progress,11109
2007,Punjab,Construction of additional rooms and halls in the existing public and community building,WS/MP716/2025-2026/203951,BATHINDA(DEPUTY COMMISSIONER BHATINDA_IDA),Smt Harsimrat Kaur Badal,BHATINDA,02-Jul-26,Feroz Khan,Payment In-Progress,11109
2008,Punjab,Construction of additional rooms and halls in the existing public and community building,WS/MP716/2025-2026/203951,BATHINDA(DEPUTY COMMISSIONER BHATINDA_IDA),Smt Harsimrat Kaur Badal,BHATINDA,02-Jul-26,Sha Mohamad,Payment In-Progress,9637
2009,Punjab,Construction of additional rooms and halls in the existing public and community building,WS/MP716/2025-2026/203951,BATHINDA(DEPUTY COMMISSIONER BHATINDA_IDA),Smt Harsimrat Kaur Badal,BHATINDA,02-Jul-26,Baldev Singh,Payment In-Progress,9637
2010,Punjab,Construction of additional rooms and halls in the existing public and community building,WS/MP716/2025-2026/203951,BATHINDA(DEPUTY COMMISSIONER BHATINDA_IDA),Smt Harsimrat Kaur Badal,BHATINDA,02-Jul-26,Rani Kaur,Payment In-Progress,9637
2011,Rajasthan,Construction of common work sheds/ common covered sitting area,WS/MP18164/2025-2026/259486,GANGANAGAR(Zilla GANGANAGAR),KULDEEP INDORA,GANGANAGAR(SC),17-Aug-26,Shri Khetarpal Ji Projects And Suppliers,Payment In-Progress,472019
2012,Jammu And Kashmir,Street lights,WS/MP18379/2026-2027/251193,BARAMULLA(DEPUTY COMMISSIONER BARAMULLAH_IDA),ABDUL RASHID SHEIKH,BARAMULLAH,21-Aug-26,MS Manzoor Builders,Payment In-Progress,498400
2013,Punjab,Construction of stadiums,WS/MP18311/2025-2026/272255,RUPNAGAR(DEPUTY COMMISSIONER ROOPNAGAR_IDA),MALVINDER SINGH KANG,ANANDPUR SAHIB,24-Aug-26,GH LANDSCAPES,Payment In-Progress,14000
2014,Rajasthan,Construction of community centers and community halls,WS/MP719/2025-2026/199757,AJMER(DISTRICT COLLECTOR AJMER_IDA),Bhagirath Chaudhary,AJMER,20-Aug-26,SANWARIYA CONSTRUCTION,Payment In-Progress,440462
2015,Chandigarh,Installation of fixed garden gym equipment,WS/MP18047/2026-2027/257354,CHANDIGARH(DEPUTY COMMISSIONER ZILLA PARISHAD CHANDIGARH_IDA),MANISH TEWARI,CHANDIGARH,04-Aug-26,MS Radhika Enterprises,Payment In-Progress,243775
2016,Tamil Nadu,Construction of community centers and community halls,WS/MP18184/2026-2027/211708,THENI(District Collector Theni_5),THANGA TAMILSELVAN,THENI,13-Jul-26,ELLAPPAN CONTRACTOR,Payment In-Progress,1200000
2017,Haryana,Construction of water tanks,WS/MP18067/2025-2026/134321,SONIPAT(DEPUTY COMMISSIONER SONEPAT_IDA),SATPAL BRAHAMCHARI,SONEPAT,02-Jul-26,INDO FARM EQUIPEMENT LTD,Payment In-Progress,475750
2018,Karnataka,Construction of community centers and community halls,WS/MP18356/2026-2027/169966,BELAGAVI(DEPUTY COMMISSIONER BELGAUM_IDA),PRIYANKA SATISH JARKIHOLI,CHIKKODI,26-Aug-26,SANJU SHIVAPPA JEEVANNAVAR,Payment In-Progress,124708
2019,Gujarat,Construction of rooms and halls in school and colleges,WS/MP574/2025-2026/181103,PATAN(DISTRICT COLLECTOR PATAN_IDA),Bharatsinhji Shankarji Dabhi,PATAN,20-Aug-26,AJIMANA GRAM PANCHAYAT,Payment In-Progress,500000
2020,Meghalaya,Crematoriums/energy efficient crematoriums or structures on burial/cremation ground,WS/MP18309/2026-2027/288790,WEST GARO HILLS(DEPUTY COMMISSIONER WEST GARO HILLS_IDA),SALENG A SANGMA,TURA,28-Aug-26,Marwari Yuva Manch,Payment In-Progress,335000
2021,Odisha,"Construction of roads, link roads, pathways or any other road with or without drainage system",WS/MP18310/2026-2027/239500,Baleshwar(DISTRICT COLLECTOR BALESHWAR_IDA),AVIMANYU SETHI,BHADRAK(SC),25-Aug-26,Amiya Ku Das,Payment In-Progress,1000000
2022,Odisha,Construction of rooms and halls in school and colleges,WS/MP18310/2025-2026/200765,Baleshwar(DISTRICT COLLECTOR BALESHWAR_IDA),AVIMANYU SETHI,BHADRAK(SC),25-Aug-26,Amiya Ku Das,Payment In-Progress,500000
2023,Punjab,Construction of additional rooms and halls in the existing public and community building,WS/MP716/2025-2026/203951,BATHINDA(DEPUTY COMMISSIONER BHATINDA_IDA),Smt Harsimrat Kaur Badal,BHATINDA,07-Jul-26,Gurpreet Singh,Payment In-Progress,9257
2024,Rajasthan,Purchase of furniture and fixtures for educational purposes,WS/MP389/2025-2026/255117,PALI(DISTRICT COLLECTOR PALI_IDA),Shri PP Chaudhary,PALI,03-Jul-26,VASUDEV CONSTRUCTION CO,Payment In-Progress,500000
2025,Karnataka,"Construction of roads, link roads, pathways or any other road with or without drainage system",WS/MP623/2026-2027/235749,BELAGAVI(DEPUTY COMMISSIONER BELGAUM_IDA),Ramesh Chandappa Jigajinagi,BIJAPUR(SC),20-Aug-26,MAHANTESH B KULAKARNI,Payment In-Progress,247155
2026,West Bengal,Construction of community centers and community halls,WS/MP18254/2024-2025/156808,Paschim Medinipur(DISTRICT MAGISTRATE PASCHIM MEDINIPUR_IDA),JUNE MALIAH,MEDINIPUR,21-Aug-26,MS CHOWDHURY CONSTRUCTION,Payment In-Progress,1307006
2027,Uttar Pradesh,Lighting of public spaces,WS/MP18380/2026-2027/266106,BHADOHI(DISTRICT MAGISTRATE BHADOHI_IDA),VINOD KUMAR BIND,BHADOHI,08-Jul-26,G H ENTERPRISES,Payment In-Progress,103263
2028,Uttar Pradesh,Lighting of public spaces,WS/MP18380/2026-2027/266107,BHADOHI(DISTRICT MAGISTRATE BHADOHI_IDA),VINOD KUMAR BIND,BHADOHI,08-Jul-26,G H ENTERPRISES,Payment In-Progress,103263
2029,Uttar Pradesh,Lighting of public spaces,WS/MP18380/2026-2027/266108,BHADOHI(DISTRICT MAGISTRATE BHADOHI_IDA),VINOD KUMAR BIND,BHADOHI,08-Jul-26,G H ENTERPRISES,Payment In-Progress,103263
2030,Uttar Pradesh,Lighting of public spaces,WS/MP18380/2026-2027/266109,BHADOHI(DISTRICT MAGISTRATE BHADOHI_IDA),VINOD KUMAR BIND,BHADOHI,08-Jul-26,G H ENTERPRISES,Payment In-Progress,103263
2031,Uttar Pradesh,Lighting of public spaces,WS/MP18380/2026-2027/266110,BHADOHI(DISTRICT MAGISTRATE BHADOHI_IDA),VINOD KUMAR BIND,BHADOHI,08-Jul-26,G H ENTERPRISES,Payment In-Progress,103263
2032,Uttar Pradesh,Lighting of public spaces,WS/MP18380/2026-2027/266111,BHADOHI(DISTRICT MAGISTRATE BHADOHI_IDA),VINOD KUMAR BIND,BHADOHI,08-Jul-26,G H ENTERPRISES,Payment In-Progress,103263
2033,Uttar Pradesh,Lighting of public spaces,WS/MP18380/2026-2027/266112,BHADOHI(DISTRICT MAGISTRATE BHADOHI_IDA),VINOD KUMAR BIND,BHADOHI,08-Jul-26,G H ENTERPRISES,Payment In-Progress,103263
2034,Uttar Pradesh,Lighting of public spaces,WS/MP18380/2026-2027/266113,BHADOHI(DISTRICT MAGISTRATE BHADOHI_IDA),VINOD KUMAR BIND,BHADOHI,08-Jul-26,G H ENTERPRISES,Payment In-Progress,103263
2035,Uttar Pradesh,Lighting of public spaces,WS/MP18380/2026-2027/266114,BHADOHI(DISTRICT MAGISTRATE BHADOHI_IDA),VINOD KUMAR BIND,BHADOHI,08-Jul-26,G H ENTERPRISES,Payment In-Progress,103263
2036,Uttar Pradesh,Lighting of public spaces,WS/MP18380/2026-2027/266115,BHADOHI(DISTRICT MAGISTRATE BHADOHI_IDA),VINOD KUMAR BIND,BHADOHI,08-Jul-26,G H ENTERPRISES,Payment In-Progress,103263
2037,Uttar Pradesh,Lighting of public spaces,WS/MP18380/2026-2027/266116,BHADOHI(DISTRICT MAGISTRATE BHADOHI_IDA),VINOD KUMAR BIND,BHADOHI,08-Jul-26,G H ENTERPRISES,Payment In-Progress,103263
2038,Uttar Pradesh,Lighting of public spaces,WS/MP18380/2026-2027/266117,BHADOHI(DISTRICT MAGISTRATE BHADOHI_IDA),VINOD KUMAR BIND,BHADOHI,08-Jul-26,G H ENTERPRISES,Payment In-Progress,103263
2039,Uttar Pradesh,Lighting of public spaces,WS/MP18380/2026-2027/266118,BHADOHI(DISTRICT MAGISTRATE BHADOHI_IDA),VINOD KUMAR BIND,BHADOHI,08-Jul-26,G H ENTERPRISES,Payment In-Progress,103263
2040,Uttar Pradesh,Lighting of public spaces,WS/MP18380/2026-2027/266119,BHADOHI(DISTRICT MAGISTRATE BHADOHI_IDA),VINOD KUMAR BIND,BHADOHI,08-Jul-26,G H ENTERPRISES,Payment In-Progress,103263
2041,Uttar Pradesh,Lighting of public spaces,WS/MP18380/2026-2027/266120,BHADOHI(DISTRICT MAGISTRATE BHADOHI_IDA),VINOD KUMAR BIND,BHADOHI,08-Jul-26,G H ENTERPRISES,Payment In-Progress,103263
2042,Uttar Pradesh,Lighting of public spaces,WS/MP18380/2026-2027/266121,BHADOHI(DISTRICT MAGISTRATE BHADOHI_IDA),VINOD KUMAR BIND,BHADOHI,08-Jul-26,G H ENTERPRISES,Payment In-Progress,103263
2043,Uttar Pradesh,Lighting of public spaces,WS/MP18380/2026-2027/266122,BHADOHI(DISTRICT MAGISTRATE BHADOHI_IDA),VINOD KUMAR BIND,BHADOHI,08-Jul-26,G H ENTERPRISES,Payment In-Progress,103263
2044,Uttar Pradesh,Lighting of public spaces,WS/MP18380/2026-2027/266124,BHADOHI(DISTRICT MAGISTRATE BHADOHI_IDA),VINOD KUMAR BIND,BHADOHI,08-Jul-26,G H ENTERPRISES,Payment In-Progress,103263
2045,Uttar Pradesh,Lighting of public spaces,WS/MP18380/2026-2027/266125,BHADOHI(DISTRICT MAGISTRATE BHADOHI_IDA),VINOD KUMAR BIND,BHADOHI,08-Jul-26,G H ENTERPRISES,Payment In-Progress,103263
2046,Uttar Pradesh,Lighting of public spaces,WS/MP18380/2026-2027/266126,BHADOHI(DISTRICT MAGISTRATE BHADOHI_IDA),VINOD KUMAR BIND,BHADOHI,08-Jul-26,G H ENTERPRISES,Payment In-Progress,103263
2047,Uttar Pradesh,Lighting of public spaces,WS/MP18380/2026-2027/266127,BHADOHI(DISTRICT MAGISTRATE BHADOHI_IDA),VINOD KUMAR BIND,BHADOHI,08-Jul-26,G H ENTERPRISES,Payment In-Progress,103263
2048,Uttar Pradesh,Lighting of public spaces,WS/MP18380/2026-2027/266128,BHADOHI(DISTRICT MAGISTRATE BHADOHI_IDA),VINOD KUMAR BIND,BHADOHI,08-Jul-26,G H ENTERPRISES,Payment In-Progress,103263
2049,Uttar Pradesh,Lighting of public spaces,WS/MP18380/2026-2027/266129,BHADOHI(DISTRICT MAGISTRATE BHADOHI_IDA),VINOD KUMAR BIND,BHADOHI,08-Jul-26,G H ENTERPRISES,Payment In-Progress,103263
2050,Uttar Pradesh,Lighting of public spaces,WS/MP18380/2026-2027/266130,BHADOHI(DISTRICT MAGISTRATE BHADOHI_IDA),VINOD KUMAR BIND,BHADOHI,08-Jul-26,G H ENTERPRISES,Payment In-Progress,103263
2051,Uttar Pradesh,Lighting of public spaces,WS/MP18380/2026-2027/266131,BHADOHI(DISTRICT MAGISTRATE BHADOHI_IDA),VINOD KUMAR BIND,BHADOHI,08-Jul-26,G H ENTERPRISES,Payment In-Progress,103263
2052,Uttar Pradesh,Lighting of public spaces,WS/MP18380/2026-2027/266132,BHADOHI(DISTRICT MAGISTRATE BHADOHI_IDA),VINOD KUMAR BIND,BHADOHI,08-Jul-26,G H ENTERPRISES,Payment In-Progress,103263
2053,Uttar Pradesh,Lighting of public spaces,WS/MP18380/2026-2027/266133,BHADOHI(DISTRICT MAGISTRATE BHADOHI_IDA),VINOD KUMAR BIND,BHADOHI,08-Jul-26,G H ENTERPRISES,Payment In-Progress,103263
2054,Uttar Pradesh,Lighting of public spaces,WS/MP18380/2026-2027/266134,BHADOHI(DISTRICT MAGISTRATE BHADOHI_IDA),VINOD KUMAR BIND,BHADOHI,08-Jul-26,G H ENTERPRISES,Payment In-Progress,103263
2055,Uttar Pradesh,Lighting of public spaces,WS/MP18380/2026-2027/266135,BHADOHI(DISTRICT MAGISTRATE BHADOHI_IDA),VINOD KUMAR BIND,BHADOHI,08-Jul-26,G H ENTERPRISES,Payment In-Progress,103263
2056,Uttar Pradesh,Lighting of public spaces,WS/MP18380/2026-2027/266136,BHADOHI(DISTRICT MAGISTRATE BHADOHI_IDA),VINOD KUMAR BIND,BHADOHI,08-Jul-26,G H ENTERPRISES,Payment In-Progress,103263
2057,Uttar Pradesh,Lighting of public spaces,WS/MP18380/2026-2027/266137,BHADOHI(DISTRICT MAGISTRATE BHADOHI_IDA),VINOD KUMAR BIND,BHADOHI,08-Jul-26,G H ENTERPRISES,Payment In-Progress,103263
2058,Uttar Pradesh,Lighting of public spaces,WS/MP18380/2026-2027/266138,BHADOHI(DISTRICT MAGISTRATE BHADOHI_IDA),VINOD KUMAR BIND,BHADOHI,08-Jul-26,G H ENTERPRISES,Payment In-Progress,103263
2059,Uttar Pradesh,Lighting of public spaces,WS/MP18380/2026-2027/266139,BHADOHI(DISTRICT MAGISTRATE BHADOHI_IDA),VINOD KUMAR BIND,BHADOHI,08-Jul-26,G H ENTERPRISES,Payment In-Progress,103263
2060,Uttar Pradesh,Lighting of public spaces,WS/MP18380/2026-2027/266140,BHADOHI(DISTRICT MAGISTRATE BHADOHI_IDA),VINOD KUMAR BIND,BHADOHI,08-Jul-26,G H ENTERPRISES,Payment In-Progress,103263
2061,Uttar Pradesh,Lighting of public spaces,WS/MP18380/2026-2027/266141,BHADOHI(DISTRICT MAGISTRATE BHADOHI_IDA),VINOD KUMAR BIND,BHADOHI,08-Jul-26,G H ENTERPRISES,Payment In-Progress,103263
2062,Uttar Pradesh,Lighting of public spaces,WS/MP18380/2026-2027/266142,BHADOHI(DISTRICT MAGISTRATE BHADOHI_IDA),VINOD KUMAR BIND,BHADOHI,08-Jul-26,G H ENTERPRISES,Payment In-Progress,103263
2063,Uttar Pradesh,Lighting of public spaces,WS/MP18380/2026-2027/266143,BHADOHI(DISTRICT MAGISTRATE BHADOHI_IDA),VINOD KUMAR BIND,BHADOHI,08-Jul-26,G H ENTERPRISES,Payment In-Progress,103263
2064,Uttar Pradesh,Lighting of public spaces,WS/MP18380/2026-2027/266144,BHADOHI(DISTRICT MAGISTRATE BHADOHI_IDA),VINOD KUMAR BIND,BHADOHI,08-Jul-26,G H ENTERPRISES,Payment In-Progress,103263
2065,Uttar Pradesh,Lighting of public spaces,WS/MP18380/2026-2027/266145,BHADOHI(DISTRICT MAGISTRATE BHADOHI_IDA),VINOD KUMAR BIND,BHADOHI,08-Jul-26,G H ENTERPRISES,Payment In-Progress,103263
2066,Uttar Pradesh,Lighting of public spaces,WS/MP18380/2026-2027/266146,BHADOHI(DISTRICT MAGISTRATE BHADOHI_IDA),VINOD KUMAR BIND,BHADOHI,08-Jul-26,G H ENTERPRISES,Payment In-Progress,103263
2067,Uttar Pradesh,Lighting of public spaces,WS/MP18380/2026-2027/266147,BHADOHI(DISTRICT MAGISTRATE BHADOHI_IDA),VINOD KUMAR BIND,BHADOHI,08-Jul-26,G H ENTERPRISES,Payment In-Progress,103263
2068,Uttar Pradesh,Lighting of public spaces,WS/MP18380/2026-2027/266148,BHADOHI(DISTRICT MAGISTRATE BHADOHI_IDA),VINOD KUMAR BIND,BHADOHI,08-Jul-26,G H ENTERPRISES,Payment In-Progress,103263
2069,Uttar Pradesh,Lighting of public spaces,WS/MP18380/2026-2027/266149,BHADOHI(DISTRICT MAGISTRATE BHADOHI_IDA),VINOD KUMAR BIND,BHADOHI,08-Jul-26,G H ENTERPRISES,Payment In-Progress,103263
2070,Uttar Pradesh,Lighting of public spaces,WS/MP18380/2026-2027/266150,BHADOHI(DISTRICT MAGISTRATE BHADOHI_IDA),VINOD KUMAR BIND,BHADOHI,08-Jul-26,G H ENTERPRISES,Payment In-Progress,103263
2071,Uttar Pradesh,Lighting of public spaces,WS/MP18380/2026-2027/266151,BHADOHI(DISTRICT MAGISTRATE BHADOHI_IDA),VINOD KUMAR BIND,BHADOHI,08-Jul-26,G H ENTERPRISES,Payment In-Progress,103263
2072,Uttar Pradesh,Lighting of public spaces,WS/MP18380/2026-2027/266152,BHADOHI(DISTRICT MAGISTRATE BHADOHI_IDA),VINOD KUMAR BIND,BHADOHI,08-Jul-26,G H ENTERPRISES,Payment In-Progress,103263
2073,Uttar Pradesh,Lighting of public spaces,WS/MP18380/2026-2027/266153,BHADOHI(DISTRICT MAGISTRATE BHADOHI_IDA),VINOD KUMAR BIND,BHADOHI,08-Jul-26,G H ENTERPRISES,Payment In-Progress,103263
2074,Uttar Pradesh,Lighting of public spaces,WS/MP18380/2026-2027/266154,BHADOHI(DISTRICT MAGISTRATE BHADOHI_IDA),VINOD KUMAR BIND,BHADOHI,08-Jul-26,G H ENTERPRISES,Payment In-Progress,103263
2075,Uttar Pradesh,Lighting of public spaces,WS/MP18380/2026-2027/266155,BHADOHI(DISTRICT MAGISTRATE BHADOHI_IDA),VINOD KUMAR BIND,BHADOHI,08-Jul-26,G H ENTERPRISES,Payment In-Progress,103263
2076,Uttar Pradesh,Lighting of public spaces,WS/MP18380/2026-2027/266171,BHADOHI(DISTRICT MAGISTRATE BHADOHI_IDA),VINOD KUMAR BIND,BHADOHI,08-Jul-26,G H ENTERPRISES,Payment In-Progress,103263
2077,Uttar Pradesh,Lighting of public spaces,WS/MP18380/2026-2027/266172,BHADOHI(DISTRICT MAGISTRATE BHADOHI_IDA),VINOD KUMAR BIND,BHADOHI,08-Jul-26,G H ENTERPRISES,Payment In-Progress,103263
2078,Uttar Pradesh,Lighting of public spaces,WS/MP18380/2026-2027/266173,BHADOHI(DISTRICT MAGISTRATE BHADOHI_IDA),VINOD KUMAR BIND,BHADOHI,08-Jul-26,G H ENTERPRISES,Payment In-Progress,103263
2079,Uttar Pradesh,Lighting of public spaces,WS/MP18380/2026-2027/266174,BHADOHI(DISTRICT MAGISTRATE BHADOHI_IDA),VINOD KUMAR BIND,BHADOHI,08-Jul-26,G H ENTERPRISES,Payment In-Progress,103263
2080,Uttar Pradesh,Lighting of public spaces,WS/MP18380/2026-2027/266175,BHADOHI(DISTRICT MAGISTRATE BHADOHI_IDA),VINOD KUMAR BIND,BHADOHI,08-Jul-26,G H ENTERPRISES,Payment In-Progress,103263
2081,Uttar Pradesh,Lighting of public spaces,WS/MP18380/2026-2027/266176,BHADOHI(DISTRICT MAGISTRATE BHADOHI_IDA),VINOD KUMAR BIND,BHADOHI,08-Jul-26,G H ENTERPRISES,Payment In-Progress,103263
2082,Uttar Pradesh,Lighting of public spaces,WS/MP18380/2026-2027/266177,BHADOHI(DISTRICT MAGISTRATE BHADOHI_IDA),VINOD KUMAR BIND,BHADOHI,08-Jul-26,G H ENTERPRISES,Payment In-Progress,103263
2083,Uttar Pradesh,Lighting of public spaces,WS/MP18380/2026-2027/266178,BHADOHI(DISTRICT MAGISTRATE BHADOHI_IDA),VINOD KUMAR BIND,BHADOHI,08-Jul-26,G H ENTERPRISES,Payment In-Progress,103263
2084,Uttar Pradesh,Lighting of public spaces,WS/MP18380/2026-2027/266179,BHADOHI(DISTRICT MAGISTRATE BHADOHI_IDA),VINOD KUMAR BIND,BHADOHI,08-Jul-26,G H ENTERPRISES,Payment In-Progress,103263
2085,Uttar Pradesh,Lighting of public spaces,WS/MP18380/2026-2027/266180,BHADOHI(DISTRICT MAGISTRATE BHADOHI_IDA),VINOD KUMAR BIND,BHADOHI,08-Jul-26,G H ENTERPRISES,Payment In-Progress,103263
2086,Uttar Pradesh,Lighting of public spaces,WS/MP18380/2026-2027/266181,BHADOHI(DISTRICT MAGISTRATE BHADOHI_IDA),VINOD KUMAR BIND,BHADOHI,08-Jul-26,G H ENTERPRISES,Payment In-Progress,103263
2087,Uttar Pradesh,Lighting of public spaces,WS/MP18380/2026-2027/266182,BHADOHI(DISTRICT MAGISTRATE BHADOHI_IDA),VINOD KUMAR BIND,BHADOHI,09-Jul-26,G H ENTERPRISES,Payment In-Progress,103263
2088,Uttar Pradesh,Lighting of public spaces,WS/MP18380/2026-2027/266183,BHADOHI(DISTRICT MAGISTRATE BHADOHI_IDA),VINOD KUMAR BIND,BHADOHI,09-Jul-26,G H ENTERPRISES,Payment In-Progress,103263
2089,Uttar Pradesh,Lighting of public spaces,WS/MP18380/2026-2027/266184,BHADOHI(DISTRICT MAGISTRATE BHADOHI_IDA),VINOD KUMAR BIND,BHADOHI,09-Jul-26,G H ENTERPRISES,Payment In-Progress,103263
2090,Uttar Pradesh,Lighting of public spaces,WS/MP18380/2026-2027/266185,BHADOHI(DISTRICT MAGISTRATE BHADOHI_IDA),VINOD KUMAR BIND,BHADOHI,09-Jul-26,G H ENTERPRISES,Payment In-Progress,103263
2091,Uttar Pradesh,Lighting of public spaces,WS/MP18380/2026-2027/266186,BHADOHI(DISTRICT MAGISTRATE BHADOHI_IDA),VINOD KUMAR BIND,BHADOHI,09-Jul-26,G H ENTERPRISES,Payment In-Progress,103263
2092,Uttar Pradesh,Lighting of public spaces,WS/MP18380/2026-2027/266187,BHADOHI(DISTRICT MAGISTRATE BHADOHI_IDA),VINOD KUMAR BIND,BHADOHI,09-Jul-26,G H ENTERPRISES,Payment In-Progress,103263
2093,Uttar Pradesh,Lighting of public spaces,WS/MP18380/2026-2027/266188,BHADOHI(DISTRICT MAGISTRATE BHADOHI_IDA),VINOD KUMAR BIND,BHADOHI,09-Jul-26,G H ENTERPRISES,Payment In-Progress,103263
2094,Uttar Pradesh,Lighting of public spaces,WS/MP18380/2026-2027/266189,BHADOHI(DISTRICT MAGISTRATE BHADOHI_IDA),VINOD KUMAR BIND,BHADOHI,09-Jul-26,G H ENTERPRISES,Payment In-Progress,103263
2095,Uttar Pradesh,Lighting of public spaces,WS/MP18380/2026-2027/266190,BHADOHI(DISTRICT MAGISTRATE BHADOHI_IDA),VINOD KUMAR BIND,BHADOHI,09-Jul-26,G H ENTERPRISES,Payment In-Progress,103263
2096,Karnataka,"Construction of roads, link roads, pathways or any other road with or without drainage system",WS/MP18093/2025-2026/197285,TUMAKURU(DEPUTY COMMISSIONER TUMKUR_IDA),V. SOMANNA,TUMKUR,17-Jul-26,RAJESH M R,Payment In-Progress,490958
2097,Karnataka,"Construction of roads, link roads, pathways or any other road with or without drainage system",WS/MP18093/2025-2026/197286,TUMAKURU(DEPUTY COMMISSIONER TUMKUR_IDA),V. SOMANNA,TUMKUR,18-Jul-26,Deepak M B,Payment In-Progress,490803
2098,Rajasthan,"Construction of roads, link roads, pathways or any other road with or without drainage system",WS/MP18161/2025-2026/262249,BHARATPUR(DISTRICT COLLECTOR BHARATPUR_IDA),SANJNA JATAV,BHARATPUR(SC),25-Aug-26,guddi devi,Payment In-Progress,351104
2099,Rajasthan,"Construction of roads, link roads, pathways or any other road with or without drainage system",WS/MP18161/2025-2026/262250,BHARATPUR(DISTRICT COLLECTOR BHARATPUR_IDA),SANJNA JATAV,BHARATPUR(SC),25-Aug-26,guddi devi,Payment In-Progress,499397
2100,Gujarat,"Construction of roads, link roads, pathways or any other road with or without drainage system",WS/MP18321/2025-2026/269807,SABAR KANTHA(DISTRICT COLLECTOR SABARKANTHA_IDA),SHOBHANABEN MAHENDRASINH BARAIYA,SABARKANTHA,25-Aug-26,MUDETI GRAM PANCHAYAT,Payment In-Progress,500000
2101,Maharashtra,"Construction of roads, link roads, pathways or any other road with or without drainage system",WS/MP18127/2026-2027/274228,NASHIK(DISTRICT COLLECTOR NASHIK_IDA),RAJABHAU,NASHIK,27-Aug-26,ROSHAN PANDURANG BODKE,Payment In-Progress,999000
2102,Maharashtra,"Construction of roads, link roads, pathways or any other road with or without drainage system",WS/MP18127/2026-2027/274229,NASHIK(DISTRICT COLLECTOR NASHIK_IDA),RAJABHAU,NASHIK,27-Aug-26,ROSHAN PANDURANG BODKE,Payment In-Progress,699852
2103,Karnataka,Construction of additional rooms and halls in the existing public and community building,WS/MP18082/2025-2026/211814,CHITRADURGA(DEPUTY COMMISSIONER CHITRADURGA_IDA),GOVIND MAKTHAPPA KARJOL,CHITRADURGA(SC),27-Jul-26,LAKSHMANA,Payment In-Progress,571836
2104,Rajasthan,Construction of common work sheds/ common covered sitting area,WS/MP18172/2025-2026/156311,PRATAPGARH(DISTRICT COLLECTOR PRATAPGARH_IDA),MANNA LAL RAWAT,UDAIPUR(ST),27-Aug-26,HAKRU MEENA,Payment In-Progress,19890
2105,Rajasthan,Construction of common work sheds/ common covered sitting area,WS/MP18172/2025-2026/156311,PRATAPGARH(DISTRICT COLLECTOR PRATAPGARH_IDA),MANNA LAL RAWAT,UDAIPUR(ST),27-Aug-26,SHIV LAL MEENA,Payment In-Progress,19890
2106,Rajasthan,Construction of common work sheds/ common covered sitting area,WS/MP18172/2025-2026/156311,PRATAPGARH(DISTRICT COLLECTOR PRATAPGARH_IDA),MANNA LAL RAWAT,UDAIPUR(ST),27-Aug-26,SHYAMA BAI,Payment In-Progress,14820
2107,Rajasthan,Construction of common work sheds/ common covered sitting area,WS/MP18172/2025-2026/156311,PRATAPGARH(DISTRICT COLLECTOR PRATAPGARH_IDA),MANNA LAL RAWAT,UDAIPUR(ST),27-Aug-26,RAMKANYA BAI,Payment In-Progress,14820
2108,Rajasthan,Construction of common work sheds/ common covered sitting area,WS/MP18172/2025-2026/156311,PRATAPGARH(DISTRICT COLLECTOR PRATAPGARH_IDA),MANNA LAL RAWAT,UDAIPUR(ST),27-Aug-26,DEVLI,Payment In-Progress,14820
2109,Rajasthan,Construction of common work sheds/ common covered sitting area,WS/MP18172/2025-2026/156311,PRATAPGARH(DISTRICT COLLECTOR PRATAPGARH_IDA),MANNA LAL RAWAT,UDAIPUR(ST),27-Aug-26,GOPAL LAL MEENA,Payment In-Progress,19890
2110,Rajasthan,Construction of common work sheds/ common covered sitting area,WS/MP18172/2025-2026/156311,PRATAPGARH(DISTRICT COLLECTOR PRATAPGARH_IDA),MANNA LAL RAWAT,UDAIPUR(ST),27-Aug-26,SIMA BAI,Payment In-Progress,14820
2111,Uttar Pradesh,"Construction of roads, link roads, pathways or any other road with or without drainage system",WS/MP490/2025-2026/241241,VARANASI(DISTRICT MAGISTRAE VARANASI_IDA),Shri Narendra Modi,VARANASI,25-Jul-26,MAHADEV ENTERPRISES,Payment In-Progress,857034
2112,Rajasthan,Construction of rooms and halls in school and colleges,WS/MP18172/2026-2027/267501,UDAIPUR(DISTRICT COLLECTOR UDAIPUR_IDA),MANNA LAL RAWAT,UDAIPUR(ST),21-Jul-26,Mahila Mandal,Payment In-Progress,510
2113,Rajasthan,Construction of rooms and halls in school and colleges,WS/MP18172/2026-2027/267501,UDAIPUR(DISTRICT COLLECTOR UDAIPUR_IDA),MANNA LAL RAWAT,UDAIPUR(ST),21-Jul-26,Mahila Mandal,Payment In-Progress,15041
2114,Rajasthan,Construction of rooms and halls in school and colleges,WS/MP18172/2026-2027/267501,UDAIPUR(DISTRICT COLLECTOR UDAIPUR_IDA),MANNA LAL RAWAT,UDAIPUR(ST),21-Jul-26,Mahila Mandal,Payment In-Progress,26800
2115,Rajasthan,Construction of rooms and halls in school and colleges,WS/MP18172/2026-2027/267501,UDAIPUR(DISTRICT COLLECTOR UDAIPUR_IDA),MANNA LAL RAWAT,UDAIPUR(ST),21-Jul-26,Mahila Mandal,Payment In-Progress,4750
2116,Tamil Nadu,Construction of buildings for community cultural activities,WS/MP18184/2026-2027/286244,THENI(District Collector Theni_5),THANGA TAMILSELVAN,THENI,13-Jul-26,PANDIAN V  Contractor,Payment In-Progress,1482499
2117,Haryana,"Construction of roads, link roads, pathways or any other road with or without drainage system",WS/MP18060/2025-2026/213491,YAMUNANAGAR(Deputy Commissioner YamunaNagar_IDA),VARUN CHAUDHRY,AMBALA (SC),27-Aug-26,The shri Coop l and c society ltd,Payment In-Progress,486703
2118,Punjab,"Construction of roads, link roads, pathways or any other road with or without drainage system",WS/MP716/2025-2026/203945,BATHINDA(DEPUTY COMMISSIONER BHATINDA_IDA),Smt Harsimrat Kaur Badal,BHATINDA,21-Aug-26,Ms Sikander Industries,Payment In-Progress,48705
2119,Punjab,"Construction of roads, link roads, pathways or any other road with or without drainage system",WS/MP716/2025-2026/203945,BATHINDA(DEPUTY COMMISSIONER BHATINDA_IDA),Smt Harsimrat Kaur Badal,BHATINDA,21-Aug-26,Ms Sikander Industries,Payment In-Progress,46986
2120,Punjab,"Construction of roads, link roads, pathways or any other road with or without drainage system",WS/MP716/2025-2026/203945,BATHINDA(DEPUTY COMMISSIONER BHATINDA_IDA),Smt Harsimrat Kaur Badal,BHATINDA,21-Aug-26,Ms Sikander Industries,Payment In-Progress,45840
2121,Punjab,"Construction of roads, link roads, pathways or any other road with or without drainage system",WS/MP716/2025-2026/203945,BATHINDA(DEPUTY COMMISSIONER BHATINDA_IDA),Smt Harsimrat Kaur Badal,BHATINDA,21-Aug-26,Ms Sikander Industries,Payment In-Progress,48705
2122,Punjab,"Construction of roads, link roads, pathways or any other road with or without drainage system",WS/MP716/2025-2026/203945,BATHINDA(DEPUTY COMMISSIONER BHATINDA_IDA),Smt Harsimrat Kaur Badal,BHATINDA,21-Aug-26,Ms Sikander Industries,Payment In-Progress,40110
2123,Punjab,"Construction of roads, link roads, pathways or any other road with or without drainage system",WS/MP716/2025-2026/203945,BATHINDA(DEPUTY COMMISSIONER BHATINDA_IDA),Smt Harsimrat Kaur Badal,BHATINDA,21-Aug-26,Parkash Chand Pawan Kumar,Payment In-Progress,29110
2124,Punjab,"Construction of roads, link roads, pathways or any other road with or without drainage system",WS/MP716/2025-2026/203945,BATHINDA(DEPUTY COMMISSIONER BHATINDA_IDA),Smt Harsimrat Kaur Badal,BHATINDA,21-Aug-26,Parkash Chand Pawan Kumar,Payment In-Progress,22481
2125,Punjab,"Construction of roads, link roads, pathways or any other road with or without drainage system",WS/MP716/2025-2026/203945,BATHINDA(DEPUTY COMMISSIONER BHATINDA_IDA),Smt Harsimrat Kaur Badal,BHATINDA,21-Aug-26,Parkash Chand Pawan Kumar,Payment In-Progress,30124
2126,Punjab,"Construction of roads, link roads, pathways or any other road with or without drainage system",WS/MP716/2025-2026/203945,BATHINDA(DEPUTY COMMISSIONER BHATINDA_IDA),Smt Harsimrat Kaur Badal,BHATINDA,21-Aug-26,Parkash Chand Pawan Kumar,Payment In-Progress,31143
2127,Rajasthan,"Construction of roads, link roads, pathways or any other road with or without drainage system",WS/MP18172/2025-2026/241314,UDAIPUR(DISTRICT COLLECTOR UDAIPUR_IDA),MANNA LAL RAWAT,UDAIPUR(ST),09-Jul-26,MEWAR CONSTRUCTION AND BUILDERS,Payment In-Progress,299800
2128,Maharashtra,Construction of community centers and community halls,WS/MP18124/2025-2026/225837,MUMBAI SUBURBAN(DISTRICT COLLECTOR MUMBAI SUBURBAN_IDA),GAIKWAD VARSHA EKNATH,MUMBAI NORTH-CENTRAL,03-Aug-26,kalpesh vasant vichare,Payment In-Progress,1498862
2129,Madhya Pradesh,Improvement of electricity distribution infrastructure,WS/MP642/2026-2027/199820,SATNA(DISTRICT COLLECTOR SATNA_IDA),Ganesh Singh,SATNA,27-Aug-26,SHREE KRIPA ENTERPRISES SATNA,Payment In-Progress,245954
2130,Madhya Pradesh,Improvement of electricity distribution infrastructure,WS/MP642/2026-2027/199817,SATNA(DISTRICT COLLECTOR SATNA_IDA),Ganesh Singh,SATNA,27-Aug-26,SHREE KRIPA ENTERPRISES SATNA,Payment In-Progress,291965
2131,Madhya Pradesh,Improvement of electricity distribution infrastructure,WS/MP642/2026-2027/198553,SATNA(DISTRICT COLLECTOR SATNA_IDA),Ganesh Singh,SATNA,27-Aug-26,SHREE KRIPA ENTERPRISES SATNA,Payment In-Progress,256842
2132,Madhya Pradesh,Improvement of electricity distribution infrastructure,WS/MP642/2026-2027/198554,SATNA(DISTRICT COLLECTOR SATNA_IDA),Ganesh Singh,SATNA,27-Aug-26,SHREE KRIPA ENTERPRISES SATNA,Payment In-Progress,161042
2133,Madhya Pradesh,Improvement of electricity distribution infrastructure,WS/MP642/2026-2027/198561,SATNA(DISTRICT COLLECTOR SATNA_IDA),Ganesh Singh,SATNA,27-Aug-26,SHREE KRIPA ENTERPRISES SATNA,Payment In-Progress,159462
2134,Madhya Pradesh,Improvement of electricity distribution infrastructure,WS/MP642/2026-2027/198568,SATNA(DISTRICT COLLECTOR SATNA_IDA),Ganesh Singh,SATNA,27-Aug-26,SHREE KRIPA ENTERPRISES SATNA,Payment In-Progress,211794
2135,Rajasthan,Construction of common work sheds/ common covered sitting area,WS/MP18172/2025-2026/156311,PRATAPGARH(DISTRICT COLLECTOR PRATAPGARH_IDA),MANNA LAL RAWAT,UDAIPUR(ST),27-Aug-26,CHETAN PRAKASH MEENA,Payment In-Progress,19890
2136,Madhya Pradesh,Improvement of electricity distribution infrastructure,WS/MP642/2026-2027/197131,SATNA(DISTRICT COLLECTOR SATNA_IDA),Ganesh Singh,SATNA,27-Aug-26,SHREE KRIPA ENTERPRISES SATNA,Payment In-Progress,211478
2137,Madhya Pradesh,Improvement of electricity distribution infrastructure,WS/MP642/2026-2027/197134,SATNA(DISTRICT COLLECTOR SATNA_IDA),Ganesh Singh,SATNA,27-Aug-26,SHREE KRIPA ENTERPRISES SATNA,Payment In-Progress,161042
2138,Madhya Pradesh,Improvement of electricity distribution infrastructure,WS/MP642/2026-2027/199824,SATNA(DISTRICT COLLECTOR SATNA_IDA),Ganesh Singh,SATNA,27-Aug-26,SHREE KRIPA ENTERPRISES SATNA,Payment In-Progress,217389
2139,Madhya Pradesh,Improvement of electricity distribution infrastructure,WS/MP642/2026-2027/199835,SATNA(DISTRICT COLLECTOR SATNA_IDA),Ganesh Singh,SATNA,27-Aug-26,SHREE KRIPA ENTERPRISES SATNA,Payment In-Progress,209674
2140,Madhya Pradesh,Improvement of electricity distribution infrastructure,WS/MP642/2026-2027/199837,SATNA(DISTRICT COLLECTOR SATNA_IDA),Ganesh Singh,SATNA,27-Aug-26,SHREE KRIPA ENTERPRISES SATNA,Payment In-Progress,49611
2141,Madhya Pradesh,Improvement of electricity distribution infrastructure,WS/MP642/2026-2027/199838,SATNA(DISTRICT COLLECTOR SATNA_IDA),Ganesh Singh,SATNA,27-Aug-26,SHREE KRIPA ENTERPRISES SATNA,Payment In-Progress,221633
2142,Madhya Pradesh,Improvement of electricity distribution infrastructure,WS/MP642/2026-2027/199839,SATNA(DISTRICT COLLECTOR SATNA_IDA),Ganesh Singh,SATNA,27-Aug-26,SHREE KRIPA ENTERPRISES SATNA,Payment In-Progress,203207
2143,Madhya Pradesh,Improvement of electricity distribution infrastructure,WS/MP642/2026-2027/199840,SATNA(DISTRICT COLLECTOR SATNA_IDA),Ganesh Singh,SATNA,27-Aug-26,SHREE KRIPA ENTERPRISES SATNA,Payment In-Progress,220725
2144,Madhya Pradesh,Improvement of electricity distribution infrastructure,WS/MP642/2026-2027/199841,SATNA(DISTRICT COLLECTOR SATNA_IDA),Ganesh Singh,SATNA,27-Aug-26,SHREE KRIPA ENTERPRISES SATNA,Payment In-Progress,213779
2145,Madhya Pradesh,Improvement of electricity distribution infrastructure,WS/MP642/2026-2027/199842,SATNA(DISTRICT COLLECTOR SATNA_IDA),Ganesh Singh,SATNA,27-Aug-26,SHREE KRIPA ENTERPRISES SATNA,Payment In-Progress,233565
2146,Gujarat,Construction of culverts and bridges,WS/MP18276/2025-2026/184967,CHHOTAUDEPUR(DISTRICT COLLECTOR CHHOTA UDEPUR_IDA),JASHUBHAI BHILUBHAI RATHVA,CHHOTA UDAIPUR(ST),05-Aug-26,PALASNI JUTH GRAM PANCHAYAT,Payment In-Progress,200000
2147,Chhattisgarh,Construction of additional rooms and halls in the existing public and community building,WS/MP18335/2025-2026/150744,RAIGARH(DISTRICT COLLECTOR RAIGARH_IDA),RADHE SHYAM RATHIYA,RAIGARH(ST),30-Jul-26,SARPANCH SACHIV DP DHAURABHANTA,Payment In-Progress,400000
2148,Maharashtra,Installation of fixed garden gym equipment,WS/MP18117/2026-2027/164338,NASHIK(DISTRICT COLLECTOR NASHIK_IDA),BACHHAV SHOBHA DINESH,DHULE,07-Aug-26,PUTALAI MAJOR SAHAKARI SANSTHA MARYAD NAVISHEMALI,Payment In-Progress,989456
2149,Maharashtra,Installation of fixed garden gym equipment,WS/MP18117/2026-2027/164340,NASHIK(DISTRICT COLLECTOR NASHIK_IDA),BACHHAV SHOBHA DINESH,DHULE,07-Aug-26,PUTALAI MAJOR SAHAKARI SANSTHA MARYAD NAVISHEMALI,Payment In-Progress,989456
2150,Punjab,"Construction of roads, link roads, pathways or any other road with or without drainage system",WS/MP716/2025-2026/203945,BATHINDA(DEPUTY COMMISSIONER BHATINDA_IDA),Smt Harsimrat Kaur Badal,BHATINDA,21-Aug-26,bhana ram,Payment In-Progress,10056
2151,Punjab,"Construction of roads, link roads, pathways or any other road with or without drainage system",WS/MP716/2025-2026/203945,BATHINDA(DEPUTY COMMISSIONER BHATINDA_IDA),Smt Harsimrat Kaur Badal,BHATINDA,21-Aug-26,Gulab singh,Payment In-Progress,11592
2152,Punjab,Purchase of mobile water tankers,WS/MP18311/2026-2027/279845,RUPNAGAR(DEPUTY COMMISSIONER ROOPNAGAR_IDA),MALVINDER SINGH KANG,ANANDPUR SAHIB,26-Aug-26,MODERN METAL CRAFTS,Payment In-Progress,350000
2153,Punjab,Installation of fixed garden gym equipment,WS/MP18311/2026-2027/278977,S.A.S Nagar(DEPUTY COMMISSIONER SAHIBZADA AJIT SINGH NAGAR MOHALI_IDA),MALVINDER SINGH KANG,ANANDPUR SAHIB,21-Aug-26,MODERN METAL CRAFTS,Payment In-Progress,325000
2154,Bihar,Purchase of furniture and fixtures for educational purposes,WS/MP418/2026-2027/291713,ARARIA(DISTRICT PLANNING OFFICER ARARIA_IDA),Pradeep Kumar Singh,ARARIA,29-Aug-26,BSDEV INFRATECH INIDA PRIVATE LIMITED,Payment In-Progress,796000
2155,Bihar,Purchase of furniture and fixtures for educational purposes,WS/MP418/2026-2027/291714,ARARIA(DISTRICT PLANNING OFFICER ARARIA_IDA),Pradeep Kumar Singh,ARARIA,29-Aug-26,BSDEV INFRATECH INIDA PRIVATE LIMITED,Payment In-Progress,796000
2156,Bihar,Purchase of furniture and fixtures for educational purposes,WS/MP418/2026-2027/291715,ARARIA(DISTRICT PLANNING OFFICER ARARIA_IDA),Pradeep Kumar Singh,ARARIA,29-Aug-26,BSDEV INFRATECH INIDA PRIVATE LIMITED,Payment In-Progress,796000
2157,Bihar,Purchase of furniture and fixtures for educational purposes,WS/MP418/2026-2027/291716,ARARIA(DISTRICT PLANNING OFFICER ARARIA_IDA),Pradeep Kumar Singh,ARARIA,29-Aug-26,BSDEV INFRATECH INIDA PRIVATE LIMITED,Payment In-Progress,796000
2158,Bihar,Purchase of furniture and fixtures for educational purposes,WS/MP418/2026-2027/291717,ARARIA(DISTRICT PLANNING OFFICER ARARIA_IDA),Pradeep Kumar Singh,ARARIA,29-Aug-26,BSDEV INFRATECH INIDA PRIVATE LIMITED,Payment In-Progress,796000
2159,Bihar,Purchase of furniture and fixtures for educational purposes,WS/MP418/2026-2027/291718,ARARIA(DISTRICT PLANNING OFFICER ARARIA_IDA),Pradeep Kumar Singh,ARARIA,29-Aug-26,BSDEV INFRATECH INIDA PRIVATE LIMITED,Payment In-Progress,796000
2160,Bihar,Purchase of furniture and fixtures for educational purposes,WS/MP418/2026-2027/291727,ARARIA(DISTRICT PLANNING OFFICER ARARIA_IDA),Pradeep Kumar Singh,ARARIA,29-Aug-26,BSDEV INFRATECH INIDA PRIVATE LIMITED,Payment In-Progress,796000
2161,Bihar,Purchase of furniture and fixtures for educational purposes,WS/MP418/2026-2027/291728,ARARIA(DISTRICT PLANNING OFFICER ARARIA_IDA),Pradeep Kumar Singh,ARARIA,29-Aug-26,BSDEV INFRATECH INIDA PRIVATE LIMITED,Payment In-Progress,796000
2162,Bihar,Purchase of furniture and fixtures for educational purposes,WS/MP418/2026-2027/291729,ARARIA(DISTRICT PLANNING OFFICER ARARIA_IDA),Pradeep Kumar Singh,ARARIA,29-Aug-26,BSDEV INFRATECH INIDA PRIVATE LIMITED,Payment In-Progress,796000
2163,Bihar,Purchase of furniture and fixtures for educational purposes,WS/MP418/2026-2027/291730,ARARIA(DISTRICT PLANNING OFFICER ARARIA_IDA),Pradeep Kumar Singh,ARARIA,29-Aug-26,BSDEV INFRATECH INIDA PRIVATE LIMITED,Payment In-Progress,796000
2164,Bihar,Purchase of furniture and fixtures for educational purposes,WS/MP418/2026-2027/291731,ARARIA(DISTRICT PLANNING OFFICER ARARIA_IDA),Pradeep Kumar Singh,ARARIA,29-Aug-26,BSDEV INFRATECH INIDA PRIVATE LIMITED,Payment In-Progress,796000
2165,Bihar,Purchase of furniture and fixtures for educational purposes,WS/MP418/2026-2027/291732,ARARIA(DISTRICT PLANNING OFFICER ARARIA_IDA),Pradeep Kumar Singh,ARARIA,29-Aug-26,BSDEV INFRATECH INIDA PRIVATE LIMITED,Payment In-Progress,796000
2166,Bihar,Purchase of furniture and fixtures for educational purposes,WS/MP418/2026-2027/291750,ARARIA(DISTRICT PLANNING OFFICER ARARIA_IDA),Pradeep Kumar Singh,ARARIA,29-Aug-26,BSDEV INFRATECH INIDA PRIVATE LIMITED,Payment In-Progress,796000
2167,Bihar,Purchase of furniture and fixtures for educational purposes,WS/MP418/2026-2027/291751,ARARIA(DISTRICT PLANNING OFFICER ARARIA_IDA),Pradeep Kumar Singh,ARARIA,29-Aug-26,BSDEV INFRATECH INIDA PRIVATE LIMITED,Payment In-Progress,796000
2168,Bihar,Purchase of furniture and fixtures for educational purposes,WS/MP418/2026-2027/291752,ARARIA(DISTRICT PLANNING OFFICER ARARIA_IDA),Pradeep Kumar Singh,ARARIA,29-Aug-26,BSDEV INFRATECH INIDA PRIVATE LIMITED,Payment In-Progress,796000
2169,Bihar,Purchase of furniture and fixtures for educational purposes,WS/MP418/2026-2027/291753,ARARIA(DISTRICT PLANNING OFFICER ARARIA_IDA),Pradeep Kumar Singh,ARARIA,29-Aug-26,BSDEV INFRATECH INIDA PRIVATE LIMITED,Payment In-Progress,796000
2170,Bihar,Purchase of furniture and fixtures for educational purposes,WS/MP418/2026-2027/291754,ARARIA(DISTRICT PLANNING OFFICER ARARIA_IDA),Pradeep Kumar Singh,ARARIA,29-Aug-26,BSDEV INFRATECH INIDA PRIVATE LIMITED,Payment In-Progress,796000
2171,Bihar,Purchase of furniture and fixtures for educational purposes,WS/MP418/2026-2027/291755,ARARIA(DISTRICT PLANNING OFFICER ARARIA_IDA),Pradeep Kumar Singh,ARARIA,29-Aug-26,BSDEV INFRATECH INIDA PRIVATE LIMITED,Payment In-Progress,796000
2172,Uttar Pradesh,Improvement of electricity distribution infrastructure,WS/MP18232/2026-2027/239371,MEERUT(DISTRICT MAGISTRATE MEERUT_IDA),HARENDRA SINGH MALIK,MUZAFFARNAGAR,21-Jul-26,EDD SARDHANA MEERUT,Payment In-Progress,144290
2173,Uttar Pradesh,Improvement of electricity distribution infrastructure,WS/MP18232/2026-2027/239204,MEERUT(DISTRICT MAGISTRATE MEERUT_IDA),HARENDRA SINGH MALIK,MUZAFFARNAGAR,15-Jul-26,EDD SARDHANA MEERUT,Payment In-Progress,67055
2174,Meghalaya,Construction of footpaths and pedestrian ways,WS/MP18309/2026-2027/288127,WEST GARO HILLS(DEPUTY COMMISSIONER WEST GARO HILLS_IDA),SALENG A SANGMA,TURA,22-Jul-26,Jamindro R Marak,Payment In-Progress,100000
2175,Karnataka,"Construction of roads, link roads, pathways or any other road with or without drainage system",WS/MP18083/2025-2026/165570,DAKSHINA KANNADA(DEPUTY COMMISSIONER DAKSHIN KANNAD MANGALORE_IDA),CAPTAIN BRIJESH CHOWTA,DAKSHINA KANNADA,04-Aug-26,PRAKHYATH RAJ SHETTY,Payment In-Progress,199857
2176,Uttar Pradesh,Improvement of electricity distribution infrastructure,WS/MP18202/2025-2026/234834,AZAMGARH(DISTRICT MAGISTRATE AZAMGARH_IDA),DHARMENDRA YADAV,AZAMGARH,07-Aug-26,EX ENGINEER EDD II,Payment In-Progress,151313
2177,Gujarat,Construction of common work sheds/ common covered sitting area,WS/MP18320/2025-2026/231507,BANAS KANTHA(DISTRICT COLLECTOR BANAS KANTHA_IDA),GENIBEN NAGAJI THAKOR,BANASKANTHA,14-Jul-26,BHACHALVA GRAM PANCHAYAT,Payment In-Progress,300000
2178,Gujarat,Construction of common work sheds/ common covered sitting area,WS/MP584/2025-2026/216834,KACHCHH(DISTRICT COLLECTOR KUTCH_IDA),Vinod Chavda,KACHCHH(SC),04-Aug-26,RAJESHBHAI R  PRAJAPATI,Payment In-Progress,378983
2179,Gujarat,Crematoriums/energy efficient crematoriums or structures on burial/cremation ground,WS/MP584/2025-2026/193700,KACHCHH(DISTRICT COLLECTOR KUTCH_IDA),Vinod Chavda,KACHCHH(SC),04-Aug-26,RAJESHBHAI R  PRAJAPATI,Payment In-Progress,356077
2180,Uttar Pradesh,Street lights,WS/MP18242/2025-2026/216762,SULTANPUR(DISTRICT MAGISTRATE SULTANPUR_IDA),RAMBHUAL NISHAD,SULTANPUR,07-Aug-26,Gaur Construction,Payment In-Progress,9707139
2181,Assam,"Construction of roads, link roads, pathways or any other road with or without drainage system",WS/MP18028/2025-2026/207913,CACHAR(DEPUTY COMMISSIONER CACHAR_IDA),PARIMAL SUKLABAIDYA,SILCHAR,27-Aug-26,BISWAJIT DEB,Payment In-Progress,57345
2182,Assam,"Construction of roads, link roads, pathways or any other road with or without drainage system",WS/MP18028/2025-2026/207913,CACHAR(DEPUTY COMMISSIONER CACHAR_IDA),PARIMAL SUKLABAIDYA,SILCHAR,27-Aug-26,BISWAJIT DEB,Payment In-Progress,54975
2183,Haryana,Construction of community centers and community halls,WS/MP431/2025-2026/168778,GURUGRAM(DC CUM NODAL OFFICER MPLADS_5),Rao Inderjit Singh,GURGAON,22-Jul-26,WIN POWER CONSTRUCTION CO,Payment In-Progress,438500
2184,Uttar Pradesh,"Construction of roads, link roads, pathways or any other road with or without drainage system",WS/MP18346/2025-2026/219222,RAE BARELI(DISTRICT MAGISTRATE RAE BARELI_IDA),RAHUL GANDHI,RAE BARELI,23-Jul-26,Savita,Payment In-Progress,209872
2185,Uttar Pradesh,"Construction of roads, link roads, pathways or any other road with or without drainage system",WS/MP18346/2025-2026/207975,RAE BARELI(DISTRICT MAGISTRATE RAE BARELI_IDA),RAHUL GANDHI,RAE BARELI,23-Jul-26,Savita,Payment In-Progress,284716
2186,Uttar Pradesh,"Construction of roads, link roads, pathways or any other road with or without drainage system",WS/MP18209/2025-2026/231538,MUZAFFARNAGAR(DISTRICT MAGISTRATE MUZAFFARNAGAR_IDA),CHANDAN CHAUHAN,BIJNOR,20-Aug-26,GAURAV BALIYAN CONTRACTOR,Payment In-Progress,605340
2187,Karnataka,Construction of buildings for community cultural activities,"WS/	 MP620/2025-2026/186188",DHARWAD(DEPUTY COMMISSIONER DHARWAR_IDA),Pralhad Venkatesh Joshi,DHARWAD,30-Jul-26,Nagaraj Gosal,Payment In-Progress,495513
2188,Karnataka,Construction of buildings for community cultural activities,"WS/	 MP620/2025-2026/186191",DHARWAD(DEPUTY COMMISSIONER DHARWAR_IDA),Pralhad Venkatesh Joshi,DHARWAD,30-Jul-26,Nagaraj Gosal,Payment In-Progress,495160
2189,Uttar Pradesh,"Construction of roads, link roads, pathways or any other road with or without drainage system",WS/MP18232/2026-2027/235456,MUZAFFARNAGAR(DISTRICT MAGISTRATE MUZAFFARNAGAR_IDA),HARENDRA SINGH MALIK,MUZAFFARNAGAR,20-Aug-26,RAJHANS,Payment In-Progress,239953
2190,Maharashtra,"Construction of roads, link roads, pathways or any other road with or without drainage system",WS/MP18112/2025-2026/188617,AMRAVATI(DISTRICT COLLECTOR AMRAVATI_IDA),BALWANT BASWANT WANKHADE,AMRAVATI(SC),20-Jul-26,BHOJRAJ MAJOOR SAH SANTHA SAWNER,Payment In-Progress,397004
2191,Maharashtra,Construction of community centers and community halls,WS/MP18112/2025-2026/177511,AMRAVATI(DISTRICT COLLECTOR AMRAVATI_IDA),BALWANT BASWANT WANKHADE,AMRAVATI(SC),05-Aug-26,VIKRANT RAJENDRA INGOLE,Payment In-Progress,894209
2192,Gujarat,Construction of common work sheds/ common covered sitting area,WS/MP584/2025-2026/216838,KACHCHH(DISTRICT COLLECTOR KUTCH_IDA),Vinod Chavda,KACHCHH(SC),04-Aug-26,Vishri Construction And Paver Block,Payment In-Progress,424168
2193,Gujarat,"Construction of roads, link roads, pathways or any other road with or without drainage system",WS/MP584/2026-2027/158940,KACHCHH(DISTRICT COLLECTOR KUTCH_IDA),Vinod Chavda,KACHCHH(SC),04-Aug-26,JAY SOMNATH CONSTRUCTION,Payment In-Progress,199843
2194,Karnataka,Development of playground,WS/MP18082/2025-2026/208166,CHITRADURGA(DEPUTY COMMISSIONER CHITRADURGA_IDA),GOVIND MAKTHAPPA KARJOL,CHITRADURGA(SC),18-Jul-26,SHIVANNA T,Payment In-Progress,300000
2195,Karnataka,Construction of community centers and community halls,WS/MP18076/2026-2027/210473,MANDYA(DEPUTY COMMISSIONER MANDYA_IDA),DR C N MANJUNATH,BANGALORE RURAL,14-Aug-26,T N ANANDA,Payment In-Progress,490000
2196,Uttar Pradesh,"Construction of roads, link roads, pathways or any other road with or without drainage system",WS/MP18225/2025-2026/257615,PRATAPGARH(DISTRICT MAGISTRAE PRATAPGARH_IDA),PUSHPENDRA SAROJ,KAUSHAMBI(SC),27-Jul-26,CHARAN CONSTRUCTION,Payment In-Progress,971506
2197,Gujarat,Construction of community centers and community halls,WS/MP588/2025-2026/175004,DEVBHUMI DWARKA(DISTRICT COLLECTOR DEVBHUMI DWARKA_IDA),Smt Poonamben Hematbhai Maadam,JAMNAGAR,06-Aug-26,KRISHNA CONSTRUCTION,Payment In-Progress,720042
2198,Karnataka,Construction of rainwater harvesting structures,WS/MP18078/2026-2027/213629,Vijayanagara(DEPUTY COMMISSIONER VIJAYANAGARA_IDA),E. TUKARAM,BELLARY(ST),28-Aug-26,CHAUTGI UMESHA,Payment In-Progress,335785
2199,Andhra Pradesh,Providing supply pipelines for drinking water,WS/MP524/2025-2026/198366,CHITTOOR(DISTRICT COLLECTOR CHITTOOR_IDA),Midhun Reddy,RAJAMPET,06-Aug-26,VA MURALIDHAR,Payment In-Progress,365698
2200,Maharashtra,Construction of community centers and community halls,WS/MP673/2026-2027/210710,LATUR(DISTRICT COLLECTOR LATUR_IDA),Omprakash Bhupalsinh Alias Pawan Rajenimbalkar,OSMANABAD,25-Aug-26,Rajiv Majur Sah So Ltd,Payment In-Progress,697773
2201,Uttar Pradesh,"Construction of roads, link roads, pathways or any other road with or without drainage system",WS/MP490/2025-2026/241036,VARANASI(DISTRICT MAGISTRAE VARANASI_IDA),Shri Narendra Modi,VARANASI,12-Aug-26,SAI SHARAN CONSTRUCTION CO,Payment In-Progress,640858
2202,Uttar Pradesh,"Construction of roads, link roads, pathways or any other road with or without drainage system",WS/MP490/2025-2026/241032,VARANASI(DISTRICT MAGISTRAE VARANASI_IDA),Shri Narendra Modi,VARANASI,12-Aug-26,SAI SHARAN CONSTRUCTION CO,Payment In-Progress,831192
2203,Uttar Pradesh,"Construction of roads, link roads, pathways or any other road with or without drainage system",WS/MP490/2025-2026/241131,VARANASI(DISTRICT MAGISTRAE VARANASI_IDA),Shri Narendra Modi,VARANASI,25-Jul-26,SAI SHARAN CONSTRUCTION CO,Payment In-Progress,181130
2204,Gujarat,"Construction of roads, link roads, pathways or any other road with or without drainage system",WS/MP18344/2025-2026/187008,PORBANDAR(DISTRICT COLLECTOR PORBANDAR_IDA),DR. MANSUKH MANDAVIYA,PORBANDAR,29-Aug-26,FRER GRAM PANCHAYAT,Payment In-Progress,244681
2205,Karnataka,Construction of community centers and community halls,WS/MP623/2026-2027/177416,VIJAYAPURA(DEPUTY COMMISSIONER BIJAPUR_IDA),Ramesh Chandappa Jigajinagi,BIJAPUR(SC),07-Aug-26,ASHWATHAM SHASAPPA REBINAL,Payment In-Progress,225000
2206,West Bengal,"Construction of rooms and facilities for hospitals, FWC , PHC Centers and ANM centers",WS/MP829/2025-2026/206641,HOWRAH(DISTRICT MAGISTRATE HOWRAH_IDA),Smt Sajda Ahmed,ULUBERIA,19-Aug-26,DILSHAN CONSTRUCTION,Payment In-Progress,176495
2207,Rajasthan,"Construction of roads, link roads, pathways or any other road with or without drainage system",WS/MP18169/2025-2026/247252,RAJSAMAND(DISTRICT COLLECTOR RAJSAMAND_IDA),MAHIMA KUMARI MEWAR,RAJSAMAND,19-Aug-26,Contractor Bhagwat Singh Chundawat,Payment In-Progress,498972
2208,Assam,Construction of community centers and community halls,WS/MP18025/2025-2026/230836,GOLAGHAT(Deputy Commissioner Golaghat_IDA),KAMAKHYA PRASAD TASA,Kaziranga,27-Aug-26,UTPAL SAIKIA,Payment In-Progress,491743
2209,Karnataka,Lighting of public spaces,WS/MP18082/2025-2026/197042,TUMAKURU(DEPUTY COMMISSIONER TUMKUR_IDA),GOVIND MAKTHAPPA KARJOL,CHITRADURGA(SC),14-Aug-26,RANGANATH V K,Payment In-Progress,499478
2210,Karnataka,Construction of rooms and halls in school and colleges,WS/MP18082/2025-2026/187531,TUMAKURU(DEPUTY COMMISSIONER TUMKUR_IDA),GOVIND MAKTHAPPA KARJOL,CHITRADURGA(SC),14-Aug-26,JAYARAMAIAH,Payment In-Progress,499964
2211,Karnataka,Construction of community centers and community halls,WS/MP18082/2025-2026/219725,TUMAKURU(DEPUTY COMMISSIONER TUMKUR_IDA),GOVIND MAKTHAPPA KARJOL,CHITRADURGA(SC),14-Aug-26,RAMESH G M,Payment In-Progress,499459
2212,Karnataka,Construction of boundary walls of existing public and community buildings,WS/MP18082/2025-2026/219726,TUMAKURU(DEPUTY COMMISSIONER TUMKUR_IDA),GOVIND MAKTHAPPA KARJOL,CHITRADURGA(SC),14-Aug-26,RAMESH G M,Payment In-Progress,499964
2213,Rajasthan,"Providing sports equipment, except consumable items",WS/MP18170/2025-2026/223397,SIKAR(DISTRICT COLLECTOR SIKAR_IDA),AMRARAM,SIKAR,24-Jul-26,STAR GALAXY NUTRITION,Payment In-Progress,300000
2214,Uttar Pradesh,Construction of rooms and halls in school and colleges,WS/MP18212/2025-2026/208856,SITAPUR(DISTRICT MAGISTRATE SITAPUR_IDA),ANAND BHADAURIYA,DHAURAHRA,04-Aug-26,BACCHI DEVI SHIVRAJ SINGH SIKSHA SEWA SANSTHAN,Payment In-Progress,400000
2215,West Bengal,"Construction of roads, link roads, pathways or any other road with or without drainage system",WS/MP852/2025-2026/241490,MURSHIDABAD(DISTRICT MAGISTRATE MURSHIDABAD_IDA),Abu Taher Khan,MURSHIDABAD,23-Aug-26,MD ROFIKUL ISLAM,Payment In-Progress,593883
2216,Rajasthan,Improvement of electricity distribution infrastructure,WS/MP18165/2026-2027/230338,JAIPUR(DISTRICT COLLECTOR JAIPUR_IDA),MANJU SHARMA,JAIPUR,17-Aug-26,JAIPUR VIDYUT VITRAN NIGAM LIMITED,Payment In-Progress,2191248
2217,Karnataka,Construction of community centers and community halls,WS/MP623/2026-2027/177404,VIJAYAPURA(DEPUTY COMMISSIONER BIJAPUR_IDA),Ramesh Chandappa Jigajinagi,BIJAPUR(SC),07-Aug-26,TANVEER ABIDALI LASHKARI,Payment In-Progress,225000
2218,Meghalaya,Construction of community centers and community halls,WS/MP18137/2026-2027/233828,WEST JAINTIA HILLS(DEPUTY COMMISSIONER WEST JAINTIA HILLS JOWAI_IDA),ANDREW J. SYNGKON,SHILLONG,20-Aug-26,Khanduli Village Organisation,Payment In-Progress,250000
2219,Karnataka,"Construction of roads, link roads, pathways or any other road with or without drainage system",WS/MP18086/2026-2027/190441,HASSAN(DEPUTY COMMISSIONER HASSAN_IDA),SHREYAS. M. PATEL,HASSAN,25-Aug-26,Prasannakumar K S,Payment In-Progress,375000
2220,Maharashtra,"Construction of roads, link roads, pathways or any other road with or without drainage system",WS/MP18127/2026-2027/274226,NASHIK(DISTRICT COLLECTOR NASHIK_IDA),RAJABHAU,NASHIK,21-Aug-26,SAGAR RAJARAM MATALE,Payment In-Progress,986000
2221,Uttar Pradesh,Lighting of public spaces,WS/MP815/2026-2027/264779,Shrawasti(DISTRICT MAGISTRATE SHRAVASTI_IDA),Ram Shiromani,SHRAWASTI,14-Aug-26,NAVEEN ENTERPRISES,Payment In-Progress,221972
2222,Uttar Pradesh,Lighting of public spaces,WS/MP815/2026-2027/264639,Shrawasti(DISTRICT MAGISTRATE SHRAVASTI_IDA),Ram Shiromani,SHRAWASTI,14-Aug-26,NAVEEN ENTERPRISES,Payment In-Progress,221972
2223,Uttar Pradesh,Lighting of public spaces,WS/MP815/2026-2027/264660,Shrawasti(DISTRICT MAGISTRATE SHRAVASTI_IDA),Ram Shiromani,SHRAWASTI,10-Aug-26,NAVEEN ENTERPRISES,Payment In-Progress,221972
2224,Uttar Pradesh,Lighting of public spaces,WS/MP815/2026-2027/264661,Shrawasti(DISTRICT MAGISTRATE SHRAVASTI_IDA),Ram Shiromani,SHRAWASTI,18-Aug-26,NAVEEN ENTERPRISES,Payment In-Progress,221972
2225,Uttar Pradesh,Lighting of public spaces,WS/MP815/2026-2027/264662,Shrawasti(DISTRICT MAGISTRATE SHRAVASTI_IDA),Ram Shiromani,SHRAWASTI,10-Aug-26,NAVEEN ENTERPRISES,Payment In-Progress,221972
2226,Uttar Pradesh,Lighting of public spaces,WS/MP815/2026-2027/264669,Shrawasti(DISTRICT MAGISTRATE SHRAVASTI_IDA),Ram Shiromani,SHRAWASTI,10-Aug-26,NAVEEN ENTERPRISES,Payment In-Progress,221972
2227,Uttar Pradesh,Lighting of public spaces,WS/MP815/2026-2027/264670,Shrawasti(DISTRICT MAGISTRATE SHRAVASTI_IDA),Ram Shiromani,SHRAWASTI,10-Aug-26,NAVEEN ENTERPRISES,Payment In-Progress,221972
2228,Uttar Pradesh,Lighting of public spaces,WS/MP815/2026-2027/264671,Shrawasti(DISTRICT MAGISTRATE SHRAVASTI_IDA),Ram Shiromani,SHRAWASTI,10-Aug-26,NAVEEN ENTERPRISES,Payment In-Progress,221972
2229,Uttar Pradesh,Lighting of public spaces,WS/MP815/2026-2027/264685,Shrawasti(DISTRICT MAGISTRATE SHRAVASTI_IDA),Ram Shiromani,SHRAWASTI,10-Aug-26,NAVEEN ENTERPRISES,Payment In-Progress,221972
2230,Uttar Pradesh,Lighting of public spaces,WS/MP815/2026-2027/264687,Shrawasti(DISTRICT MAGISTRATE SHRAVASTI_IDA),Ram Shiromani,SHRAWASTI,18-Aug-26,NAVEEN ENTERPRISES,Payment In-Progress,221972
2231,Uttar Pradesh,Lighting of public spaces,WS/MP815/2026-2027/264689,Shrawasti(DISTRICT MAGISTRATE SHRAVASTI_IDA),Ram Shiromani,SHRAWASTI,10-Aug-26,NAVEEN ENTERPRISES,Payment In-Progress,221972
2232,Uttar Pradesh,Lighting of public spaces,WS/MP815/2026-2027/264691,Shrawasti(DISTRICT MAGISTRATE SHRAVASTI_IDA),Ram Shiromani,SHRAWASTI,10-Aug-26,NAVEEN ENTERPRISES,Payment In-Progress,221972
2233,Uttar Pradesh,Lighting of public spaces,WS/MP815/2026-2027/264692,Shrawasti(DISTRICT MAGISTRATE SHRAVASTI_IDA),Ram Shiromani,SHRAWASTI,10-Aug-26,NAVEEN ENTERPRISES,Payment In-Progress,221972
2234,Uttar Pradesh,Lighting of public spaces,WS/MP815/2026-2027/264693,Shrawasti(DISTRICT MAGISTRATE SHRAVASTI_IDA),Ram Shiromani,SHRAWASTI,10-Aug-26,NAVEEN ENTERPRISES,Payment In-Progress,221972
2235,Uttar Pradesh,Lighting of public spaces,WS/MP815/2026-2027/264694,Shrawasti(DISTRICT MAGISTRATE SHRAVASTI_IDA),Ram Shiromani,SHRAWASTI,10-Aug-26,NAVEEN ENTERPRISES,Payment In-Progress,221972
2236,Uttar Pradesh,Lighting of public spaces,WS/MP815/2026-2027/264696,Shrawasti(DISTRICT MAGISTRATE SHRAVASTI_IDA),Ram Shiromani,SHRAWASTI,14-Aug-26,NAVEEN ENTERPRISES,Payment In-Progress,221972
2237,Uttar Pradesh,Lighting of public spaces,WS/MP815/2026-2027/264701,Shrawasti(DISTRICT MAGISTRATE SHRAVASTI_IDA),Ram Shiromani,SHRAWASTI,10-Aug-26,NAVEEN ENTERPRISES,Payment In-Progress,221972
2238,Uttar Pradesh,Lighting of public spaces,WS/MP815/2026-2027/264702,Shrawasti(DISTRICT MAGISTRATE SHRAVASTI_IDA),Ram Shiromani,SHRAWASTI,10-Aug-26,NAVEEN ENTERPRISES,Payment In-Progress,221972
2239,Uttar Pradesh,Lighting of public spaces,WS/MP815/2026-2027/264703,Shrawasti(DISTRICT MAGISTRATE SHRAVASTI_IDA),Ram Shiromani,SHRAWASTI,10-Aug-26,NAVEEN ENTERPRISES,Payment In-Progress,221972
2240,Uttar Pradesh,Lighting of public spaces,WS/MP815/2026-2027/264706,Shrawasti(DISTRICT MAGISTRATE SHRAVASTI_IDA),Ram Shiromani,SHRAWASTI,10-Aug-26,NAVEEN ENTERPRISES,Payment In-Progress,221972
2241,Uttar Pradesh,Lighting of public spaces,WS/MP815/2026-2027/264710,Shrawasti(DISTRICT MAGISTRATE SHRAVASTI_IDA),Ram Shiromani,SHRAWASTI,10-Aug-26,NAVEEN ENTERPRISES,Payment In-Progress,221972
2242,Uttar Pradesh,Lighting of public spaces,WS/MP815/2026-2027/264715,Shrawasti(DISTRICT MAGISTRATE SHRAVASTI_IDA),Ram Shiromani,SHRAWASTI,14-Aug-26,NAVEEN ENTERPRISES,Payment In-Progress,221972
2243,Uttar Pradesh,Lighting of public spaces,WS/MP815/2026-2027/264717,Shrawasti(DISTRICT MAGISTRATE SHRAVASTI_IDA),Ram Shiromani,SHRAWASTI,10-Aug-26,NAVEEN ENTERPRISES,Payment In-Progress,221972
2244,Uttar Pradesh,Lighting of public spaces,WS/MP815/2026-2027/264979,Shrawasti(DISTRICT MAGISTRATE SHRAVASTI_IDA),Ram Shiromani,SHRAWASTI,10-Aug-26,NAVEEN ENTERPRISES,Payment In-Progress,221972
2245,Uttar Pradesh,Lighting of public spaces,WS/MP815/2025-2026/264982,Shrawasti(DISTRICT MAGISTRATE SHRAVASTI_IDA),Ram Shiromani,SHRAWASTI,10-Aug-26,NAVEEN ENTERPRISES,Payment In-Progress,221972
2246,Uttar Pradesh,Lighting of public spaces,WS/MP815/2025-2026/264983,Shrawasti(DISTRICT MAGISTRATE SHRAVASTI_IDA),Ram Shiromani,SHRAWASTI,10-Aug-26,NAVEEN ENTERPRISES,Payment In-Progress,221972
2247,Uttar Pradesh,Lighting of public spaces,WS/MP815/2025-2026/264984,Shrawasti(DISTRICT MAGISTRATE SHRAVASTI_IDA),Ram Shiromani,SHRAWASTI,10-Aug-26,NAVEEN ENTERPRISES,Payment In-Progress,221972
2248,Uttar Pradesh,Lighting of public spaces,WS/MP815/2026-2027/264870,Shrawasti(DISTRICT MAGISTRATE SHRAVASTI_IDA),Ram Shiromani,SHRAWASTI,10-Aug-26,NAVEEN ENTERPRISES,Payment In-Progress,221972
2249,Uttar Pradesh,Lighting of public spaces,WS/MP815/2026-2027/264873,Shrawasti(DISTRICT MAGISTRATE SHRAVASTI_IDA),Ram Shiromani,SHRAWASTI,10-Aug-26,NAVEEN ENTERPRISES,Payment In-Progress,221972
2250,Uttar Pradesh,Lighting of public spaces,WS/MP815/2026-2027/264874,Shrawasti(DISTRICT MAGISTRATE SHRAVASTI_IDA),Ram Shiromani,SHRAWASTI,10-Aug-26,NAVEEN ENTERPRISES,Payment In-Progress,221972
2251,Uttar Pradesh,Lighting of public spaces,WS/MP815/2026-2027/264918,Shrawasti(DISTRICT MAGISTRATE SHRAVASTI_IDA),Ram Shiromani,SHRAWASTI,18-Aug-26,NAVEEN ENTERPRISES,Payment In-Progress,221972
2252,Uttar Pradesh,Lighting of public spaces,WS/MP815/2026-2027/264919,Shrawasti(DISTRICT MAGISTRATE SHRAVASTI_IDA),Ram Shiromani,SHRAWASTI,18-Aug-26,NAVEEN ENTERPRISES,Payment In-Progress,221972
2253,Uttar Pradesh,Lighting of public spaces,WS/MP815/2026-2027/264923,Shrawasti(DISTRICT MAGISTRATE SHRAVASTI_IDA),Ram Shiromani,SHRAWASTI,10-Aug-26,NAVEEN ENTERPRISES,Payment In-Progress,221972
2254,Uttar Pradesh,Lighting of public spaces,WS/MP815/2026-2027/264925,Shrawasti(DISTRICT MAGISTRATE SHRAVASTI_IDA),Ram Shiromani,SHRAWASTI,10-Aug-26,NAVEEN ENTERPRISES,Payment In-Progress,221972
2255,Uttar Pradesh,Lighting of public spaces,WS/MP815/2026-2027/264926,Shrawasti(DISTRICT MAGISTRATE SHRAVASTI_IDA),Ram Shiromani,SHRAWASTI,14-Aug-26,NAVEEN ENTERPRISES,Payment In-Progress,221972
2256,Uttar Pradesh,Lighting of public spaces,WS/MP815/2026-2027/264845,Shrawasti(DISTRICT MAGISTRATE SHRAVASTI_IDA),Ram Shiromani,SHRAWASTI,10-Aug-26,NAVEEN ENTERPRISES,Payment In-Progress,221972
2257,Uttar Pradesh,Lighting of public spaces,WS/MP815/2026-2027/264846,Shrawasti(DISTRICT MAGISTRATE SHRAVASTI_IDA),Ram Shiromani,SHRAWASTI,10-Aug-26,NAVEEN ENTERPRISES,Payment In-Progress,221972
2258,Uttar Pradesh,Lighting of public spaces,WS/MP815/2026-2027/264847,Shrawasti(DISTRICT MAGISTRATE SHRAVASTI_IDA),Ram Shiromani,SHRAWASTI,10-Aug-26,NAVEEN ENTERPRISES,Payment In-Progress,221972
2259,Uttar Pradesh,Lighting of public spaces,WS/MP815/2026-2027/264850,Shrawasti(DISTRICT MAGISTRATE SHRAVASTI_IDA),Ram Shiromani,SHRAWASTI,14-Aug-26,NAVEEN ENTERPRISES,Payment In-Progress,221972
2260,Uttar Pradesh,Lighting of public spaces,WS/MP815/2026-2027/264852,Shrawasti(DISTRICT MAGISTRATE SHRAVASTI_IDA),Ram Shiromani,SHRAWASTI,10-Aug-26,NAVEEN ENTERPRISES,Payment In-Progress,221972
2261,Uttar Pradesh,Lighting of public spaces,WS/MP815/2026-2027/264853,Shrawasti(DISTRICT MAGISTRATE SHRAVASTI_IDA),Ram Shiromani,SHRAWASTI,10-Aug-26,NAVEEN ENTERPRISES,Payment In-Progress,221972
2262,Uttar Pradesh,Lighting of public spaces,WS/MP815/2026-2027/264854,Shrawasti(DISTRICT MAGISTRATE SHRAVASTI_IDA),Ram Shiromani,SHRAWASTI,10-Aug-26,NAVEEN ENTERPRISES,Payment In-Progress,221972
2263,Uttar Pradesh,Lighting of public spaces,WS/MP815/2026-2027/264855,Shrawasti(DISTRICT MAGISTRATE SHRAVASTI_IDA),Ram Shiromani,SHRAWASTI,10-Aug-26,NAVEEN ENTERPRISES,Payment In-Progress,221972
2264,Uttar Pradesh,Lighting of public spaces,WS/MP815/2026-2027/264856,Shrawasti(DISTRICT MAGISTRATE SHRAVASTI_IDA),Ram Shiromani,SHRAWASTI,10-Aug-26,NAVEEN ENTERPRISES,Payment In-Progress,221972
2265,Uttar Pradesh,Lighting of public spaces,WS/MP815/2026-2027/264857,Shrawasti(DISTRICT MAGISTRATE SHRAVASTI_IDA),Ram Shiromani,SHRAWASTI,10-Aug-26,NAVEEN ENTERPRISES,Payment In-Progress,221972
2266,Uttar Pradesh,Lighting of public spaces,WS/MP815/2026-2027/264858,Shrawasti(DISTRICT MAGISTRATE SHRAVASTI_IDA),Ram Shiromani,SHRAWASTI,10-Aug-26,NAVEEN ENTERPRISES,Payment In-Progress,221972
2267,Uttar Pradesh,Lighting of public spaces,WS/MP815/2026-2027/264908,Shrawasti(DISTRICT MAGISTRATE SHRAVASTI_IDA),Ram Shiromani,SHRAWASTI,18-Aug-26,NAVEEN ENTERPRISES,Payment In-Progress,221972
2268,Uttar Pradesh,Lighting of public spaces,WS/MP815/2026-2027/264909,Shrawasti(DISTRICT MAGISTRATE SHRAVASTI_IDA),Ram Shiromani,SHRAWASTI,14-Aug-26,NAVEEN ENTERPRISES,Payment In-Progress,221972
2269,Uttar Pradesh,Lighting of public spaces,WS/MP815/2026-2027/264911,Shrawasti(DISTRICT MAGISTRATE SHRAVASTI_IDA),Ram Shiromani,SHRAWASTI,10-Aug-26,NAVEEN ENTERPRISES,Payment In-Progress,221972
2270,Uttar Pradesh,Lighting of public spaces,WS/MP815/2026-2027/264912,Shrawasti(DISTRICT MAGISTRATE SHRAVASTI_IDA),Ram Shiromani,SHRAWASTI,14-Aug-26,NAVEEN ENTERPRISES,Payment In-Progress,221972
2271,Uttar Pradesh,Lighting of public spaces,WS/MP815/2026-2027/264913,Shrawasti(DISTRICT MAGISTRATE SHRAVASTI_IDA),Ram Shiromani,SHRAWASTI,14-Aug-26,NAVEEN ENTERPRISES,Payment In-Progress,221972
2272,Uttar Pradesh,Lighting of public spaces,WS/MP815/2025-2026/267002,Shrawasti(DISTRICT MAGISTRATE SHRAVASTI_IDA),Ram Shiromani,SHRAWASTI,10-Aug-26,NAVEEN ENTERPRISES,Payment In-Progress,221972
2273,Uttar Pradesh,Lighting of public spaces,WS/MP815/2025-2026/266270,Shrawasti(DISTRICT MAGISTRATE SHRAVASTI_IDA),Ram Shiromani,SHRAWASTI,07-Aug-26,NAVEEN ENTERPRISES,Payment In-Progress,673112
2274,Uttar Pradesh,Lighting of public spaces,WS/MP815/2025-2026/266271,Shrawasti(DISTRICT MAGISTRATE SHRAVASTI_IDA),Ram Shiromani,SHRAWASTI,07-Aug-26,NAVEEN ENTERPRISES,Payment In-Progress,673112
2275,Andhra Pradesh,Providing supply pipelines for drinking water,WS/MP524/2024-2025/151573,Annamayya(DISTRICT COLLECTOR ANNAMAYYA_IDA),Midhun Reddy,RAJAMPET,28-Jul-26,VLWC President Thimmasamudram,Payment In-Progress,495008
2276,Andhra Pradesh,Providing supply pipelines for drinking water,WS/MP524/2024-2025/155623,Annamayya(DISTRICT COLLECTOR ANNAMAYYA_IDA),Midhun Reddy,RAJAMPET,28-Jul-26,VLWC President Thimmasamudram,Payment In-Progress,486736
2277,Tamil Nadu,Construction of additional rooms and halls in the existing public and community building,WS/MP18176/2025-2026/199095,DINDIGUL(DISTRICT COLLECTOR DINDIGUL_IDA),SACHITHANANTHAM R,DINDIGUL,18-Aug-26,ANBARASU,Payment In-Progress,1300000
2278,Rajasthan,Construction of community centers and community halls,WS/MP719/2025-2026/227474,AJMER(DISTRICT COLLECTOR AJMER_IDA),Bhagirath Chaudhary,AJMER,06-Aug-26,KISHAN LAL,Payment In-Progress,15561
2279,Rajasthan,Construction of community centers and community halls,WS/MP719/2025-2026/227474,AJMER(DISTRICT COLLECTOR AJMER_IDA),Bhagirath Chaudhary,AJMER,06-Aug-26,NAVALKISHOR,Payment In-Progress,3861
2280,Rajasthan,Construction of community centers and community halls,WS/MP719/2025-2026/227474,AJMER(DISTRICT COLLECTOR AJMER_IDA),Bhagirath Chaudhary,AJMER,06-Aug-26,SARAJUDHIN,Payment In-Progress,3861
2281,Rajasthan,Construction of community centers and community halls,WS/MP719/2025-2026/227474,AJMER(DISTRICT COLLECTOR AJMER_IDA),Bhagirath Chaudhary,AJMER,06-Aug-26,ROHIT,Payment In-Progress,15561
2282,Rajasthan,Construction of community centers and community halls,WS/MP719/2025-2026/227474,AJMER(DISTRICT COLLECTOR AJMER_IDA),Bhagirath Chaudhary,AJMER,06-Aug-26,KARAN,Payment In-Progress,3861
2283,Madhya Pradesh,Construction of common work sheds/ common covered sitting area,WS/MP18104/2026-2027/287626,NARMADAPURAM(DISTRICT COLLECTOR NARMADAPURAM_IDA),DARSHAN SINGH CHOUDHARY,HOSHANGABAD,25-Aug-26,GRAM PANCHAYAT SANDIYA SFC,Payment In-Progress,100000
2284,Madhya Pradesh,Construction of common work sheds/ common covered sitting area,WS/MP18104/2026-2027/290505,NARMADAPURAM(DISTRICT COLLECTOR NARMADAPURAM_IDA),DARSHAN SINGH CHOUDHARY,HOSHANGABAD,25-Aug-26,GRAM PANCHAYAT MATKULI SFC,Payment In-Progress,100000
2285,Uttar Pradesh,"Construction of roads, link roads, pathways or any other road with or without drainage system",WS/MP490/2025-2026/241239,VARANASI(DISTRICT MAGISTRAE VARANASI_IDA),Shri Narendra Modi,VARANASI,07-Aug-26,TYAGI CONSTRUTION AND ORDER SUPPLIERS,Payment In-Progress,230926
2286,Haryana,"Construction of roads, link roads, pathways or any other road with or without drainage system",WS/MP431/2025-2026/223818,REWARI(District Commissioner Rewari),Rao Inderjit Singh,GURGAON,10-Aug-26,Gram Panchayat Jaitpur Sekhpur,Payment In-Progress,371569
2287,Uttar Pradesh,"Construction of roads, link roads, pathways or any other road with or without drainage system",WS/MP490/2025-2026/241011,VARANASI(DISTRICT MAGISTRAE VARANASI_IDA),Shri Narendra Modi,VARANASI,19-Aug-26,S R CONSTRUCTION,Payment In-Progress,798152
2288,Uttar Pradesh,Construction of community centers and community halls,WS/MP18392/2026-2027/267766,PILIBHIT(DISTRICT MAGISTRAE PILIBHIT_IDA),JITIN PRASADA,PILIBHIT,20-Aug-26,MI CONSTRUCTION,Payment In-Progress,675635
2289,Uttar Pradesh,"Construction of roads, link roads, pathways or any other road with or without drainage system",WS/MP490/2025-2026/241240,VARANASI(DISTRICT MAGISTRAE VARANASI_IDA),Shri Narendra Modi,VARANASI,14-Aug-26,MAIHER SHAKTI ENTERPRISES,Payment In-Progress,950372
2290,Uttar Pradesh,"Construction of roads, link roads, pathways or any other road with or without drainage system",WS/MP490/2025-2026/241233,VARANASI(DISTRICT MAGISTRAE VARANASI_IDA),Shri Narendra Modi,VARANASI,17-Aug-26,MAIHER SHAKTI ENTERPRISES,Payment In-Progress,448400
2291,Uttar Pradesh,"Construction of roads, link roads, pathways or any other road with or without drainage system",WS/MP490/2025-2026/241136,VARANASI(DISTRICT MAGISTRAE VARANASI_IDA),Shri Narendra Modi,VARANASI,11-Aug-26,UJJAWAL ENTERPRISES,Payment In-Progress,327450
2292,Chhattisgarh,Construction of community centers and community halls,WS/MP18049/2026-2027/273879,BILASPUR(DISTRICT COLLECTOR BILASPUR_IDA),TOKHAN SAHU,BILASPUR,28-Jul-26,Gram Panchayat Khaira La,Payment In-Progress,1000000
2293,West Bengal,"Construction of Government office buildings (Post office, Police station, Police chauki, etc.)",WS/MP18254/2026-2027/208657,Paschim Medinipur(DISTRICT MAGISTRATE PASCHIM MEDINIPUR_IDA),JUNE MALIAH,MEDINIPUR,13-Aug-26,ASIR BARAN ROY,Payment In-Progress,1615346
2294,Punjab,Construction of stadiums,WS/MP18311/2025-2026/272255,RUPNAGAR(DEPUTY COMMISSIONER ROOPNAGAR_IDA),MALVINDER SINGH KANG,ANANDPUR SAHIB,24-Aug-26,BARKAT AND SONS,Payment In-Progress,78000
2295,Assam,"Construction of flood control embankments/ protection walls along riverbanks, hilltops, roadsides",WS/MP18021/2026-2027/286164,BARPETA(DEPUTY COMMISSIONER BARPETA 1),RAKIBUL HUSSAIN,DHUBRI,18-Aug-26,STN MSR PROTECTION UZIRAR CHAR JAIPARA,Payment In-Progress,600000
2296,Uttar Pradesh,"Construction of roads, link roads, pathways or any other road with or without drainage system",WS/MP18225/2025-2026/257603,PRATAPGARH(DISTRICT MAGISTRAE PRATAPGARH_IDA),PUSHPENDRA SAROJ,KAUSHAMBI(SC),27-Jul-26,R D MAURYA,Payment In-Progress,844098
2297,Himachal Pradesh,"Construction of roads, link roads, pathways or any other road with or without drainage system",WS/MP18069/2026-2027/291475,KANGRA(DEPUTY COMMISSIONER KANGRA_IDA),RAJEEV BHARDWAJ,KANGRA,26-Aug-26,GRAM PANCHAYAT CHARURI,Payment In-Progress,125000
2298,Himachal Pradesh,"Construction of roads, link roads, pathways or any other road with or without drainage system",WS/MP18069/2026-2027/257783,KANGRA(DEPUTY COMMISSIONER KANGRA_IDA),RAJEEV BHARDWAJ,KANGRA,26-Aug-26,GRAM PANCHAYAT KHANNI JHIKLI,Payment In-Progress,65000
2299,Maharashtra,"Construction of roads, link roads, pathways or any other road with or without drainage system",WS/MP18136/2026-2027/195290,WARDHA(DISTRICT COLLECTOR WARDHA_IDA),AMAR SHARADRAO KALE,WARDHA,17-Aug-26,President pulgaon MKSSS Ltd Pulgaon,Payment In-Progress,1000000
2300,Rajasthan,Providing supply pipelines for drinking water,WS/MP18170/2025-2026/197325,SIKAR(DISTRICT COLLECTOR SIKAR_IDA),AMRARAM,SIKAR,10-Aug-26,NEHRA ELECTRICALS AND CONSTRUCTION COMPNAY,Payment In-Progress,42242
2301,Andhra Pradesh,"Construction of roads, link roads, pathways or any other road with or without drainage system",WS/MP18008/2026-2027/251376,GUNTUR(DISTRICT COLLECTOR GUNTUR_IDA),Dr Chandra Sekhar Pemmasani,GUNTUR,27-Aug-26,Kornepati Ashok Kumar,Payment In-Progress,192359
2302,Andhra Pradesh,"Construction of roads, link roads, pathways or any other road with or without drainage system",WS/MP18008/2026-2027/251381,GUNTUR(DISTRICT COLLECTOR GUNTUR_IDA),Dr Chandra Sekhar Pemmasani,GUNTUR,27-Aug-26,Kornepati Ashok Kumar,Payment In-Progress,298470
2303,Assam,Construction of boundary walls of existing public and community buildings,WS/MP18025/2026-2027/280735,NAGAON(DEPUTY COMMISSIONER NOWGONG_IDA),KAMAKHYA PRASAD TASA,Kaziranga,29-Aug-26,OM ENTERPRISE,Payment In-Progress,225650
2304,Assam,Construction of boundary walls of existing public and community buildings,WS/MP18025/2026-2027/280735,NAGAON(DEPUTY COMMISSIONER NOWGONG_IDA),KAMAKHYA PRASAD TASA,Kaziranga,29-Aug-26,OM ENTERPRISE,Payment In-Progress,74919
2305,Karnataka,Construction of community centers and community halls,WS/MP623/2026-2027/247138,VIJAYAPURA(DEPUTY COMMISSIONER BIJAPUR_IDA),Ramesh Chandappa Jigajinagi,BIJAPUR(SC),07-Aug-26,RAVI  S KATNALLI,Payment In-Progress,371250
2306,Karnataka,Construction of community centers and community halls,WS/MP623/2026-2027/247138,VIJAYAPURA(DEPUTY COMMISSIONER BIJAPUR_IDA),Ramesh Chandappa Jigajinagi,BIJAPUR(SC),27-Aug-26,RAVI  S KATNALLI,Payment In-Progress,122004
2307,Odisha,Construction of community centers and community halls,WS/MP18142/2025-2026/263801,PURI(DISTRICT COLLECTOR PURI_IDA),BIBHU PRASAD TARAI,JAGATSINGHPUR(SC),01-Aug-26,ANATHA SAHOO,Payment In-Progress,486157
2308,Andhra Pradesh,Installing community drinking water plants,WS/MP529/2025-2026/216077,Tirupati(DISTRICT COLLECTOR TIRUPATI_IDA),Maddila Gurumoorthy,TIRUPATI(SC),07-Aug-26,VINS Infra Projects,Payment In-Progress,714250
2309,Rajasthan,Installing tube-wells and borewells,WS/MP18167/2025-2026/268144,JHUNJHUNU(DISTRICT COLLECTOR JHUNJHUNU_IDA),BRIJENDRA SINGH OLA,JHUNJHUNU,21-Aug-26,Lucky Constructions,Payment In-Progress,552277
2310,Rajasthan,Installing tube-wells and borewells,WS/MP18167/2025-2026/216828,JHUNJHUNU(DISTRICT COLLECTOR JHUNJHUNU_IDA),BRIJENDRA SINGH OLA,JHUNJHUNU,21-Aug-26,Lucky Constructions,Payment In-Progress,97332
2311,Odisha,Construction of public irrigation facilities,WS/MP18150/2026-2027/272840,SAMBALPUR(DISTRICT COLLECTOR SAMBALPUR_IDA),DHARMENDRA PRADHAN,SAMBALPUR,21-Aug-26,PABITRA MOHAN LENKA TC,Payment In-Progress,675384
2312,Uttar Pradesh,"Construction of roads, link roads, pathways or any other road with or without drainage system",WS/MP18222/2025-2026/246754,JAUNPUR(DISTRICT MAGISTRATE JAUNPUR_IDA),BABU SINGH KUSHWAHA,JAUNPUR,05-Aug-26,PREDEEP KUMAR,Payment In-Progress,724103
2313,Karnataka,Construction of buildings for community cultural activities,WS/MP18079/2025-2026/182394,BIDAR(DEPUTY COMMISSIONER BIDAR_IDA),SAGAR ESHWAR KHANDRE,BIDAR,06-Aug-26,PRAKASH,Payment In-Progress,1875000
2314,Rajasthan,Construction of common work sheds/ common covered sitting area,WS/MP18170/2025-2026/240396,SIKAR(DISTRICT COLLECTOR SIKAR_IDA),AMRARAM,SIKAR,14-Aug-26,BHABHA SHREE INFRATECH,Payment In-Progress,305937
2315,West Bengal,Construction of buildings for community cultural activities,WS/MP18253/2025-2026/198019,South 24 Parganas(DISTRICT MAGISTRATE SOUTH TWENTY FOUR PARGANAS_IDA),BAPI HALDAR,MATHURAPUR(SC),27-Aug-26,BASANTACON,Payment In-Progress,497927
2316,Tamil Nadu,Construction of bus-sheds or bus-stops,WS/MP18174/2026-2027/270411,COIMBATORE(DISTRICT COLLECTOR COIMBATORE_IDA),GANAPATHY RAJKUMAR P,COIMBATORE,24-Aug-26,M Vivekanandhan,Payment In-Progress,599972
2317,Odisha,Construction of public irrigation facilities,WS/MP18150/2026-2027/272770,SAMBALPUR(DISTRICT COLLECTOR SAMBALPUR_IDA),DHARMENDRA PRADHAN,SAMBALPUR,25-Aug-26,MPLAD Holding Account Jujomura Block,Payment In-Progress,30245
2318,Uttar Pradesh,"Construction of roads, link roads, pathways or any other road with or without drainage system",WS/MP490/2025-2026/240971,VARANASI(DISTRICT MAGISTRAE VARANASI_IDA),Shri Narendra Modi,VARANASI,12-Aug-26,BHAGAWATI ENTERPRISES,Payment In-Progress,512474
2319,Odisha,Construction of public irrigation facilities,WS/MP18150/2026-2027/272840,SAMBALPUR(DISTRICT COLLECTOR SAMBALPUR_IDA),DHARMENDRA PRADHAN,SAMBALPUR,21-Aug-26,MPLAD Holding Account Jujomura Block,Payment In-Progress,17265
2320,Rajasthan,"Construction of roads, link roads, pathways or any other road with or without drainage system",WS/MP18163/2025-2026/264630,DAUSA(DISTRICT COLLECTOR DAUSA_IDA),MURARI LAL MEENA,DAUSA(ST),04-Aug-26,CHHOTU LAL MEENA,Payment In-Progress,359000
2321,Uttar Pradesh,"Construction of roads, link roads, pathways or any other road with or without drainage system",WS/MP490/2025-2026/241157,VARANASI(DISTRICT MAGISTRAE VARANASI_IDA),Shri Narendra Modi,VARANASI,07-Aug-26,RAGHAV CONSTRUCTION,Payment In-Progress,697616
2322,Gujarat,Construction of common work sheds/ common covered sitting area,WS/MP578/2026-2027/262529,BHARUCH(DISTRICT COLLECTOR BROACH_IDA),Mansukhbhai Dhanjibhai Vasava,BHARUCH,25-Aug-26,LIMAJ GRAM PANCHAYAT,Payment In-Progress,348538
2323,Karnataka,Construction of community centers and community halls,WS/MP18091/2026-2027/175624,MYSURU(DEPUTY COMMISSIONER MYSORE_IDA),YADUVEER KRISHNADATTA CHAMARAJA WADIYAR,MYSORE,17-Aug-26,SUNIL,Payment In-Progress,300000
2324,Gujarat,"Construction of roads, link roads, pathways or any other road with or without drainage system",WS/MP18058/2025-2026/274768,VADODARA(DISTRICT COLLECTOR VADODARA_IDA),DR. HEMANG JOSHI,VADODARA,21-Aug-26,Samantpura Gram Panchayat,Payment In-Progress,250932
2325,Gujarat,Installing community drinking water plants,WS/MP18059/2025-2026/248205,VALSAD(DISTRICT COLLECTOR VALSAD_IDA),DHAVAL LAXMANBHAI PATEL,VALSAD(ST),05-Aug-26,GRAM PANCHYAT MOTIWADA NEW,Payment In-Progress,500000
2326,Gujarat,Installing community drinking water plants,WS/MP18059/2025-2026/248208,VALSAD(DISTRICT COLLECTOR VALSAD_IDA),DHAVAL LAXMANBHAI PATEL,VALSAD(ST),05-Aug-26,GRAM PANCHYAT MOTIWADA NEW,Payment In-Progress,500000
2327,Gujarat,Installing community drinking water plants,WS/MP18059/2025-2026/248209,VALSAD(DISTRICT COLLECTOR VALSAD_IDA),DHAVAL LAXMANBHAI PATEL,VALSAD(ST),05-Aug-26,GRAM PANCHYAT MOTIWADA NEW,Payment In-Progress,500000
2328,Odisha,"Construction of roads, link roads, pathways or any other road with or without drainage system",WS/MP453/2026-2027/177897,RAYAGADA(DISTRICT COLLECTOR RAYAGADA_IDA),Saptagiri Sankar Ulaka,KORAPUT(ST),18-Aug-26,Geetanjali Pidika,Payment In-Progress,300000
2329,Odisha,"Construction of roads, link roads, pathways or any other road with or without drainage system",WS/MP453/2026-2027/177905,RAYAGADA(DISTRICT COLLECTOR RAYAGADA_IDA),Saptagiri Sankar Ulaka,KORAPUT(ST),18-Aug-26,Rao Adhikari Srinivasa,Payment In-Progress,250000
2330,Rajasthan,Construction of community centers and community halls,WS/MP18162/2025-2026/241441,BHILWARA(DISTRICT COLLECTOR BHILWARA_IDA),DAMODAR AGARWAL,BHILWARA,18-Aug-26,SAMPAT NATH,Payment In-Progress,3408
2331,Rajasthan,Construction of community centers and community halls,WS/MP18162/2025-2026/241441,BHILWARA(DISTRICT COLLECTOR BHILWARA_IDA),DAMODAR AGARWAL,BHILWARA,18-Aug-26,JAMNA,Payment In-Progress,3408
2332,Rajasthan,Construction of community centers and community halls,WS/MP18162/2025-2026/241441,BHILWARA(DISTRICT COLLECTOR BHILWARA_IDA),DAMODAR AGARWAL,BHILWARA,18-Aug-26,MAHENDRA SINGH,Payment In-Progress,3408
2333,Rajasthan,Construction of community centers and community halls,WS/MP18162/2025-2026/241441,BHILWARA(DISTRICT COLLECTOR BHILWARA_IDA),DAMODAR AGARWAL,BHILWARA,18-Aug-26,BINTU NATH,Payment In-Progress,3408
2334,Rajasthan,Construction of community centers and community halls,WS/MP18162/2025-2026/241441,BHILWARA(DISTRICT COLLECTOR BHILWARA_IDA),DAMODAR AGARWAL,BHILWARA,18-Aug-26,FATMA,Payment In-Progress,3408
2335,Rajasthan,Construction of community centers and community halls,WS/MP18162/2025-2026/241441,BHILWARA(DISTRICT COLLECTOR BHILWARA_IDA),DAMODAR AGARWAL,BHILWARA,18-Aug-26,BAHADUR SINGH,Payment In-Progress,3408
2336,Rajasthan,Construction of community centers and community halls,WS/MP18162/2025-2026/241441,BHILWARA(DISTRICT COLLECTOR BHILWARA_IDA),DAMODAR AGARWAL,BHILWARA,18-Aug-26,LALI KANWER,Payment In-Progress,3408
2337,West Bengal,Construction of rooms and halls in school and colleges,WS/MP18248/2025-2026/181253,PURBA BARDHAMAN(DISTRICT MAGISTRATE PURBA BARDHAMAN_IDA),DR. SHARMILA SARKAR,BARDHAMAN PURBA(SC),17-Aug-26,MD SAHABAT HOSSAIN,Payment In-Progress,248606
2338,Rajasthan,Construction of community centers and community halls,WS/MP719/2025-2026/227474,AJMER(DISTRICT COLLECTOR AJMER_IDA),Bhagirath Chaudhary,AJMER,06-Aug-26,MOHHMAD RIYAJUDHAN,Payment In-Progress,12294
2339,Rajasthan,Development of playfields and sports grounds,WS/MP18170/2025-2026/218459,SIKAR(DISTRICT COLLECTOR SIKAR_IDA),AMRARAM,SIKAR,05-Aug-26,Surendra Kumar Sharma,Payment In-Progress,11900
2340,Rajasthan,Development of playfields and sports grounds,WS/MP18170/2025-2026/218459,SIKAR(DISTRICT COLLECTOR SIKAR_IDA),AMRARAM,SIKAR,05-Aug-26,Ashok Kumar,Payment In-Progress,11050
2341,Rajasthan,Development of playfields and sports grounds,WS/MP18170/2025-2026/218459,SIKAR(DISTRICT COLLECTOR SIKAR_IDA),AMRARAM,SIKAR,05-Aug-26,Birbal,Payment In-Progress,3724
2342,Rajasthan,Development of playfields and sports grounds,WS/MP18170/2025-2026/218459,SIKAR(DISTRICT COLLECTOR SIKAR_IDA),AMRARAM,SIKAR,05-Aug-26,Rajesh Kumar,Payment In-Progress,3724
2343,Rajasthan,Development of playfields and sports grounds,WS/MP18170/2025-2026/218459,SIKAR(DISTRICT COLLECTOR SIKAR_IDA),AMRARAM,SIKAR,05-Aug-26,Lakshmi,Payment In-Progress,11050
2344,Rajasthan,Development of playfields and sports grounds,WS/MP18170/2025-2026/218459,SIKAR(DISTRICT COLLECTOR SIKAR_IDA),AMRARAM,SIKAR,05-Aug-26,chetaram,Payment In-Progress,11900
2345,Rajasthan,Development of playfields and sports grounds,WS/MP18170/2025-2026/218459,SIKAR(DISTRICT COLLECTOR SIKAR_IDA),AMRARAM,SIKAR,05-Aug-26,Kunda ram,Payment In-Progress,11900
2346,Rajasthan,Development of playfields and sports grounds,WS/MP18170/2025-2026/218459,SIKAR(DISTRICT COLLECTOR SIKAR_IDA),AMRARAM,SIKAR,05-Aug-26,Pooja devi,Payment In-Progress,3724
2347,Rajasthan,Development of playfields and sports grounds,WS/MP18170/2025-2026/218459,SIKAR(DISTRICT COLLECTOR SIKAR_IDA),AMRARAM,SIKAR,05-Aug-26,Mukesh Kumar,Payment In-Progress,3458
2348,Rajasthan,Development of playfields and sports grounds,WS/MP18170/2025-2026/218459,SIKAR(DISTRICT COLLECTOR SIKAR_IDA),AMRARAM,SIKAR,05-Aug-26,Subhash,Payment In-Progress,11050
2349,Karnataka,Lighting of public spaces,WS/MP18092/2025-2026/246909,RAICHUR(DEPUTY COMMISSIONER RAICHUR_IDA),G. KUMAR NAIK,RAICHUR(ST),17-Aug-26,GOVINDA NAYAK,Payment In-Progress,375000
2350,Punjab,"Construction of roads, link roads, pathways or any other road with or without drainage system",WS/MP381/2026-2027/275246,AMRITSAR(DEPUTY COMMISSIONER AMRITSAR_IDA),Shri Gurjeet Singh Aujla,AMRITSAR,25-Aug-26,Raghbir Singh,Payment In-Progress,74520
2351,Karnataka,Installing community drinking water plants,"WS/	 MP620/2025-2026/167962",DHARWAD(DEPUTY COMMISSIONER DHARWAR_IDA),Pralhad Venkatesh Joshi,DHARWAD,05-Aug-26,KRISHNA TALWAR,Payment In-Progress,417642
2352,Gujarat,Construction of public toilets and bathrooms,WS/MP18055/2025-2026/181568,PANCH MAHALS(DISTRICT COLLECTOR PANCHMAHALS_IDA),RAJPALSINH MAHENDRASINH JADAV,PANCHMAHAL,29-Aug-26,GRAM PANCHAYAT NASIRPUR,Payment In-Progress,100000
2353,Maharashtra,Construction of buildings for multi-gym,WS/MP18116/2026-2027/232150,THANE(DISTRICT COLLECTOR THANE_IDA),BALYA MAMA SURESH GOPINATH MHATRE,BHIWANDI,13-Aug-26,DHANSHREE GANGARAM PATIL,Payment In-Progress,2447691
2354,Maharashtra,"Construction of roads, link roads, pathways or any other road with or without drainage system",WS/MP18112/2025-2026/243760,AMRAVATI(DISTRICT COLLECTOR AMRAVATI_IDA),BALWANT BASWANT WANKHADE,AMRAVATI(SC),11-Aug-26,Akash Rajendra Kharode,Payment In-Progress,992500
2355,Karnataka,Construction of buildings for community cultural activities,"WS/	 MP620/2025-2026/206428",DHARWAD(DEPUTY COMMISSIONER DHARWAR_IDA),Pralhad Venkatesh Joshi,DHARWAD,05-Aug-26,VEERANNA RAMPPA BARAKER,Payment In-Progress,397413
2356,Telangana,"Construction of roads, link roads, pathways or any other road with or without drainage system",WS/MP18194/2026-2027/236864,SANGAREDDY(District Collector Sangareddy_IDA),SURESH KUMAR SHETKAR,ZAHIRABAD,27-Aug-26,K BHASKAR REDDY,Payment In-Progress,500000
2357,Andhra Pradesh,Construction of boundary walls of existing public and community buildings,WS/MP524/2025-2026/204069,Annamayya(DISTRICT COLLECTOR ANNAMAYYA_IDA),Midhun Reddy,RAJAMPET,11-Aug-26,VLC PRESIDENT REDDIVARIPALLI GP,Payment In-Progress,449930
2358,Andhra Pradesh,"Construction of roads, link roads, pathways or any other road with or without drainage system",WS/MP18004/2025-2026/256397,Alluri Sitharama Raju(DISTRICT COLLECTOR ALLURI SITHARAMARAJU_IDA),Gumma Thanuja Rani,ARAKU(ST),18-Aug-26,Palasi Pentaiah,Payment In-Progress,491711
2359,Andhra Pradesh,"Construction of roads, link roads, pathways or any other road with or without drainage system",WS/MP18004/2025-2026/256400,Alluri Sitharama Raju(DISTRICT COLLECTOR ALLURI SITHARAMARAJU_IDA),Gumma Thanuja Rani,ARAKU(ST),18-Aug-26,Palasi Pentaiah,Payment In-Progress,491689
2360,Rajasthan,Construction of community centers and community halls,WS/MP18162/2025-2026/241441,BHILWARA(DISTRICT COLLECTOR BHILWARA_IDA),DAMODAR AGARWAL,BHILWARA,18-Aug-26,fUL kANWAR,Payment In-Progress,3408
2361,Rajasthan,Construction of community centers and community halls,WS/MP18162/2025-2026/241441,BHILWARA(DISTRICT COLLECTOR BHILWARA_IDA),DAMODAR AGARWAL,BHILWARA,18-Aug-26,Bhagwan Singh,Payment In-Progress,1988
2362,Punjab,Providing drains and gutters for public drainage,WS/MP18155/2025-2026/189291,HOSHIARPUR(DEPUTY COMMISSIONER HOSHIARPUR_IDA),DR. RAJ KUMAR CHABBEWAL,HOSHIARPUR(SC),26-Aug-26,The Boparai Co Op Society Ltd,Payment In-Progress,249000
2363,Kerala,"Construction of roads, link roads, pathways or any other road with or without drainage system",WS/MP18264/2024-2025/160990,ERNAKULAM(DISTRICT COLLECTOR ERNAKULAM_IDA),ADV K FRANCIS GEORGE,KOTTAYAM,06-Aug-26,ALI P B,Payment In-Progress,1129210
2364,Andhra Pradesh,Providing supply pipelines for drinking water,WS/MP18003/2025-2026/223856,Ananthapuramu(DISTRICT COLLECTOR ANANTAPUR_IDA),AMBICA G LAKSHMINARAYANA VALMIKI,ANANTAPUR,06-Aug-26,Kondeti Vijayabhaskar,Payment In-Progress,499857
2365,Odisha,"Construction of roads, link roads, pathways or any other road with or without drainage system",WS/MP18350/2025-2026/182265,BOUDH(District Collector Boudh_IDA),SUKANTA KUMAR PANIGRAHI,KANDHAMAL,17-Aug-26,BABUN KUMAR SAHU,Payment In-Progress,268878
2366,Chhattisgarh,Construction of rooms and halls in school and colleges,WS/MP18336/2025-2026/184865,RAIPUR(DISTRICT COLLECTOR RAIPUR_IDA),BRIJMOHAN AGRAWAL,RAIPUR,07-Aug-26,VIKAS CONSTRUCTIONS,Payment In-Progress,446691
2367,Chhattisgarh,Construction of community centers and community halls,WS/MP18336/2025-2026/156452,RAIPUR(DISTRICT COLLECTOR RAIPUR_IDA),BRIJMOHAN AGRAWAL,RAIPUR,07-Aug-26,POOJA CONSTRUCTION,Payment In-Progress,250000
2368,Tamil Nadu,Construction of rooms and halls in school and colleges,WS/MP18174/2026-2027/224334,COIMBATORE(DISTRICT COLLECTOR COIMBATORE_IDA),GANAPATHY RAJKUMAR P,COIMBATORE,27-Aug-26,Shri Murugan Associates,Payment In-Progress,799891
2369,Assam,Construction of community centers and community halls,WS/MP538/2026-2027/223492,UDALGURI(DEPUTY COMMISSIONER Udalguri_IDA),Dilip Saikia,Darrang-Udalguri,25-Aug-26,MS Daithun Kh Daimari Enterprise,Payment In-Progress,153300
2370,West Bengal,"Construction of cycle tracks, cycle stand and segregated non-motorized vehicle (NMV) lanes",WS/MP18248/2025-2026/201771,PURBA BARDHAMAN(DISTRICT MAGISTRATE PURBA BARDHAMAN_IDA),DR. SHARMILA SARKAR,BARDHAMAN PURBA(SC),21-Aug-26,SOUMEN DAS,Payment In-Progress,479310
2371,Maharashtra,"Construction of roads, link roads, pathways or any other road with or without drainage system",WS/MP18118/2025-2026/252915,NASHIK(DISTRICT COLLECTOR NASHIK_IDA),BHASKAR MURLIDHAR BHAGARE,DINDORI(ST),24-Aug-26,shramsaphalya majur bandhkam sah soc ltd dolhare,Payment In-Progress,998000
2372,Madhya Pradesh,Construction of community centers and community halls,WS/MP638/2026-2027/260001,TIKAMGARH(DISTRICT COLLECTOR TIKAMGARH_IDA),Virendra Kumar,TIKAMGARH(SC),19-Aug-26,Gram Panchayat Kanera,Payment In-Progress,200000
2373,Odisha,Construction of community centers and community halls,WS/MP18358/2024-2025/164798,GANJAM(DISTRICT COLLECTOR GANJAM_IDA),ANITA SUBHADARSHINI,ASKA,25-Aug-26,Susanta Kumar Polei,Payment In-Progress,200000
2374,Rajasthan,"Construction of roads, link roads, pathways or any other road with or without drainage system",WS/MP719/2025-2026/247437,AJMER(DISTRICT COLLECTOR AJMER_IDA),Bhagirath Chaudhary,AJMER,24-Aug-26,Ms Gopesh International Contractor,Payment In-Progress,729357
2375,Assam,Construction of community centers and community halls,WS/MP18029/2026-2027/280746,Biswanath(Deputy Commissioner Biswanath_IDA),RANJIT DUTTA,Sonitpur,27-Aug-26,Hemanta Bhattarai,Payment In-Progress,498360
2376,Assam,Construction of community centers and community halls,WS/MP18023/2026-2027/247398,KAMRUP METRO(DEPUTY COMMISSIONER KAMRUP METROPOLITAN_IDA),BIJULI KALITA MEDHI,GUWAHATI,29-Aug-26,Construction of Community hall Near Mahapurush Sri Srimanta Sankardev Namghar,Payment In-Progress,600000
2377,Assam,Construction of boundary walls of existing public and community buildings,WS/MP18023/2026-2027/253862,KAMRUP METRO(DEPUTY COMMISSIONER KAMRUP METROPOLITAN_IDA),BIJULI KALITA MEDHI,GUWAHATI,28-Aug-26,Construction of boundary wall and gate near Rangpur nagar bathow Thansali Mandir,Payment In-Progress,150000
2378,Jammu And Kashmir,Construction of community centers and community halls,WS/MP18260/2025-2026/251565,Budgam(Deputy Commissioner  Budgam_IDA),AGA SYED RUHULLAH MEHDI,SRINAGAR,18-Aug-26,executive engineer R B BUDGAM,Payment In-Progress,49099
2379,Jammu And Kashmir,Construction of community centers and community halls,WS/MP18260/2025-2026/251565,Budgam(Deputy Commissioner  Budgam_IDA),AGA SYED RUHULLAH MEHDI,SRINAGAR,18-Aug-26,executive engineer R B BUDGAM,Payment In-Progress,43200
2380,Jammu And Kashmir,Construction of community centers and community halls,WS/MP18260/2025-2026/251565,Budgam(Deputy Commissioner  Budgam_IDA),AGA SYED RUHULLAH MEHDI,SRINAGAR,18-Aug-26,executive engineer R B BUDGAM,Payment In-Progress,21000
2381,Jammu And Kashmir,Construction of community centers and community halls,WS/MP18260/2025-2026/251565,Budgam(Deputy Commissioner  Budgam_IDA),AGA SYED RUHULLAH MEHDI,SRINAGAR,18-Aug-26,executive engineer R B BUDGAM,Payment In-Progress,50000
2382,Jammu And Kashmir,Construction of community centers and community halls,WS/MP18260/2025-2026/251565,Budgam(Deputy Commissioner  Budgam_IDA),AGA SYED RUHULLAH MEHDI,SRINAGAR,18-Aug-26,executive engineer R B BUDGAM,Payment In-Progress,50000
2383,Jammu And Kashmir,Construction of community centers and community halls,WS/MP18260/2025-2026/251565,Budgam(Deputy Commissioner  Budgam_IDA),AGA SYED RUHULLAH MEHDI,SRINAGAR,18-Aug-26,executive engineer R B BUDGAM,Payment In-Progress,49850
2384,Jammu And Kashmir,Construction of community centers and community halls,WS/MP18260/2025-2026/251565,Budgam(Deputy Commissioner  Budgam_IDA),AGA SYED RUHULLAH MEHDI,SRINAGAR,18-Aug-26,executive engineer R B BUDGAM,Payment In-Progress,36000
2385,Uttar Pradesh,"Construction of roads, link roads, pathways or any other road with or without drainage system",WS/MP18345/2026-2027/231424,KANNAUJ(DISTRICT MAGISTRATE KANNAUJ_IDA),AKHILESH YADAV,KANNAUJ,13-Aug-26,RAV INFRA,Payment In-Progress,1109475
2386,Punjab,Purchase of ambulance to transport sick and injured animals,WS/MP716/2025-2026/203930,BATHINDA(DEPUTY COMMISSIONER BHATINDA_IDA),Smt Harsimrat Kaur Badal,BHATINDA,25-Aug-26,ARP MOTERS PVT LTD,Payment In-Progress,1386900
2387,Maharashtra,Construction of public toilets and bathrooms,WS/MP18361/2025-2026/219023,MUMBAI SUBURBAN(DISTRICT COLLECTOR MUMBAI SUBURBAN_IDA),SANJAY DINA PATIL,MUMBAI NORTH EAST,07-Aug-26,anurag urban tecinfra pvt ltd,Payment In-Progress,2597093
2388,Andhra Pradesh,Providing supply pipelines for drinking water,WS/MP405/2025-2026/255426,KRISHNA(DISTRICT COLLECTOR KRISHNA_IDA),Balashowry Vallabbhaneni,MACHILIPATNAM,13-Aug-26,NUKALA SRINIVASARAO,Payment In-Progress,587734
2389,Maharashtra,Construction of community centers and community halls,WS/MP18116/2025-2026/213032,THANE(DISTRICT COLLECTOR THANE_IDA),BALYA MAMA SURESH GOPINATH MHATRE,BHIWANDI,26-Aug-26,yashraj kashinath pashte,Payment In-Progress,989052
2390,Haryana,"Construction of roads, link roads, pathways or any other road with or without drainage system",WS/MP18066/2025-2026/246590,JIND(DEPUTY COMMISSIONER JIND),SELJA,SIRSA(SC),13-Aug-26,RAHUL,Payment In-Progress,32689
2391,Haryana,"Construction of roads, link roads, pathways or any other road with or without drainage system",WS/MP18066/2025-2026/246590,JIND(DEPUTY COMMISSIONER JIND),SELJA,SIRSA(SC),13-Aug-26,SHREE KRISHNA ENTERPRISES,Payment In-Progress,178842
2392,Haryana,"Construction of roads, link roads, pathways or any other road with or without drainage system",WS/MP18066/2025-2026/246590,JIND(DEPUTY COMMISSIONER JIND),SELJA,SIRSA(SC),13-Aug-26,JAI BABA KHAK NATH WELDING WORKSHOP,Payment In-Progress,67260
2393,Rajasthan,Crematoriums/energy efficient crematoriums or structures on burial/cremation ground,WS/MP719/2025-2026/208008,AJMER(DISTRICT COLLECTOR AJMER_IDA),Bhagirath Chaudhary,AJMER,13-Aug-26,gumansingh,Payment In-Progress,11700
2394,Rajasthan,Crematoriums/energy efficient crematoriums or structures on burial/cremation ground,WS/MP719/2025-2026/208008,AJMER(DISTRICT COLLECTOR AJMER_IDA),Bhagirath Chaudhary,AJMER,13-Aug-26,sonu,Payment In-Progress,3705
2395,Rajasthan,Crematoriums/energy efficient crematoriums or structures on burial/cremation ground,WS/MP719/2025-2026/208008,AJMER(DISTRICT COLLECTOR AJMER_IDA),Bhagirath Chaudhary,AJMER,13-Aug-26,parmeshwar rawat,Payment In-Progress,11700
2396,Rajasthan,Crematoriums/energy efficient crematoriums or structures on burial/cremation ground,WS/MP719/2025-2026/208008,AJMER(DISTRICT COLLECTOR AJMER_IDA),Bhagirath Chaudhary,AJMER,13-Aug-26,prem raj,Payment In-Progress,11700
2397,Rajasthan,Crematoriums/energy efficient crematoriums or structures on burial/cremation ground,WS/MP719/2025-2026/208008,AJMER(DISTRICT COLLECTOR AJMER_IDA),Bhagirath Chaudhary,AJMER,13-Aug-26,mahaveer rawat,Payment In-Progress,11700
2398,Rajasthan,Crematoriums/energy efficient crematoriums or structures on burial/cremation ground,WS/MP719/2025-2026/208008,AJMER(DISTRICT COLLECTOR AJMER_IDA),Bhagirath Chaudhary,AJMER,13-Aug-26,nosar,Payment In-Progress,3705
2399,Rajasthan,Crematoriums/energy efficient crematoriums or structures on burial/cremation ground,WS/MP719/2025-2026/208008,AJMER(DISTRICT COLLECTOR AJMER_IDA),Bhagirath Chaudhary,AJMER,13-Aug-26,pooja,Payment In-Progress,3705
2400,Rajasthan,Crematoriums/energy efficient crematoriums or structures on burial/cremation ground,WS/MP719/2025-2026/208008,AJMER(DISTRICT COLLECTOR AJMER_IDA),Bhagirath Chaudhary,AJMER,13-Aug-26,rami,Payment In-Progress,3420
2401,Rajasthan,Crematoriums/energy efficient crematoriums or structures on burial/cremation ground,WS/MP719/2025-2026/208008,AJMER(DISTRICT COLLECTOR AJMER_IDA),Bhagirath Chaudhary,AJMER,13-Aug-26,mohan singh,Payment In-Progress,11700
2402,Rajasthan,Crematoriums/energy efficient crematoriums or structures on burial/cremation ground,WS/MP719/2025-2026/208008,AJMER(DISTRICT COLLECTOR AJMER_IDA),Bhagirath Chaudhary,AJMER,13-Aug-26,tara devi,Payment In-Progress,3705
2403,Rajasthan,Crematoriums/energy efficient crematoriums or structures on burial/cremation ground,WS/MP719/2025-2026/208008,AJMER(DISTRICT COLLECTOR AJMER_IDA),Bhagirath Chaudhary,AJMER,13-Aug-26,sunil singh,Payment In-Progress,11700
2404,Rajasthan,Crematoriums/energy efficient crematoriums or structures on burial/cremation ground,WS/MP719/2025-2026/208008,AJMER(DISTRICT COLLECTOR AJMER_IDA),Bhagirath Chaudhary,AJMER,13-Aug-26,ram singh rawat,Payment In-Progress,11700
2405,Rajasthan,Crematoriums/energy efficient crematoriums or structures on burial/cremation ground,WS/MP719/2025-2026/208008,AJMER(DISTRICT COLLECTOR AJMER_IDA),Bhagirath Chaudhary,AJMER,13-Aug-26,pahalvan rawat,Payment In-Progress,11700
2406,Rajasthan,Crematoriums/energy efficient crematoriums or structures on burial/cremation ground,WS/MP719/2025-2026/208008,AJMER(DISTRICT COLLECTOR AJMER_IDA),Bhagirath Chaudhary,AJMER,13-Aug-26,narbada,Payment In-Progress,3705
2407,Rajasthan,Crematoriums/energy efficient crematoriums or structures on burial/cremation ground,WS/MP719/2025-2026/208008,AJMER(DISTRICT COLLECTOR AJMER_IDA),Bhagirath Chaudhary,AJMER,13-Aug-26,bhawani singh,Payment In-Progress,11700
2408,Rajasthan,Crematoriums/energy efficient crematoriums or structures on burial/cremation ground,WS/MP719/2025-2026/208008,AJMER(DISTRICT COLLECTOR AJMER_IDA),Bhagirath Chaudhary,AJMER,13-Aug-26,bhola singh,Payment In-Progress,3705
2409,Rajasthan,Crematoriums/energy efficient crematoriums or structures on burial/cremation ground,WS/MP719/2025-2026/208008,AJMER(DISTRICT COLLECTOR AJMER_IDA),Bhagirath Chaudhary,AJMER,13-Aug-26,manju gurjar,Payment In-Progress,3705
2410,Rajasthan,Crematoriums/energy efficient crematoriums or structures on burial/cremation ground,WS/MP719/2025-2026/208008,AJMER(DISTRICT COLLECTOR AJMER_IDA),Bhagirath Chaudhary,AJMER,13-Aug-26,sagwan gurjar,Payment In-Progress,11700
2411,Rajasthan,Crematoriums/energy efficient crematoriums or structures on burial/cremation ground,WS/MP719/2025-2026/208008,AJMER(DISTRICT COLLECTOR AJMER_IDA),Bhagirath Chaudhary,AJMER,13-Aug-26,sanwar lal,Payment In-Progress,11700
2412,Rajasthan,Crematoriums/energy efficient crematoriums or structures on burial/cremation ground,WS/MP719/2025-2026/208008,AJMER(DISTRICT COLLECTOR AJMER_IDA),Bhagirath Chaudhary,AJMER,13-Aug-26,ajay singh,Payment In-Progress,3705
2413,Rajasthan,Crematoriums/energy efficient crematoriums or structures on burial/cremation ground,WS/MP719/2025-2026/208008,AJMER(DISTRICT COLLECTOR AJMER_IDA),Bhagirath Chaudhary,AJMER,13-Aug-26,vishrami,Payment In-Progress,3705
2414,Madhya Pradesh,Construction of culverts and bridges,WS/MP18101/2026-2027/287605,DAMOH(DISTRICT COLLECTOR DAMOH_IDA),RAHUL SINGH LODHI,DAMOH,13-Aug-26,GRAM PANCHAYAT PADAJHIR,Payment In-Progress,1000000
2415,Tamil Nadu,"Construction of roads, link roads, pathways or any other road with or without drainage system",WS/MP017/2026-2027/235389,"Ranipet(District Collector, Ranipet_2)",S. Jagathrakshakan,ARAKKONAM,13-Aug-26,M VELU,Payment In-Progress,399772
2416,Rajasthan,Construction of community centers and community halls,WS/MP719/2025-2026/230890,AJMER(DISTRICT COLLECTOR AJMER_IDA),Bhagirath Chaudhary,AJMER,18-Aug-26,Prem kahar,Payment In-Progress,3705
2417,Rajasthan,Construction of community centers and community halls,WS/MP719/2025-2026/230890,AJMER(DISTRICT COLLECTOR AJMER_IDA),Bhagirath Chaudhary,AJMER,18-Aug-26,Rekha rawat,Payment In-Progress,3705
2418,Rajasthan,Construction of community centers and community halls,WS/MP719/2025-2026/230890,AJMER(DISTRICT COLLECTOR AJMER_IDA),Bhagirath Chaudhary,AJMER,18-Aug-26,Gyan Singh,Payment In-Progress,11700
2419,Rajasthan,Construction of community centers and community halls,WS/MP719/2025-2026/230890,AJMER(DISTRICT COLLECTOR AJMER_IDA),Bhagirath Chaudhary,AJMER,18-Aug-26,Surendra Singh,Payment In-Progress,11700
2420,Rajasthan,Construction of community centers and community halls,WS/MP719/2025-2026/230890,AJMER(DISTRICT COLLECTOR AJMER_IDA),Bhagirath Chaudhary,AJMER,18-Aug-26,Bharat Singh Rawat,Payment In-Progress,11700
2421,Rajasthan,Construction of community centers and community halls,WS/MP719/2025-2026/230890,AJMER(DISTRICT COLLECTOR AJMER_IDA),Bhagirath Chaudhary,AJMER,18-Aug-26,Manohar lal kahar,Payment In-Progress,11700
2422,Rajasthan,Construction of community centers and community halls,WS/MP719/2025-2026/230890,AJMER(DISTRICT COLLECTOR AJMER_IDA),Bhagirath Chaudhary,AJMER,18-Aug-26,KAN SINGH,Payment In-Progress,11700
2423,Rajasthan,Construction of community centers and community halls,WS/MP719/2025-2026/230890,AJMER(DISTRICT COLLECTOR AJMER_IDA),Bhagirath Chaudhary,AJMER,18-Aug-26,PRIYANKA KAHAR,Payment In-Progress,3705
2424,Rajasthan,Construction of community centers and community halls,WS/MP719/2025-2026/230890,AJMER(DISTRICT COLLECTOR AJMER_IDA),Bhagirath Chaudhary,AJMER,18-Aug-26,SEEBU SONU,Payment In-Progress,1995
2425,Rajasthan,Construction of community centers and community halls,WS/MP719/2025-2026/230890,AJMER(DISTRICT COLLECTOR AJMER_IDA),Bhagirath Chaudhary,AJMER,18-Aug-26,GYANI,Payment In-Progress,11700
2426,Rajasthan,Construction of community centers and community halls,WS/MP719/2025-2026/230890,AJMER(DISTRICT COLLECTOR AJMER_IDA),Bhagirath Chaudhary,AJMER,18-Aug-26,SEETA DEVI,Payment In-Progress,3705
2427,Rajasthan,Construction of community centers and community halls,WS/MP719/2025-2026/230890,AJMER(DISTRICT COLLECTOR AJMER_IDA),Bhagirath Chaudhary,AJMER,18-Aug-26,Sonu Singh Rawat,Payment In-Progress,3705
2428,Rajasthan,Construction of community centers and community halls,WS/MP719/2025-2026/230890,AJMER(DISTRICT COLLECTOR AJMER_IDA),Bhagirath Chaudhary,AJMER,18-Aug-26,Kavita,Payment In-Progress,3705
2429,Rajasthan,Construction of community centers and community halls,WS/MP719/2025-2026/230890,AJMER(DISTRICT COLLECTOR AJMER_IDA),Bhagirath Chaudhary,AJMER,18-Aug-26,Mamta Rawat,Payment In-Progress,3705
2430,Rajasthan,Construction of community centers and community halls,WS/MP719/2025-2026/230890,AJMER(DISTRICT COLLECTOR AJMER_IDA),Bhagirath Chaudhary,AJMER,18-Aug-26,Sapna Rawat,Payment In-Progress,3705
2431,Rajasthan,Construction of community centers and community halls,WS/MP719/2025-2026/230890,AJMER(DISTRICT COLLECTOR AJMER_IDA),Bhagirath Chaudhary,AJMER,18-Aug-26,Jay singh,Payment In-Progress,3705
2432,Rajasthan,Construction of community centers and community halls,WS/MP719/2025-2026/230890,AJMER(DISTRICT COLLECTOR AJMER_IDA),Bhagirath Chaudhary,AJMER,18-Aug-26,SHUBHAM,Payment In-Progress,3705
2433,Rajasthan,Construction of community centers and community halls,WS/MP719/2025-2026/230890,AJMER(DISTRICT COLLECTOR AJMER_IDA),Bhagirath Chaudhary,AJMER,18-Aug-26,MOHANI,Payment In-Progress,3705
2434,Rajasthan,Construction of community centers and community halls,WS/MP719/2025-2026/230890,AJMER(DISTRICT COLLECTOR AJMER_IDA),Bhagirath Chaudhary,AJMER,18-Aug-26,SURENDRA,Payment In-Progress,3705
2435,Rajasthan,Construction of community centers and community halls,WS/MP719/2025-2026/230890,AJMER(DISTRICT COLLECTOR AJMER_IDA),Bhagirath Chaudhary,AJMER,18-Aug-26,Fateh Singh,Payment In-Progress,3705
2436,Rajasthan,Construction of common work sheds/ common covered sitting area,WS/MP18160/2026-2027/262093,Balotra(DISTRICT COLLECTOR Balotra_IDA),UMMEDA RAM BENIWAL,BARMER,09-Aug-26,Meero Construction Company,Payment In-Progress,420004
2437,Tamil Nadu,Construction of community centers and community halls,WS/MP18179/2025-2026/271514,THANJAVUR(DISTRICT COLLECTOR THANJAVUR_IDA),SUDHA R,MAYILADUTHURAI,18-Aug-26,MANNARMANNAN P,Payment In-Progress,522642
2438,Rajasthan,Crematoriums/energy efficient crematoriums or structures on burial/cremation ground,WS/MP719/2025-2026/208008,AJMER(DISTRICT COLLECTOR AJMER_IDA),Bhagirath Chaudhary,AJMER,13-Aug-26,mahendra rawatr,Payment In-Progress,11700
2439,Rajasthan,Crematoriums/energy efficient crematoriums or structures on burial/cremation ground,WS/MP719/2025-2026/208008,AJMER(DISTRICT COLLECTOR AJMER_IDA),Bhagirath Chaudhary,AJMER,13-Aug-26,geeta devi,Payment In-Progress,3705
2440,Rajasthan,Crematoriums/energy efficient crematoriums or structures on burial/cremation ground,WS/MP719/2025-2026/208008,AJMER(DISTRICT COLLECTOR AJMER_IDA),Bhagirath Chaudhary,AJMER,13-Aug-26,pyare lal maghwanshi,Payment In-Progress,11700
2441,Rajasthan,Crematoriums/energy efficient crematoriums or structures on burial/cremation ground,WS/MP719/2025-2026/208008,AJMER(DISTRICT COLLECTOR AJMER_IDA),Bhagirath Chaudhary,AJMER,13-Aug-26,priya,Payment In-Progress,3705
2442,Rajasthan,Crematoriums/energy efficient crematoriums or structures on burial/cremation ground,WS/MP719/2025-2026/208008,AJMER(DISTRICT COLLECTOR AJMER_IDA),Bhagirath Chaudhary,AJMER,13-Aug-26,naval singh rawat,Payment In-Progress,3705
2443,Maharashtra,"Construction of roads, link roads, pathways or any other road with or without drainage system",WS/MP18113/2026-2027/244708,Chhatrapati Sambhajinagar(DISTRICT COLLECTOR AURANGABAD_IDA),BHUMARE SANDIPANRAO ASARAM,AURANGABAD_MH,10-Aug-26,SIR VISHVESHWARAYYA SUSHIKSHIT BEROJGARABHIYANTA SEVA,Payment In-Progress,1999000
2444,Uttar Pradesh,"Construction of roads, link roads, pathways or any other road with or without drainage system",WS/MP490/2025-2026/241137,VARANASI(DISTRICT MAGISTRAE VARANASI_IDA),Shri Narendra Modi,VARANASI,19-Aug-26,SHRI CONSTRUCTION,Payment In-Progress,167914
2445,Uttar Pradesh,"Construction of roads, link roads, pathways or any other road with or without drainage system",WS/MP490/2025-2026/241155,VARANASI(DISTRICT MAGISTRAE VARANASI_IDA),Shri Narendra Modi,VARANASI,19-Aug-26,JAI ENTERPRISES,Payment In-Progress,287212
2446,Uttar Pradesh,"Construction of roads, link roads, pathways or any other road with or without drainage system",WS/MP490/2025-2026/241135,VARANASI(DISTRICT MAGISTRAE VARANASI_IDA),Shri Narendra Modi,VARANASI,11-Aug-26,JAI ENTERPRISES,Payment In-Progress,300428
2447,Uttar Pradesh,"Construction of roads, link roads, pathways or any other road with or without drainage system",WS/MP18223/2025-2026/256013,SAHARANPUR(DISTRICT MAGISTRAE SAHARANPUR_IDA),IQRA CHOUDHARY,KAIRANA,11-Aug-26,MILIND CHOUDHARY,Payment In-Progress,1040909
2448,Uttar Pradesh,"Construction of roads, link roads, pathways or any other road with or without drainage system",WS/MP18223/2025-2026/256028,SAHARANPUR(DISTRICT MAGISTRAE SAHARANPUR_IDA),IQRA CHOUDHARY,KAIRANA,11-Aug-26,MILIND CHOUDHARY,Payment In-Progress,689191
2449,Rajasthan,"Construction of roads, link roads, pathways or any other road with or without drainage system",WS/MP18162/2025-2026/186128,BHILWARA(DISTRICT COLLECTOR BHILWARA_IDA),DAMODAR AGARWAL,BHILWARA,13-Aug-26,Mangi Devi Mina,Payment In-Progress,3240
2450,Rajasthan,"Construction of roads, link roads, pathways or any other road with or without drainage system",WS/MP18162/2025-2026/186128,BHILWARA(DISTRICT COLLECTOR BHILWARA_IDA),DAMODAR AGARWAL,BHILWARA,13-Aug-26,Mangi Devi Mina,Payment In-Progress,3510
2451,Rajasthan,"Construction of roads, link roads, pathways or any other road with or without drainage system",WS/MP18162/2025-2026/186128,BHILWARA(DISTRICT COLLECTOR BHILWARA_IDA),DAMODAR AGARWAL,BHILWARA,13-Aug-26,Radha Devi Gurjar,Payment In-Progress,3510
2452,Rajasthan,"Construction of roads, link roads, pathways or any other road with or without drainage system",WS/MP18162/2025-2026/186128,BHILWARA(DISTRICT COLLECTOR BHILWARA_IDA),DAMODAR AGARWAL,BHILWARA,13-Aug-26,Radha Devi Gurjar,Payment In-Progress,3240
2453,Rajasthan,"Construction of roads, link roads, pathways or any other road with or without drainage system",WS/MP18162/2025-2026/186128,BHILWARA(DISTRICT COLLECTOR BHILWARA_IDA),DAMODAR AGARWAL,BHILWARA,13-Aug-26,Radheshyam kumhar,Payment In-Progress,1620
2454,Rajasthan,"Construction of roads, link roads, pathways or any other road with or without drainage system",WS/MP18162/2025-2026/186128,BHILWARA(DISTRICT COLLECTOR BHILWARA_IDA),DAMODAR AGARWAL,BHILWARA,13-Aug-26,Rajendr Meena,Payment In-Progress,5320
2455,Rajasthan,"Construction of roads, link roads, pathways or any other road with or without drainage system",WS/MP18162/2025-2026/186128,BHILWARA(DISTRICT COLLECTOR BHILWARA_IDA),DAMODAR AGARWAL,BHILWARA,13-Aug-26,Rajendr Singh,Payment In-Progress,9880
2456,Rajasthan,"Construction of roads, link roads, pathways or any other road with or without drainage system",WS/MP18162/2025-2026/186128,BHILWARA(DISTRICT COLLECTOR BHILWARA_IDA),DAMODAR AGARWAL,BHILWARA,13-Aug-26,Rajendr Singh,Payment In-Progress,9120
2457,Rajasthan,"Construction of roads, link roads, pathways or any other road with or without drainage system",WS/MP18162/2025-2026/186128,BHILWARA(DISTRICT COLLECTOR BHILWARA_IDA),DAMODAR AGARWAL,BHILWARA,13-Aug-26,Shankar Lal Meena,Payment In-Progress,3240
2458,Rajasthan,"Construction of roads, link roads, pathways or any other road with or without drainage system",WS/MP18162/2025-2026/186128,BHILWARA(DISTRICT COLLECTOR BHILWARA_IDA),DAMODAR AGARWAL,BHILWARA,13-Aug-26,Shankar Lal Meena,Payment In-Progress,3510
2459,Rajasthan,"Construction of roads, link roads, pathways or any other road with or without drainage system",WS/MP18162/2025-2026/186128,BHILWARA(DISTRICT COLLECTOR BHILWARA_IDA),DAMODAR AGARWAL,BHILWARA,13-Aug-26,Shanti Devi,Payment In-Progress,3240
2460,Rajasthan,"Construction of roads, link roads, pathways or any other road with or without drainage system",WS/MP18162/2025-2026/186128,BHILWARA(DISTRICT COLLECTOR BHILWARA_IDA),DAMODAR AGARWAL,BHILWARA,13-Aug-26,Shanti Devi,Payment In-Progress,3510
2461,Rajasthan,"Construction of roads, link roads, pathways or any other road with or without drainage system",WS/MP18162/2025-2026/186128,BHILWARA(DISTRICT COLLECTOR BHILWARA_IDA),DAMODAR AGARWAL,BHILWARA,13-Aug-26,Shiv Lal Meena,Payment In-Progress,5320
2462,Rajasthan,"Construction of roads, link roads, pathways or any other road with or without drainage system",WS/MP18162/2025-2026/186128,BHILWARA(DISTRICT COLLECTOR BHILWARA_IDA),DAMODAR AGARWAL,BHILWARA,13-Aug-26,Sita Bhil,Payment In-Progress,3510
2463,Rajasthan,"Construction of roads, link roads, pathways or any other road with or without drainage system",WS/MP18162/2025-2026/186128,BHILWARA(DISTRICT COLLECTOR BHILWARA_IDA),DAMODAR AGARWAL,BHILWARA,13-Aug-26,Sita Bhil,Payment In-Progress,3240
2464,Rajasthan,"Construction of roads, link roads, pathways or any other road with or without drainage system",WS/MP18162/2025-2026/186128,BHILWARA(DISTRICT COLLECTOR BHILWARA_IDA),DAMODAR AGARWAL,BHILWARA,13-Aug-26,Sohani Devi Meena,Payment In-Progress,3240
2465,Rajasthan,"Construction of roads, link roads, pathways or any other road with or without drainage system",WS/MP18162/2025-2026/186128,BHILWARA(DISTRICT COLLECTOR BHILWARA_IDA),DAMODAR AGARWAL,BHILWARA,13-Aug-26,Sohani Devi Meena,Payment In-Progress,3510
2466,Rajasthan,"Construction of roads, link roads, pathways or any other road with or without drainage system",WS/MP18162/2025-2026/186128,BHILWARA(DISTRICT COLLECTOR BHILWARA_IDA),DAMODAR AGARWAL,BHILWARA,13-Aug-26,sumitra kanwar,Payment In-Progress,3510
2467,Rajasthan,"Construction of roads, link roads, pathways or any other road with or without drainage system",WS/MP18162/2025-2026/186128,BHILWARA(DISTRICT COLLECTOR BHILWARA_IDA),DAMODAR AGARWAL,BHILWARA,13-Aug-26,sumitra kanwar,Payment In-Progress,3240
2468,Rajasthan,"Construction of roads, link roads, pathways or any other road with or without drainage system",WS/MP18162/2025-2026/186128,BHILWARA(DISTRICT COLLECTOR BHILWARA_IDA),DAMODAR AGARWAL,BHILWARA,13-Aug-26,Teju kumari meena,Payment In-Progress,3510
2469,Uttar Pradesh,"Construction of roads, link roads, pathways or any other road with or without drainage system",WS/MP490/2025-2026/240968,VARANASI(DISTRICT MAGISTRAE VARANASI_IDA),Shri Narendra Modi,VARANASI,14-Aug-26,MS VAISHNAVI TRADERS,Payment In-Progress,704106
2470,Uttar Pradesh,"Construction of roads, link roads, pathways or any other road with or without drainage system",WS/MP490/2025-2026/241244,VARANASI(DISTRICT MAGISTRAE VARANASI_IDA),Shri Narendra Modi,VARANASI,19-Aug-26,MS ANURAG ENTERPRISES,Payment In-Progress,246030
2471,Uttar Pradesh,"Construction of roads, link roads, pathways or any other road with or without drainage system",WS/MP490/2025-2026/241245,VARANASI(DISTRICT MAGISTRAE VARANASI_IDA),Shri Narendra Modi,VARANASI,19-Aug-26,MS ANURAG ENTERPRISES,Payment In-Progress,293820
2472,Madhya Pradesh,Construction of rooms and halls in school and colleges,WS/MP18098/2026-2027/261046,BALAGHAT(DISTRICT COLLECTOR BALAGHAT_IDA),BHARTI PARDHI,BALAGHAT,18-Aug-26,L R URADE BILDING MATERIAL SUPLAYARS,Payment In-Progress,15000
2473,Madhya Pradesh,Construction of rooms and halls in school and colleges,WS/MP18098/2026-2027/261046,BALAGHAT(DISTRICT COLLECTOR BALAGHAT_IDA),BHARTI PARDHI,BALAGHAT,18-Aug-26,L R URADE BILDING MATERIAL SUPLAYARS,Payment In-Progress,49000
2474,Madhya Pradesh,Construction of rooms and halls in school and colleges,WS/MP18098/2026-2027/261046,BALAGHAT(DISTRICT COLLECTOR BALAGHAT_IDA),BHARTI PARDHI,BALAGHAT,18-Aug-26,ASHISH KUMAR JAISWAL,Payment In-Progress,22050
2475,Uttarakhand,"Construction of roads, link roads, pathways or any other road with or without drainage system",WS/MP021/2026-2027/262617,NAINITAL(DISTRICT MAGISTRATE NAINITAL_IDA),Ajay Bhatt,NAINITAL UDHAM SINGH NAG.,20-Aug-26,Nityanand Palariya,Payment In-Progress,100000
2476,Odisha,Construction of rooms and halls in school and colleges,WS/MP18139/2025-2026/202516,Baragada(DISTRICT COLLECTOR BARAGARH_IDA),PRADEEP PUROHIT,BARGARH,12-Aug-26,B D O BIJEPUR,Payment In-Progress,476000
2477,Gujarat,Construction of community centers and community halls,WS/MP18321/2024-2025/152559,ARVALLI(DISTRICT COLLECTOR ARVALLI_IDA),SHOBHANABEN MAHENDRASINH BARAIYA,SABARKANTHA,25-Aug-26,UNDVA GRAM PANCHAYAT,Payment In-Progress,500000
2478,Uttar Pradesh,"Construction of roads, link roads, pathways or any other road with or without drainage system",WS/MP490/2025-2026/241134,VARANASI(DISTRICT MAGISTRAE VARANASI_IDA),Shri Narendra Modi,VARANASI,19-Aug-26,KAVYASHREE ENTERPRISES,Payment In-Progress,194110
2479,Gujarat,Construction of boundary walls of existing public and community buildings,WS/MP18321/2025-2026/203261,ARVALLI(DISTRICT COLLECTOR ARVALLI_IDA),SHOBHANABEN MAHENDRASINH BARAIYA,SABARKANTHA,25-Aug-26,KALIYAKUVA GRAM PANCHAYAT,Payment In-Progress,500000
2480,Karnataka,Construction of buildings for community cultural activities,WS/MP18077/2026-2027/192612,BELAGAVI(DEPUTY COMMISSIONER BELGAUM_IDA),JAGADISH SHETTAR,BELGAUM,12-Aug-26,VINAYAK TAMMANACHE,Payment In-Progress,375000
2481,Haryana,"Construction of roads, link roads, pathways or any other road with or without drainage system",WS/MP18060/2025-2026/227228,AMBALA(DEPUTY COMMISSIONER AMBALA_IDA),VARUN CHAUDHRY,AMBALA (SC),17-Aug-26,The sachdeva Co operative labour and Construction,Payment In-Progress,535102
2482,Karnataka,Construction of buildings for community cultural activities,WS/MP18077/2026-2027/209875,BELAGAVI(DEPUTY COMMISSIONER BELGAUM_IDA),JAGADISH SHETTAR,BELGAUM,13-Aug-26,UMESH AJJAPPA GANGANI,Payment In-Progress,750000
2483,Gujarat,Construction of buildings for community cultural activities,WS/MP584/2025-2026/216917,KACHCHH(DISTRICT COLLECTOR KUTCH_IDA),Vinod Chavda,KACHCHH(SC),12-Aug-26,MORAGAR JUTH GRAM PANCHAYAT,Payment In-Progress,400000
2484,Rajasthan,Construction of community centers and community halls,WS/MP719/2025-2026/230890,AJMER(DISTRICT COLLECTOR AJMER_IDA),Bhagirath Chaudhary,AJMER,18-Aug-26,Rasida,Payment In-Progress,3705
2485,Rajasthan,Construction of community centers and community halls,WS/MP719/2025-2026/230890,AJMER(DISTRICT COLLECTOR AJMER_IDA),Bhagirath Chaudhary,AJMER,18-Aug-26,suleman,Payment In-Progress,3600
2486,Rajasthan,Construction of community centers and community halls,WS/MP719/2025-2026/230890,AJMER(DISTRICT COLLECTOR AJMER_IDA),Bhagirath Chaudhary,AJMER,18-Aug-26,MADHURI,Payment In-Progress,3705
2487,Assam,Construction of boundary walls of existing public and community buildings,WS/MP538/2025-2026/224037,TAMULPUR(IDA Tamulpur),Dilip Saikia,Darrang-Udalguri,27-Aug-26,KAJIRAM SALOI HARDWARE,Payment In-Progress,200000
2488,Madhya Pradesh,Construction of rooms and halls in school and colleges,WS/MP18098/2026-2027/261046,BALAGHAT(DISTRICT COLLECTOR BALAGHAT_IDA),BHARTI PARDHI,BALAGHAT,18-Aug-26,SUSHIL TRADERS,Payment In-Progress,49742
2489,Madhya Pradesh,Construction of common work sheds/ common covered sitting area,WS/MP18104/2026-2027/285646,NARMADAPURAM(DISTRICT COLLECTOR NARMADAPURAM_IDA),DARSHAN SINGH CHOUDHARY,HOSHANGABAD,25-Aug-26,Sarpanch Gram Panchayat Somalwada,Payment In-Progress,50000
2490,Tamil Nadu,Construction of boundary walls of existing public and community buildings,WS/MP18179/2025-2026/261581,THANJAVUR(DISTRICT COLLECTOR THANJAVUR_IDA),SUDHA R,MAYILADUTHURAI,18-Aug-26,Umamaheshwari J,Payment In-Progress,519506
2491,West Bengal,Purchase of non-conventional energy system and devices for community use,WS/MP18245/2026-2027/245368,HOOGHLY(DISTRICT MAGISTRATE HOOGHLY_IDA),BAG MITALI,ARAMBAG(SC),13-Aug-26,SIBSANKAR CHOWDHURY,Payment In-Progress,1299000
2492,Chhattisgarh,Construction of community centers and community halls,WS/MP18278/2025-2026/225783,JANJGIR-CHAMPA(DISTRICT COLLECTOR JANJGIR CHAMPA_IDA),KAMLESH JANGDE,JANJGIR CHAMPA(SC),27-Aug-26,Arjun civil works,Payment In-Progress,535714
2493,Chhattisgarh,Construction of boundary walls of existing public and community buildings,WS/MP18278/2025-2026/246689,JANJGIR-CHAMPA(DISTRICT COLLECTOR JANJGIR CHAMPA_IDA),KAMLESH JANGDE,JANJGIR CHAMPA(SC),27-Aug-26,Arjun civil works,Payment In-Progress,178571
2494,Karnataka,Lighting of public spaces,WS/MP18081/2026-2027/164572,CHIKKABALLAPURA(DEPUTY COMMISSIONER CHICKKABALLAPUR_IDA),DR.K.SUDHAKAR,CHIKBALLAPUR,27-Aug-26,Suryanarayana Bagepalli,Payment In-Progress,125000
2495,Haryana,"Construction of roads, link roads, pathways or any other road with or without drainage system",WS/MP18060/2025-2026/227227,AMBALA(DEPUTY COMMISSIONER AMBALA_IDA),VARUN CHAUDHRY,AMBALA (SC),17-Aug-26,Saurabh Verma,Payment In-Progress,465268
2496,Rajasthan,Construction of water tanks,WS/MP18170/2025-2026/168850,SIKAR(DISTRICT COLLECTOR SIKAR_IDA),AMRARAM,SIKAR,15-Aug-26,VIVIKSHA CHOUDHARY,Payment In-Progress,1995
2497,Gujarat,"Construction of roads, link roads, pathways or any other road with or without drainage system",WS/MP574/2026-2027/273238,PATAN(DISTRICT COLLECTOR PATAN_IDA),Bharatsinhji Shankarji Dabhi,PATAN,20-Aug-26,RAVIYANA GRAM PANCHAYAT,Payment In-Progress,500000
2498,Rajasthan,Construction of water tanks,WS/MP18170/2025-2026/168850,SIKAR(DISTRICT COLLECTOR SIKAR_IDA),AMRARAM,SIKAR,15-Aug-26,SURENDR KUMAR,Payment In-Progress,6125
2499,Gujarat,Construction of water tanks,WS/MP18055/2025-2026/181555,PANCH MAHALS(DISTRICT COLLECTOR PANCHMAHALS_IDA),RAJPALSINH MAHENDRASINH JADAV,PANCHMAHAL,29-Aug-26,GRAM PANCHAYAT TAJPUR CHHIPA,Payment In-Progress,100000
2500,Odisha,Construction of public libraries and reading rooms,WS/MP300/2026-2027/160843,KHORDHA(DISTRICT COLLECTOR KHORDHA_IDA),Smt Aparajita Sarangi,BHUBANESWAR,19-Aug-26,RANJAN SAMANTARAY,Payment In-Progress,500000
2501,Uttar Pradesh,"Purchase of prosthetics, wheel chairs, tricycles (manual or motorized), elect scooties, hearing aids",WS/MP18205/2026-2027/258546,BALLIA(DISTRICT MAGISTRAE BALLIA_IDA),SANATAN PANDEY,BALLIA,14-Aug-26,UNIQUE TECHNO SOLUTIONS PVT LTD,Payment In-Progress,200000
2502,Karnataka,Lighting of public spaces,WS/MP18079/2025-2026/176761,BIDAR(DEPUTY COMMISSIONER BIDAR_IDA),SAGAR ESHWAR KHANDRE,BIDAR,20-Aug-26,PANDIT,Payment In-Progress,187500
2503,Karnataka,Lighting of public spaces,WS/MP18079/2025-2026/210160,BIDAR(DEPUTY COMMISSIONER BIDAR_IDA),SAGAR ESHWAR KHANDRE,BIDAR,20-Aug-26,PANDIT,Payment In-Progress,187500
2504,Haryana,Construction of community centers and community halls,WS/MP18067/2026-2027/267144,JIND(DEPUTY COMMISSIONER JIND),SATPAL BRAHAMCHARI,SONEPAT,25-Aug-26,SUNIL KUMAR,Payment In-Progress,500000
2505,Karnataka,Construction of buildings for community cultural activities,WS/MP18077/2026-2027/209911,BELAGAVI(DEPUTY COMMISSIONER BELGAUM_IDA),JAGADISH SHETTAR,BELGAUM,14-Aug-26,LINGANANDA TALAWAR URF HANCHINAMANI,Payment In-Progress,375000
2506,Maharashtra,"Construction of roads, link roads, pathways or any other road with or without drainage system",WS/MP672/2026-2027/272114,NAGPUR(DISTRICT COLLECTOR NAGPUR_IDA),Nitin Jairam Gadkari,NAGPUR,21-Aug-26,Shubham Bhure,Payment In-Progress,947858
2507,Maharashtra,Construction of footpaths and pedestrian ways,WS/MP672/2026-2027/272117,NAGPUR(DISTRICT COLLECTOR NAGPUR_IDA),Nitin Jairam Gadkari,NAGPUR,24-Aug-26,Shubham Bhure,Payment In-Progress,944440
2508,Maharashtra,Providing drains and gutters for public drainage,WS/MP672/2026-2027/272115,NAGPUR(DISTRICT COLLECTOR NAGPUR_IDA),Nitin Jairam Gadkari,NAGPUR,24-Aug-26,Vstone Infrastructure,Payment In-Progress,943418
2509,Maharashtra,Providing drains and gutters for public drainage,WS/MP672/2026-2027/272113,NAGPUR(DISTRICT COLLECTOR NAGPUR_IDA),Nitin Jairam Gadkari,NAGPUR,24-Aug-26,Vstone Infrastructure,Payment In-Progress,943153
2510,Rajasthan,Development of playground,WS/MP18164/2025-2026/259491,GANGANAGAR(Zilla GANGANAGAR),KULDEEP INDORA,GANGANAGAR(SC),26-Aug-26,KANWAR PAL SINGH,Payment In-Progress,3705
2511,Andhra Pradesh,Installing tube-wells and borewells,WS/MP18004/2025-2026/272423,Alluri Sitharama Raju(DISTRICT COLLECTOR ALLURI SITHARAMARAJU_IDA),Gumma Thanuja Rani,ARAKU(ST),24-Aug-26,V N Chaitanya,Payment In-Progress,498077
2512,Rajasthan,Construction of community centers and community halls,WS/MP18162/2025-2026/178543,Shahpura(DISTRICT COLLECTOR Shahpura_IDA),DAMODAR AGARWAL,BHILWARA,24-Aug-26,Prem Balai,Payment In-Progress,12750
2513,Rajasthan,Construction of community centers and community halls,WS/MP18162/2025-2026/178543,Shahpura(DISTRICT COLLECTOR Shahpura_IDA),DAMODAR AGARWAL,BHILWARA,24-Aug-26,Shankar Lal,Payment In-Progress,18750
2514,Rajasthan,Construction of community centers and community halls,WS/MP18162/2025-2026/178543,Shahpura(DISTRICT COLLECTOR Shahpura_IDA),DAMODAR AGARWAL,BHILWARA,24-Aug-26,Kanku  Balai,Payment In-Progress,16000
2515,Rajasthan,Construction of community centers and community halls,WS/MP18162/2025-2026/178543,Shahpura(DISTRICT COLLECTOR Shahpura_IDA),DAMODAR AGARWAL,BHILWARA,24-Aug-26,Dhishu  Balai,Payment In-Progress,6500
2516,Rajasthan,Construction of community centers and community halls,WS/MP18162/2025-2026/178543,Shahpura(DISTRICT COLLECTOR Shahpura_IDA),DAMODAR AGARWAL,BHILWARA,24-Aug-26,Devkaran  Balai,Payment In-Progress,9750
2517,Rajasthan,Construction of rooms and halls in school and colleges,WS/MP728/2025-2026/193524,CHURU(DISTRICT COLLECTOR CHURU_IDA),Rahul Kaswan,CHURU,21-Aug-26,As Group,Payment In-Progress,690122
2518,Madhya Pradesh,"Construction of roads, link roads, pathways or any other road with or without drainage system","WS/	 MP644/2026-2027/287554",REWA(DISTRICT COLLECTOR REWA_IDA),Janardan Mishra,REWA,20-Aug-26,GP KATKI,Payment In-Progress,300000
2519,Madhya Pradesh,Improvement of electricity distribution infrastructure,WS/MP360/2026-2027/295381,RATLAM(District Collector Ratlam_IDA),Shri Anil Firojiya,UJJAIN(SC),17-Aug-26,EE MPPKVVCL MANDSAUR   AE MPPKVVCL RATLAM,Payment In-Progress,1672640
2520,Assam,Construction of boundary walls of existing public and community buildings,WS/MP18022/2026-2027/268343,DIBRUGARH(DEPUTY COMMISSIONER DIBRUGARH_IDA),Shri Sarbananda Sonowal (18LS),DIBRUGARH,18-Aug-26,PABITRA HANDIQUE,Payment In-Progress,290210
2521,Gujarat,Construction of rooms and halls in school and colleges,WS/MP18055/2025-2026/220478,PANCH MAHALS(DISTRICT COLLECTOR PANCHMAHALS_IDA),RAJPALSINH MAHENDRASINH JADAV,PANCHMAHAL,14-Aug-26,sarpanch Gram panchayat khojalvasa,Payment In-Progress,495000
2522,Madhya Pradesh,Construction of rooms and halls in school and colleges,WS/MP18098/2026-2027/261046,BALAGHAT(DISTRICT COLLECTOR BALAGHAT_IDA),BHARTI PARDHI,BALAGHAT,18-Aug-26,gram bharti balaghat,Payment In-Progress,101275
2523,Madhya Pradesh,Construction of rooms and halls in school and colleges,WS/MP18098/2026-2027/261046,BALAGHAT(DISTRICT COLLECTOR BALAGHAT_IDA),BHARTI PARDHI,BALAGHAT,18-Aug-26,gram bharti balaghat,Payment In-Progress,39011
2524,Odisha,"Construction of roads, link roads, pathways or any other road with or without drainage system",WS/MP18350/2025-2026/182265,BOUDH(District Collector Boudh_IDA),SUKANTA KUMAR PANIGRAHI,KANDHAMAL,17-Aug-26,BDO KANTAMAL MPLAD,Payment In-Progress,26974
2525,Rajasthan,Development of playground,WS/MP18164/2025-2026/259491,GANGANAGAR(Zilla GANGANAGAR),KULDEEP INDORA,GANGANAGAR(SC),26-Aug-26,OMPRAKASH,Payment In-Progress,9100
2526,Rajasthan,Development of playground,WS/MP18164/2025-2026/259491,GANGANAGAR(Zilla GANGANAGAR),KULDEEP INDORA,GANGANAGAR(SC),26-Aug-26,SHANTI DEVI,Payment In-Progress,3705
2527,Rajasthan,Development of playground,WS/MP18164/2025-2026/259491,GANGANAGAR(Zilla GANGANAGAR),KULDEEP INDORA,GANGANAGAR(SC),26-Aug-26,DEEPCHAND,Payment In-Progress,9100
2528,Rajasthan,Development of playground,WS/MP18164/2025-2026/259491,GANGANAGAR(Zilla GANGANAGAR),KULDEEP INDORA,GANGANAGAR(SC),26-Aug-26,DEVI LAL,Payment In-Progress,9100
2529,Rajasthan,Development of playground,WS/MP18164/2025-2026/259491,GANGANAGAR(Zilla GANGANAGAR),KULDEEP INDORA,GANGANAGAR(SC),26-Aug-26,KHETA RAM,Payment In-Progress,9100
2530,Rajasthan,Development of playground,WS/MP18164/2025-2026/259491,GANGANAGAR(Zilla GANGANAGAR),KULDEEP INDORA,GANGANAGAR(SC),26-Aug-26,CHANDERKALA,Payment In-Progress,3705
2531,Rajasthan,Development of playground,WS/MP18164/2025-2026/259491,GANGANAGAR(Zilla GANGANAGAR),KULDEEP INDORA,GANGANAGAR(SC),26-Aug-26,MANJU,Payment In-Progress,3705
2532,Rajasthan,Development of playground,WS/MP18164/2025-2026/259491,GANGANAGAR(Zilla GANGANAGAR),KULDEEP INDORA,GANGANAGAR(SC),26-Aug-26,SUMAN DEVI,Payment In-Progress,3990
2533,Rajasthan,Development of playground,WS/MP18164/2025-2026/259491,GANGANAGAR(Zilla GANGANAGAR),KULDEEP INDORA,GANGANAGAR(SC),24-Aug-26,BRAHMA DEVI,Payment In-Progress,3990
2534,Rajasthan,Development of playground,WS/MP18164/2025-2026/259491,GANGANAGAR(Zilla GANGANAGAR),KULDEEP INDORA,GANGANAGAR(SC),26-Aug-26,AATMA RAM,Payment In-Progress,9100
2535,Rajasthan,Development of playground,WS/MP18164/2025-2026/259491,GANGANAGAR(Zilla GANGANAGAR),KULDEEP INDORA,GANGANAGAR(SC),26-Aug-26,MAINA DEVI,Payment In-Progress,3990
2536,Rajasthan,Development of playground,WS/MP18164/2025-2026/259491,GANGANAGAR(Zilla GANGANAGAR),KULDEEP INDORA,GANGANAGAR(SC),26-Aug-26,PREM KUMAR,Payment In-Progress,3990
2537,Rajasthan,Development of playground,WS/MP18164/2025-2026/259491,GANGANAGAR(Zilla GANGANAGAR),KULDEEP INDORA,GANGANAGAR(SC),26-Aug-26,RADHESHYAM,Payment In-Progress,9100
2538,Rajasthan,Development of playground,WS/MP18164/2025-2026/259491,GANGANAGAR(Zilla GANGANAGAR),KULDEEP INDORA,GANGANAGAR(SC),26-Aug-26,CHOTU SINGH,Payment In-Progress,9100
2539,Madhya Pradesh,Construction of buildings for community cultural activities,WS/MP638/2024-2025/152420,TIKAMGARH(DISTRICT COLLECTOR TIKAMGARH_IDA),Virendra Kumar,TIKAMGARH(SC),18-Aug-26,JAIN SONS TRADERS,Payment In-Progress,600000
2540,Karnataka,Construction of rooms and halls in school and colleges,WS/MP623/2026-2027/213001,VIJAYAPURA(DEPUTY COMMISSIONER BIJAPUR_IDA),Ramesh Chandappa Jigajinagi,BIJAPUR(SC),27-Aug-26,SATWIK SHEELAVANT,Payment In-Progress,377250
2541,Karnataka,Construction of community centers and community halls,WS/MP618/2025-2026/208726,BAGALKOTE(DEPUTY COMMISSIONER BAGALKOT_IDA),Parvatagouda Chandanagouda Gaddigoudar,BAGALKOT,24-Aug-26,SHIVARAJ DYAVAPPA DANDIN,Payment In-Progress,375000
2542,Karnataka,Construction of community centers and community halls,WS/MP18082/2026-2027/187503,TUMAKURU(DEPUTY COMMISSIONER TUMKUR_IDA),GOVIND MAKTHAPPA KARJOL,CHITRADURGA(SC),17-Aug-26,KIRAN GOWDA,Payment In-Progress,499319
2543,Karnataka,Construction of community centers and community halls,WS/MP18082/2026-2027/187505,TUMAKURU(DEPUTY COMMISSIONER TUMKUR_IDA),GOVIND MAKTHAPPA KARJOL,CHITRADURGA(SC),17-Aug-26,KIRAN GOWDA,Payment In-Progress,499863
2544,Madhya Pradesh,"Construction of roads, link roads, pathways or any other road with or without drainage system","WS/	 MP644/2026-2027/289040",REWA(DISTRICT COLLECTOR REWA_IDA),Janardan Mishra,REWA,21-Aug-26,GP CHANDEH,Payment In-Progress,375000
2545,Punjab,"Construction of roads, link roads, pathways or any other road with or without drainage system",WS/MP716/2025-2026/203944,BATHINDA(DEPUTY COMMISSIONER BHATINDA_IDA),Smt Harsimrat Kaur Badal,BHATINDA,21-Aug-26,Sagandeep Singh,Payment In-Progress,17468
2546,Punjab,"Construction of roads, link roads, pathways or any other road with or without drainage system",WS/MP716/2025-2026/203943,BATHINDA(DEPUTY COMMISSIONER BHATINDA_IDA),Smt Harsimrat Kaur Badal,BHATINDA,21-Aug-26,Sagandeep Singh,Payment In-Progress,44464
2547,Puducherry,"Construction of roads, link roads, pathways or any other road with or without drainage system",WS/MP710/2026-2027/196131,Puducherry(PROJECT DIRECTOR RDA PUDUCHERRY_IDA),Vaithilingam Ve,Puducherry,18-Aug-26,MR RAJESWARAN LOHIYADASAN,Payment In-Progress,2214985
2548,Gujarat,Construction of common work sheds/ common covered sitting area,WS/MP579/2025-2026/162828,ANAND(District Collector ANAND_IDA),Mitesh Rameshbhai Bakabhai Patel,ANAND,18-Aug-26,GRAM PANCHAYAT SARDARPURA,Payment In-Progress,274825
2549,Odisha,Construction of community centers and community halls,WS/MP373/2025-2026/249707,BALANGIR(DISTRICT COLLECTOR BOLANGIR_IDA),Smt Sangeeta Kumari Singh Deo,BOLANGIR,21-Aug-26,MADHUSUDAN BANCHHOR,Payment In-Progress,300000
2550,Madhya Pradesh,Construction of common work sheds/ common covered sitting area,WS/MP18102/2026-2027/286998,DHAR(DISTRICT COLLECTOR DHAR_IDA),SAVITRI THAKUR,DHAR(ST),27-Aug-26,Gram Panchayat Kapasthal janpad Panchayat sardarpur,Payment In-Progress,250000
2551,Odisha,Construction of public libraries and reading rooms,WS/MP300/2026-2027/160837,KHORDHA(DISTRICT COLLECTOR KHORDHA_IDA),Smt Aparajita Sarangi,BHUBANESWAR,19-Aug-26,NIRANJAN BEHERA,Payment In-Progress,343326
2552,Uttar Pradesh,"Construction of roads, link roads, pathways or any other road with or without drainage system",WS/MP18345/2026-2027/216767,KANNAUJ(DISTRICT MAGISTRATE KANNAUJ_IDA),AKHILESH YADAV,KANNAUJ,27-Aug-26,S R V ENTERPRISES,Payment In-Progress,894547
2553,Punjab,Construction of community centers and community halls,WS/MP18311/2025-2026/272271,RUPNAGAR(DEPUTY COMMISSIONER ROOPNAGAR_IDA),MALVINDER SINGH KANG,ANANDPUR SAHIB,28-Aug-26,SB TRADERS FABRICATIONS,Payment In-Progress,32672
2554,Punjab,Construction of additional rooms and halls in the existing public and community building,WS/MP18314/2025-2026/256967,BARNALA(DEPUTY COMMISSIONER BARNALA_IDA),GURMEET SINGH MEET HAYER,SANGRUR,26-Aug-26,Lakhvir Kaur Sarpanch,Payment In-Progress,10000
2555,Punjab,Construction of additional rooms and halls in the existing public and community building,WS/MP18314/2025-2026/256967,BARNALA(DEPUTY COMMISSIONER BARNALA_IDA),GURMEET SINGH MEET HAYER,SANGRUR,26-Aug-26,Lakhvir Kaur Sarpanch,Payment In-Progress,12936
2556,Punjab,Construction of additional rooms and halls in the existing public and community building,WS/MP18314/2025-2026/256967,BARNALA(DEPUTY COMMISSIONER BARNALA_IDA),GURMEET SINGH MEET HAYER,SANGRUR,26-Aug-26,Lakhvir Kaur Sarpanch,Payment In-Progress,18082
2557,Punjab,Construction of community centers and community halls,WS/MP18311/2025-2026/272271,RUPNAGAR(DEPUTY COMMISSIONER ROOPNAGAR_IDA),MALVINDER SINGH KANG,ANANDPUR SAHIB,28-Aug-26,Kang Iron Cement Store,Payment In-Progress,232828
2558,Odisha,"Construction of roads, link roads, pathways or any other road with or without drainage system",WS/MP18350/2025-2026/182265,BOUDH(District Collector Boudh_IDA),SUKANTA KUMAR PANIGRAHI,KANDHAMAL,17-Aug-26,DMF BOUDH,Payment In-Progress,765
2559,Maharashtra,Construction of common work sheds/ common covered sitting area,WS/MP692/2026-2027/290006,PUNE(DISTRICT COLLECTOR PUNE_IDA),Smt Supriya Sadanand Sule,BARAMATI,28-Aug-26,SAMARTHA ENTERPRISES,Payment In-Progress,996501
2560,Maharashtra,"Construction of roads, link roads, pathways or any other road with or without drainage system",WS/MP692/2026-2027/183341,PUNE(DISTRICT COLLECTOR PUNE_IDA),Smt Supriya Sadanand Sule,BARAMATI,28-Aug-26,SAMARTHA ENTERPRISES,Payment In-Progress,998723
2561,Gujarat,Installing tube-wells and borewells,WS/MP578/2025-2026/224056,NARMADA(DISTRICT COLLECTOR NARMADA_IDA),Mansukhbhai Dhanjibhai Vasava,BHARUCH,24-Aug-26,KHOKHARAUMAR GROUP GRAM PANCHAYAT,Payment In-Progress,100000
2562,Andhra Pradesh,"Construction of roads, link roads, pathways or any other road with or without drainage system",WS/MP18005/2025-2026/235659,Bapatla(DISTRICT COLLECTOR BAPATLA_IDA),Krishna Prasad Tenneti,BAPATLA,18-Aug-26,KATTA PRASANNA KUMAR,Payment In-Progress,999468
2563,Haryana,"Construction of roads, link roads, pathways or any other road with or without drainage system",WS/MP18067/2025-2026/214191,SONIPAT(DEPUTY COMMISSIONER SONEPAT_IDA),SATPAL BRAHAMCHARI,SONEPAT,18-Aug-26,The Devi Luxmi Co Operative Labour and Construction Society Limited,Payment In-Progress,285506
2564,Haryana,"Construction of roads, link roads, pathways or any other road with or without drainage system",WS/MP18067/2025-2026/196252,SONIPAT(DEPUTY COMMISSIONER SONEPAT_IDA),SATPAL BRAHAMCHARI,SONEPAT,18-Aug-26,The Devi Luxmi Co Operative Labour and Construction Society Limited,Payment In-Progress,693442
2565,Uttar Pradesh,Lighting of public spaces,WS/MP18227/2025-2026/271969,AZAMGARH(DISTRICT MAGISTRATE AZAMGARH_IDA),DAROGA PRASAD SAROJ,LALGANJ (SC),21-Aug-26,Krishna Kumar Contractor,Payment In-Progress,260974
2566,Uttar Pradesh,Lighting of public spaces,WS/MP18227/2025-2026/271970,AZAMGARH(DISTRICT MAGISTRATE AZAMGARH_IDA),DAROGA PRASAD SAROJ,LALGANJ (SC),21-Aug-26,Krishna Kumar Contractor,Payment In-Progress,260974
2567,Uttar Pradesh,Lighting of public spaces,WS/MP18227/2025-2026/271971,AZAMGARH(DISTRICT MAGISTRATE AZAMGARH_IDA),DAROGA PRASAD SAROJ,LALGANJ (SC),21-Aug-26,Krishna Kumar Contractor,Payment In-Progress,260974
2568,Uttar Pradesh,Lighting of public spaces,WS/MP18227/2025-2026/271972,AZAMGARH(DISTRICT MAGISTRATE AZAMGARH_IDA),DAROGA PRASAD SAROJ,LALGANJ (SC),21-Aug-26,Krishna Kumar Contractor,Payment In-Progress,260974
2569,Uttar Pradesh,Lighting of public spaces,WS/MP18227/2025-2026/271973,AZAMGARH(DISTRICT MAGISTRATE AZAMGARH_IDA),DAROGA PRASAD SAROJ,LALGANJ (SC),21-Aug-26,Krishna Kumar Contractor,Payment In-Progress,260974
2570,Uttar Pradesh,Lighting of public spaces,WS/MP18227/2025-2026/271974,AZAMGARH(DISTRICT MAGISTRATE AZAMGARH_IDA),DAROGA PRASAD SAROJ,LALGANJ (SC),21-Aug-26,Krishna Kumar Contractor,Payment In-Progress,260974
2571,Uttar Pradesh,Lighting of public spaces,WS/MP18227/2025-2026/271975,AZAMGARH(DISTRICT MAGISTRATE AZAMGARH_IDA),DAROGA PRASAD SAROJ,LALGANJ (SC),21-Aug-26,Krishna Kumar Contractor,Payment In-Progress,260974
2572,Uttar Pradesh,Lighting of public spaces,WS/MP18227/2025-2026/271976,AZAMGARH(DISTRICT MAGISTRATE AZAMGARH_IDA),DAROGA PRASAD SAROJ,LALGANJ (SC),21-Aug-26,Krishna Kumar Contractor,Payment In-Progress,260974
2573,Uttar Pradesh,Lighting of public spaces,WS/MP18227/2025-2026/271977,AZAMGARH(DISTRICT MAGISTRATE AZAMGARH_IDA),DAROGA PRASAD SAROJ,LALGANJ (SC),21-Aug-26,Krishna Kumar Contractor,Payment In-Progress,260974
2574,Uttar Pradesh,Lighting of public spaces,WS/MP18227/2025-2026/271978,AZAMGARH(DISTRICT MAGISTRATE AZAMGARH_IDA),DAROGA PRASAD SAROJ,LALGANJ (SC),21-Aug-26,Krishna Kumar Contractor,Payment In-Progress,260974
2575,Uttar Pradesh,Lighting of public spaces,WS/MP18227/2025-2026/271979,AZAMGARH(DISTRICT MAGISTRATE AZAMGARH_IDA),DAROGA PRASAD SAROJ,LALGANJ (SC),21-Aug-26,Krishna Kumar Contractor,Payment In-Progress,260974
2576,Uttar Pradesh,Lighting of public spaces,WS/MP18227/2025-2026/271980,AZAMGARH(DISTRICT MAGISTRATE AZAMGARH_IDA),DAROGA PRASAD SAROJ,LALGANJ (SC),21-Aug-26,Krishna Kumar Contractor,Payment In-Progress,260974
2577,Uttar Pradesh,Lighting of public spaces,WS/MP18227/2025-2026/271981,AZAMGARH(DISTRICT MAGISTRATE AZAMGARH_IDA),DAROGA PRASAD SAROJ,LALGANJ (SC),21-Aug-26,Krishna Kumar Contractor,Payment In-Progress,260974
2578,Uttar Pradesh,Lighting of public spaces,WS/MP18227/2025-2026/271982,AZAMGARH(DISTRICT MAGISTRATE AZAMGARH_IDA),DAROGA PRASAD SAROJ,LALGANJ (SC),21-Aug-26,Krishna Kumar Contractor,Payment In-Progress,260974
2579,Uttar Pradesh,Lighting of public spaces,WS/MP18227/2025-2026/271983,AZAMGARH(DISTRICT MAGISTRATE AZAMGARH_IDA),DAROGA PRASAD SAROJ,LALGANJ (SC),21-Aug-26,Krishna Kumar Contractor,Payment In-Progress,260974
2580,Uttar Pradesh,Lighting of public spaces,WS/MP18227/2025-2026/271984,AZAMGARH(DISTRICT MAGISTRATE AZAMGARH_IDA),DAROGA PRASAD SAROJ,LALGANJ (SC),21-Aug-26,Krishna Kumar Contractor,Payment In-Progress,260974
2581,Uttar Pradesh,Lighting of public spaces,WS/MP18227/2025-2026/271985,AZAMGARH(DISTRICT MAGISTRATE AZAMGARH_IDA),DAROGA PRASAD SAROJ,LALGANJ (SC),21-Aug-26,Krishna Kumar Contractor,Payment In-Progress,260974
2582,Uttar Pradesh,Lighting of public spaces,WS/MP18227/2025-2026/271986,AZAMGARH(DISTRICT MAGISTRATE AZAMGARH_IDA),DAROGA PRASAD SAROJ,LALGANJ (SC),21-Aug-26,Krishna Kumar Contractor,Payment In-Progress,260974
2583,Uttar Pradesh,Lighting of public spaces,WS/MP18227/2025-2026/271987,AZAMGARH(DISTRICT MAGISTRATE AZAMGARH_IDA),DAROGA PRASAD SAROJ,LALGANJ (SC),21-Aug-26,Krishna Kumar Contractor,Payment In-Progress,260974
2584,Uttar Pradesh,Lighting of public spaces,WS/MP18227/2025-2026/271988,AZAMGARH(DISTRICT MAGISTRATE AZAMGARH_IDA),DAROGA PRASAD SAROJ,LALGANJ (SC),21-Aug-26,Krishna Kumar Contractor,Payment In-Progress,260974
2585,Uttar Pradesh,Lighting of public spaces,WS/MP18227/2025-2026/271989,AZAMGARH(DISTRICT MAGISTRATE AZAMGARH_IDA),DAROGA PRASAD SAROJ,LALGANJ (SC),21-Aug-26,Krishna Kumar Contractor,Payment In-Progress,260974
2586,Uttar Pradesh,Lighting of public spaces,WS/MP18227/2025-2026/271990,AZAMGARH(DISTRICT MAGISTRATE AZAMGARH_IDA),DAROGA PRASAD SAROJ,LALGANJ (SC),21-Aug-26,Krishna Kumar Contractor,Payment In-Progress,260974
2587,Uttar Pradesh,Lighting of public spaces,WS/MP18227/2025-2026/271991,AZAMGARH(DISTRICT MAGISTRATE AZAMGARH_IDA),DAROGA PRASAD SAROJ,LALGANJ (SC),21-Aug-26,Krishna Kumar Contractor,Payment In-Progress,260974
2588,Uttar Pradesh,Lighting of public spaces,WS/MP18227/2025-2026/271992,AZAMGARH(DISTRICT MAGISTRATE AZAMGARH_IDA),DAROGA PRASAD SAROJ,LALGANJ (SC),21-Aug-26,Krishna Kumar Contractor,Payment In-Progress,260974
2589,Uttar Pradesh,Lighting of public spaces,WS/MP18227/2025-2026/271993,AZAMGARH(DISTRICT MAGISTRATE AZAMGARH_IDA),DAROGA PRASAD SAROJ,LALGANJ (SC),21-Aug-26,Krishna Kumar Contractor,Payment In-Progress,260974
2590,Uttar Pradesh,Lighting of public spaces,WS/MP18227/2025-2026/271994,AZAMGARH(DISTRICT MAGISTRATE AZAMGARH_IDA),DAROGA PRASAD SAROJ,LALGANJ (SC),21-Aug-26,Krishna Kumar Contractor,Payment In-Progress,260974
2591,Uttar Pradesh,Lighting of public spaces,WS/MP18227/2025-2026/271995,AZAMGARH(DISTRICT MAGISTRATE AZAMGARH_IDA),DAROGA PRASAD SAROJ,LALGANJ (SC),21-Aug-26,Krishna Kumar Contractor,Payment In-Progress,260974
2592,Uttar Pradesh,Lighting of public spaces,WS/MP18227/2025-2026/271996,AZAMGARH(DISTRICT MAGISTRATE AZAMGARH_IDA),DAROGA PRASAD SAROJ,LALGANJ (SC),21-Aug-26,Krishna Kumar Contractor,Payment In-Progress,260974
2593,Uttar Pradesh,Lighting of public spaces,WS/MP18227/2025-2026/271997,AZAMGARH(DISTRICT MAGISTRATE AZAMGARH_IDA),DAROGA PRASAD SAROJ,LALGANJ (SC),21-Aug-26,Krishna Kumar Contractor,Payment In-Progress,260974
2594,Madhya Pradesh,Construction of community centers and community halls,WS/MP18109/2026-2027/205624,SIDHI(DISTRICT COLLECTOR SIDHI_IDA),DR. RAJESH MISHRA,SIDHI,21-Aug-26,Sonu Singh,Payment In-Progress,249728
2595,Punjab,"Construction of roads, link roads, pathways or any other road with or without drainage system",WS/MP716/2025-2026/203945,BATHINDA(DEPUTY COMMISSIONER BHATINDA_IDA),Smt Harsimrat Kaur Badal,BHATINDA,21-Aug-26,Amir Khan,Payment In-Progress,10056
2596,Punjab,"Construction of roads, link roads, pathways or any other road with or without drainage system",WS/MP716/2025-2026/203945,BATHINDA(DEPUTY COMMISSIONER BHATINDA_IDA),Smt Harsimrat Kaur Badal,BHATINDA,21-Aug-26,Chidiya Khan,Payment In-Progress,10056
2597,Karnataka,Construction of buildings for community cultural activities,WS/MP18077/2026-2027/256261,BELAGAVI(DEPUTY COMMISSIONER BELGAUM_IDA),JAGADISH SHETTAR,BELGAUM,19-Aug-26,RAGHAVENDRA I NARAGATTI,Payment In-Progress,375000
2598,Telangana,Installing tube-wells and borewells,WS/MP18193/2025-2026/250168,MEDCHAL MALKAJGIRI(DISTRICT COLLECTOR MEDCHAL MALKAJGIRI_IDA),EATALA RAJENDER,MALKAJGIRI,19-Aug-26,Quality Contractors,Payment In-Progress,327469
2599,Karnataka,Construction of buildings for community cultural activities,WS/MP18077/2026-2027/256273,BELAGAVI(DEPUTY COMMISSIONER BELGAUM_IDA),JAGADISH SHETTAR,BELGAUM,19-Aug-26,BASAVARAJ MAHANTESH PATIL,Payment In-Progress,375000
2600,Andhra Pradesh,Construction of community centers and community halls,WS/MP18003/2025-2026/229779,Ananthapuramu(DISTRICT COLLECTOR ANANTAPUR_IDA),AMBICA G LAKSHMINARAYANA VALMIKI,ANANTAPUR,20-Aug-26,PUSALAPATI CHINNA KONDAIAH,Payment In-Progress,511985
2601,Rajasthan,Development of playground,WS/MP18164/2025-2026/259491,GANGANAGAR(Zilla GANGANAGAR),KULDEEP INDORA,GANGANAGAR(SC),26-Aug-26,JASAKARAN,Payment In-Progress,26531
2602,West Bengal,Setting up of kitchen and pantries,WS/MP829/2025-2026/206046,HOWRAH(DISTRICT MAGISTRATE HOWRAH_IDA),Smt Sajda Ahmed,ULUBERIA,19-Aug-26,RAHAMAN ENTERPRISE,Payment In-Progress,328709
2603,Gujarat,"Construction of roads, link roads, pathways or any other road with or without drainage system",WS/MP578/2025-2026/254137,NARMADA(DISTRICT COLLECTOR NARMADA_IDA),Mansukhbhai Dhanjibhai Vasava,BHARUCH,24-Aug-26,KEVDI GROUP GRAM PANCHAYAT,Payment In-Progress,200000
2604,Assam,Construction of community centers and community halls,WS/MP538/2025-2026/223632,TAMULPUR(IDA Tamulpur),Dilip Saikia,Darrang-Udalguri,24-Aug-26,DIPTI ENTERPRISE,Payment In-Progress,120703
2605,Odisha,"Construction of roads, link roads, pathways or any other road with or without drainage system",WS/MP453/2026-2027/270689,RAYAGADA(DISTRICT COLLECTOR RAYAGADA_IDA),Saptagiri Sankar Ulaka,KORAPUT(ST),20-Aug-26,Junior Engineer III,Payment In-Progress,250000
2606,Odisha,"Construction of roads, link roads, pathways or any other road with or without drainage system",WS/MP453/2026-2027/263161,RAYAGADA(DISTRICT COLLECTOR RAYAGADA_IDA),Saptagiri Sankar Ulaka,KORAPUT(ST),20-Aug-26,Junior Engineer III,Payment In-Progress,250000
2607,Karnataka,Crematoriums/energy efficient crematoriums or structures on burial/cremation ground,WS/MP18083/2026-2027/267996,DAKSHINA KANNADA(DEPUTY COMMISSIONER DAKSHIN KANNAD MANGALORE_IDA),CAPTAIN BRIJESH CHOWTA,DAKSHINA KANNADA,19-Aug-26,SHRAVAN KUMAR SHETTY,Payment In-Progress,499162
2608,Punjab,Crematoriums/energy efficient crematoriums or structures on burial/cremation ground,WS/MP18154/2026-2027/299572,GURDASPUR(DEPUTY COMMISSIONER GURDASPUR_IDA),SUKHJINDER SINGH RANDHAWA,GURDASPUR,27-Aug-26,Rajindera BKO,Payment In-Progress,319800
2609,Gujarat,Construction of community centers and community halls,WS/MP18056/2025-2026/232551,MORBI(District collector Morbi_IDA),PARSHOTTAMBHAI RUPALA,RAJKOT,21-Aug-26,Nanjibhai Devshibhai Makvana,Payment In-Progress,785489
2610,Gujarat,Construction of community centers and community halls,WS/MP18056/2025-2026/206243,MORBI(District collector Morbi_IDA),PARSHOTTAMBHAI RUPALA,RAJKOT,21-Aug-26,Nanjibhai Devshibhai Makvana,Payment In-Progress,384720
2611,Telangana,"Construction of roads, link roads, pathways or any other road with or without drainage system",WS/MP18189/2026-2027/261343,KHAMMAM(DISTRICT COLLECTOR KHAMMAM_IDA),RAMASAHAYAM RAGHURAM REDDY,KHAMMAM,24-Aug-26,Swarna Narendra Kumar,Payment In-Progress,498359
2612,Punjab,Crematoriums/energy efficient crematoriums or structures on burial/cremation ground,WS/MP18154/2026-2027/299572,GURDASPUR(DEPUTY COMMISSIONER GURDASPUR_IDA),SUKHJINDER SINGH RANDHAWA,GURDASPUR,27-Aug-26,KHEHRA TRADING COMPANY,Payment In-Progress,178830
2613,Gujarat,Fitting of Sitting RCC Benches in Public Places,WS/MP18054/2026-2027/244860,MAHESANA(DISTRICT COLLECTOR MAHESANA_IDA),HARIBHAI PATEL,MAHESANA,24-Aug-26,SIX FILTERS TECHNOLOGY,Payment In-Progress,56000
2614,Rajasthan,Construction of community centers and community halls,WS/MP18162/2025-2026/178543,Shahpura(DISTRICT COLLECTOR Shahpura_IDA),DAMODAR AGARWAL,BHILWARA,24-Aug-26,Sukhdev balai,Payment In-Progress,31000
2615,Andhra Pradesh,"Construction of roads, link roads, pathways or any other road with or without drainage system",WS/MP18004/2025-2026/197241,Parvathipuram Manyam(District Collector Parvathipuram Manyam_IDA),Gumma Thanuja Rani,ARAKU(ST),21-Aug-26,TAVITI NAIDU REDDY,Payment In-Progress,500000
2616,Rajasthan,Construction of bus-sheds or bus-stops,WS/MP389/2025-2026/213677,PALI(DISTRICT COLLECTOR PALI_IDA),Shri PP Chaudhary,PALI,27-Aug-26,SHRISHYAM ENTERPRISE,Payment In-Progress,412534
2617,Assam,Construction of community centers and community halls,WS/MP18025/2026-2027/230786,GOLAGHAT(Deputy Commissioner Golaghat_IDA),KAMAKHYA PRASAD TASA,Kaziranga,27-Aug-26,ANITA RAJPUT KUMAR,Payment In-Progress,310056
2618,Assam,Construction of public toilets and bathrooms,WS/MP18025/2025-2026/230634,GOLAGHAT(Deputy Commissioner Golaghat_IDA),KAMAKHYA PRASAD TASA,Kaziranga,28-Aug-26,ANITA RAJPUT KUMAR,Payment In-Progress,143084
2619,Gujarat,"Construction of roads, link roads, pathways or any other road with or without drainage system",WS/MP18321/2026-2027/276653,ARVALLI(DISTRICT COLLECTOR ARVALLI_IDA),SHOBHANABEN MAHENDRASINH BARAIYA,SABARKANTHA,21-Aug-26,JASVANTPURA GRAM PANCHAYAT,Payment In-Progress,200000
2620,Bihar,"Construction of roads, link roads, pathways or any other road with or without drainage system",WS/MP316/2025-2026/221396,SIWAN(DISTRICT PLANNING OFFICER SIWAN_IDA),Shri Janardan Singh Sigriwal,MAHARAJGANJ_BR,21-Aug-26,KUBER PRASAD,Payment In-Progress,796239
2621,Puducherry,"Construction of roads, link roads, pathways or any other road with or without drainage system",WS/MP710/2025-2026/149889,Puducherry(PROJECT DIRECTOR RDA PUDUCHERRY_IDA),Vaithilingam Ve,Puducherry,25-Aug-26,Anbarasan G,Payment In-Progress,1229867
2622,Tamil Nadu,Construction of buildings for community cultural activities,WS/MP18183/2025-2026/253716,THIRUVARUR(DISTRICT COLLECTOR THIRUVARUR_IDA),MURASOLI S,THANJAVUR,25-Aug-26,KARTHIK P,Payment In-Progress,576388
2623,Rajasthan,Construction of community centers and community halls,WS/MP18162/2025-2026/187418,Shahpura(DISTRICT COLLECTOR Shahpura_IDA),DAMODAR AGARWAL,BHILWARA,25-Aug-26,Shankar lal Gadri,Payment In-Progress,7410
2624,Rajasthan,Construction of community centers and community halls,WS/MP18162/2025-2026/187418,Shahpura(DISTRICT COLLECTOR Shahpura_IDA),DAMODAR AGARWAL,BHILWARA,25-Aug-26,Parmanand,Payment In-Progress,7410
2625,Rajasthan,Construction of community centers and community halls,WS/MP18162/2025-2026/187418,Shahpura(DISTRICT COLLECTOR Shahpura_IDA),DAMODAR AGARWAL,BHILWARA,25-Aug-26,Mahaveer Kumawat,Payment In-Progress,7410
2626,Rajasthan,Construction of community centers and community halls,WS/MP18162/2025-2026/187418,Shahpura(DISTRICT COLLECTOR Shahpura_IDA),DAMODAR AGARWAL,BHILWARA,25-Aug-26,Mahaveer Parsad Mali,Payment In-Progress,18400
2627,Rajasthan,Construction of community centers and community halls,WS/MP18162/2025-2026/187418,Shahpura(DISTRICT COLLECTOR Shahpura_IDA),DAMODAR AGARWAL,BHILWARA,25-Aug-26,Chotu Regar,Payment In-Progress,7410
2628,Odisha,Construction of community centers and community halls,WS/MP372/2025-2026/253239,Kataka(DISTRICT COLLECTOR CUTTACK_IDA),Shri Bhartruhari Mahtab,CUTTACK,28-Aug-26,SELMA EKKA,Payment In-Progress,400000
2629,Rajasthan,Construction of community centers and community halls,WS/MP18162/2025-2026/187418,Shahpura(DISTRICT COLLECTOR Shahpura_IDA),DAMODAR AGARWAL,BHILWARA,25-Aug-26,Badri Kumhar,Payment In-Progress,7410
2630,Rajasthan,Construction of community centers and community halls,WS/MP18162/2025-2026/187418,Shahpura(DISTRICT COLLECTOR Shahpura_IDA),DAMODAR AGARWAL,BHILWARA,25-Aug-26,Debi lal Gujar,Payment In-Progress,10400
2631,Rajasthan,Construction of community centers and community halls,WS/MP18162/2025-2026/187418,Shahpura(DISTRICT COLLECTOR Shahpura_IDA),DAMODAR AGARWAL,BHILWARA,25-Aug-26,Prahlad Kumawat,Payment In-Progress,7410
2632,Odisha,Construction of community centers and community halls,WS/MP300/2025-2026/226393,KHORDHA(DISTRICT COLLECTOR KHORDHA_IDA),Smt Aparajita Sarangi,BHUBANESWAR,25-Aug-26,BRAHMANANDA SAHOO,Payment In-Progress,692305
2633,Karnataka,"Construction of roads, link roads, pathways or any other road with or without drainage system",WS/MP18263/2026-2027/173834,CHIKKAMAGALURU(DEPUTY COMMISSIONER CHIKMAGALUR),KOTA SRINIVAS POOJARY,UDUPI CHIKMAGALUR,21-Aug-26,MANJUNATH M C,Payment In-Progress,198410
2634,Uttar Pradesh,Construction of rooms and halls in school and colleges,WS/MP18241/2026-2027/283169,SITAPUR(DISTRICT MAGISTRATE SITAPUR_IDA),RAKESH RATHOR,SITAPUR,21-Aug-26,MANAGER SAMITI BABURAM MUNNI DEVI BALIKA,Payment In-Progress,599975
2635,Punjab,Installing tube-wells and borewells,WS/MP18158/2026-2027/261347,PATIALA(DEPUTY COMMISSIONER PATIALA_IDA),DR DHARAMVIRA GANDHI,PATIALA,26-Aug-26,Mobera Singh,Payment In-Progress,47250
2636,Tamil Nadu,Construction of buildings for community cultural activities,WS/MP18312/2026-2027/181189,TIRUCHIRAPPALLI(DISTRICT COLLECTOR TIRUCHIRAPPALLI_IDA),DURAI VAIKO,TIRUCHIRAPPALLI,24-Aug-26,MS NS INFRA ENTERPRISES,Payment In-Progress,1697470
2637,Uttarakhand,Construction of common work sheds/ common covered sitting area,WS/MP021/2026-2027/268956,NAINITAL(DISTRICT MAGISTRATE NAINITAL_IDA),Ajay Bhatt,NAINITAL UDHAM SINGH NAG.,27-Aug-26,TIRLOCHAN,Payment In-Progress,10980
2638,Uttarakhand,Construction of common work sheds/ common covered sitting area,WS/MP021/2026-2027/268956,NAINITAL(DISTRICT MAGISTRATE NAINITAL_IDA),Ajay Bhatt,NAINITAL UDHAM SINGH NAG.,27-Aug-26,HARISH CHANDRA JOSHI,Payment In-Progress,10980
2639,Uttarakhand,Construction of common work sheds/ common covered sitting area,WS/MP021/2026-2027/268956,NAINITAL(DISTRICT MAGISTRATE NAINITAL_IDA),Ajay Bhatt,NAINITAL UDHAM SINGH NAG.,27-Aug-26,VINOD CHANDRA BHATT,Payment In-Progress,15150
2640,Uttarakhand,Construction of common work sheds/ common covered sitting area,WS/MP021/2026-2027/268956,NAINITAL(DISTRICT MAGISTRATE NAINITAL_IDA),Ajay Bhatt,NAINITAL UDHAM SINGH NAG.,27-Aug-26,HARISH CHANDRA BHATT,Payment In-Progress,15150
2641,Uttarakhand,Construction of common work sheds/ common covered sitting area,WS/MP021/2026-2027/268956,NAINITAL(DISTRICT MAGISTRATE NAINITAL_IDA),Ajay Bhatt,NAINITAL UDHAM SINGH NAG.,27-Aug-26,PAWAN BHATT,Payment In-Progress,10980
2642,Uttarakhand,Construction of common work sheds/ common covered sitting area,WS/MP021/2026-2027/268956,NAINITAL(DISTRICT MAGISTRATE NAINITAL_IDA),Ajay Bhatt,NAINITAL UDHAM SINGH NAG.,27-Aug-26,NAVEEN CHANDRA BHATT,Payment In-Progress,15150
2643,Uttarakhand,Construction of common work sheds/ common covered sitting area,WS/MP021/2026-2027/268956,NAINITAL(DISTRICT MAGISTRATE NAINITAL_IDA),Ajay Bhatt,NAINITAL UDHAM SINGH NAG.,27-Aug-26,BHARTI RAWAT,Payment In-Progress,8052
2644,Uttar Pradesh,"Construction of roads, link roads, pathways or any other road with or without drainage system",WS/MP18211/2025-2026/257772,DEORIA(DISTRICT MAGISTRATE DEORIA),SHASHANK MANI,DEORIA,24-Aug-26,Mahesh Shahi son of Tej Bahadur Shahi,Payment In-Progress,1227789
2645,Uttar Pradesh,"Construction of roads, link roads, pathways or any other road with or without drainage system",WS/MP18211/2025-2026/257773,DEORIA(DISTRICT MAGISTRATE DEORIA),SHASHANK MANI,DEORIA,24-Aug-26,RAKESH YADAV SON OF MAHANGU YADAV,Payment In-Progress,939599
2646,Odisha,Construction of public irrigation facilities,WS/MP18150/2026-2027/272770,SAMBALPUR(DISTRICT COLLECTOR SAMBALPUR_IDA),DHARMENDRA PRADHAN,SAMBALPUR,25-Aug-26,ROJALOIN BEHERA,Payment In-Progress,661978
2647,Tamil Nadu,Construction of bus-sheds or bus-stops,WS/MP394/2026-2027/247484,KANNIYAKUMARI(DISTRICT COLLECTOR KANNIYAKUMARI_IDA),Shri vijayakumar Vasanth,KANNIYAKUMARI,27-Aug-26,Rajive C K,Payment In-Progress,456779
2648,Himachal Pradesh,Development of public parks,WS/MP18328/2026-2027/272910,MANDI(DEPUTY COMMISSIONER MANDI_IDA),Kangana Ranaut,MANDI,29-Aug-26,Gram Panchayat Bhanthal,Payment In-Progress,400000
2649,Bihar,Construction of public toilets and bathrooms,WS/MP18367/2026-2027/274998,PURBI CHAMPARAN(DISTRICT PLANNING OFFICER MOTHIHARI EAST CHAMPARAN_IDA),LOVELY ANAND,SHEOHAR,24-Aug-26,BISHNU CONSTRUCTION,Payment In-Progress,497932
2650,Himachal Pradesh,"Construction of roads, link roads, pathways or any other road with or without drainage system",WS/MP18328/2026-2027/272766,MANDI(DEPUTY COMMISSIONER MANDI_IDA),Kangana Ranaut,MANDI,29-Aug-26,Gram Panchayat Pokhi,Payment In-Progress,50000
2651,Himachal Pradesh,"Construction of roads, link roads, pathways or any other road with or without drainage system",WS/MP18328/2026-2027/272607,MANDI(DEPUTY COMMISSIONER MANDI_IDA),Kangana Ranaut,MANDI,29-Aug-26,Gram Panchayat Pokhi,Payment In-Progress,50000
2652,Himachal Pradesh,"Construction of roads, link roads, pathways or any other road with or without drainage system",WS/MP18328/2026-2027/272608,MANDI(DEPUTY COMMISSIONER MANDI_IDA),Kangana Ranaut,MANDI,29-Aug-26,Gram Panchayat Pokhi,Payment In-Progress,100000
2653,Jammu And Kashmir,"Construction of roads, link roads, pathways or any other road with or without drainage system",WS/MP600/2026-2027/273887,KATHUA(DISTRICT DEVELOPMENT COMMISSIONER KATHUA_IDA),Jitendra Singh,UDHAMPUR,27-Aug-26,Chanchal Singh,Payment In-Progress,185900
2654,Uttar Pradesh,"Construction of roads, link roads, pathways or any other road with or without drainage system",WS/MP490/2025-2026/241234,VARANASI(DISTRICT MAGISTRAE VARANASI_IDA),Shri Narendra Modi,VARANASI,29-Aug-26,ADITYA ENTERPRISES,Payment In-Progress,299838
2655,Jammu And Kashmir,Crematoriums/energy efficient crematoriums or structures on burial/cremation ground,WS/MP600/2026-2027/273901,KATHUA(DISTRICT DEVELOPMENT COMMISSIONER KATHUA_IDA),Jitendra Singh,UDHAMPUR,27-Aug-26,Shankar Singh,Payment In-Progress,133700
2656,Chhattisgarh,Construction of rooms and halls in school and colleges,WS/MP18048/2026-2027/298600,Dakshin Bastar Dantewada(Collector Dantewada_IDA),MAHESH KASHYAP,BASTAR(ST),27-Aug-26,KHAND SHROT SAMANVAYAK SAMAGRA SIKSHA VIKASKHAND GEEDAM,Payment In-Progress,1250000
2657,Himachal Pradesh,Construction of boundary walls of existing public and community buildings,WS/MP18328/2026-2027/267699,MANDI(DEPUTY COMMISSIONER MANDI_IDA),Kangana Ranaut,MANDI,27-Aug-26,Gram Panchayat Hataun,Payment In-Progress,100000
2658,West Bengal,"Construction of roads, link roads, pathways or any other road with or without drainage system",WS/MP18257/2026-2027/236225,Purba Medinipur(DISTRICT MAGISTRATE PURBA MEDINIPUR_IDA),ABHIJIT GANGOPADHYAY,TAMLUK,25-Aug-26,MS GOPINATH MAITY,Payment In-Progress,342151
2659,West Bengal,"Construction of roads, link roads, pathways or any other road with or without drainage system",WS/MP18257/2026-2027/260192,Purba Medinipur(DISTRICT MAGISTRATE PURBA MEDINIPUR_IDA),ABHIJIT GANGOPADHYAY,TAMLUK,25-Aug-26,TIRUPATI ENTERPRISE,Payment In-Progress,348032
2660,Tamil Nadu,Construction of buildings for community cultural activities,WS/MP18312/2026-2027/227530,TIRUCHIRAPPALLI(DISTRICT COLLECTOR TIRUCHIRAPPALLI_IDA),DURAI VAIKO,TIRUCHIRAPPALLI,27-Aug-26,Santhiya,Payment In-Progress,1059245
2661,Himachal Pradesh,"Construction of roads, link roads, pathways or any other road with or without drainage system",WS/MP18069/2025-2026/239779,KANGRA(DEPUTY COMMISSIONER KANGRA_IDA),RAJEEV BHARDWAJ,KANGRA,29-Aug-26,Mukesh Kumar,Payment In-Progress,582973
2662,Bihar,"Construction of roads, link roads, pathways or any other road with or without drainage system",WS/MP18034/2025-2026/264760,VAISHALI(DISTRICT PLANNING OFFICER VAISHALI_IDA),CHIRAG PASWAN,HAJIPUR(SC),26-Aug-26,SHREE SHYAM ENTERPRISES,Payment In-Progress,988493
2663,Uttarakhand,Construction of common work sheds/ common covered sitting area,WS/MP021/2026-2027/268956,NAINITAL(DISTRICT MAGISTRATE NAINITAL_IDA),Ajay Bhatt,NAINITAL UDHAM SINGH NAG.,27-Aug-26,HARISH CHANDRA BHATT TRADERS,Payment In-Progress,85107
2664,Gujarat,"Construction of flood control embankments/ protection walls along riverbanks, hilltops, roadsides",WS/MP575/2025-2026/162949,NAVSARI(DISTRICT COLLECTOR NAVSARI_IDA),C R Patil,NAVSARI,24-Aug-26,khergam vibhag majur ane kamagaro sahkari mandli limited khergam,Payment In-Progress,500000
2665,Bihar,Construction of public staircase/ stair ghat for public convenience,WS/MP316/2025-2026/274954,SARAN(DISTRICT PLANNING OFFICE SARAN CHAPRA_IDA),Shri Janardan Singh Sigriwal,MAHARAJGANJ_BR,27-Aug-26,ANIL KUMAR SINGH,Payment In-Progress,812494
2666,Rajasthan,Construction of rooms and halls in school and colleges,WS/MP386/2026-2027/243829,Didwana-Kuchaman(DISTRICT COLLECTOR Didwana Kuchaman_IDA),Shri Hanuman Beniwal,NAGAUR,26-Aug-26,SHIV CONSTRUCTION PARBATSAR,Payment In-Progress,564000
2667,Tamil Nadu,Construction of community centers and community halls,WS/MP18181/2026-2027/305132,COIMBATORE(DISTRICT COLLECTOR COIMBATORE_IDA),ESWARASAMY K,POLLACHI,27-Aug-26,JAYALAKSHMI BUILDERS,Payment In-Progress,2000000
2668,Telangana,Installing tube-wells and borewells,WS/MP770/2026-2027/181064,KARIMNAGAR(DISTRICT COLLECTOR KARIMNAGAR_IDA),Sanjay Kumar Bandi,KARIMNAGAR,27-Aug-26,DEVENDER REDDY KAVVA,Payment In-Progress,193764
2669,Rajasthan,Construction of common work sheds/ common covered sitting area,WS/MP18172/2025-2026/144452,PRATAPGARH(DISTRICT COLLECTOR PRATAPGARH_IDA),MANNA LAL RAWAT,UDAIPUR(ST),27-Aug-26,GAURAV,Payment In-Progress,2750
2670,Rajasthan,Construction of common work sheds/ common covered sitting area,WS/MP18172/2025-2026/144452,PRATAPGARH(DISTRICT COLLECTOR PRATAPGARH_IDA),MANNA LAL RAWAT,UDAIPUR(ST),27-Aug-26,GAURAV,Payment In-Progress,3250
2671,Rajasthan,Construction of common work sheds/ common covered sitting area,WS/MP18172/2025-2026/144452,PRATAPGARH(DISTRICT COLLECTOR PRATAPGARH_IDA),MANNA LAL RAWAT,UDAIPUR(ST),27-Aug-26,PRABHU LAL GAYARI,Payment In-Progress,2750
2672,Rajasthan,Construction of common work sheds/ common covered sitting area,WS/MP18172/2025-2026/144452,PRATAPGARH(DISTRICT COLLECTOR PRATAPGARH_IDA),MANNA LAL RAWAT,UDAIPUR(ST),27-Aug-26,PRABHU LAL GAYARI,Payment In-Progress,7200
2673,Rajasthan,Construction of common work sheds/ common covered sitting area,WS/MP18172/2025-2026/144452,PRATAPGARH(DISTRICT COLLECTOR PRATAPGARH_IDA),MANNA LAL RAWAT,UDAIPUR(ST),27-Aug-26,PRITHRIRAJ,Payment In-Progress,2750
2674,Rajasthan,Construction of common work sheds/ common covered sitting area,WS/MP18172/2025-2026/144452,PRATAPGARH(DISTRICT COLLECTOR PRATAPGARH_IDA),MANNA LAL RAWAT,UDAIPUR(ST),27-Aug-26,PRITHRIRAJ,Payment In-Progress,3250
2675,Rajasthan,Construction of common work sheds/ common covered sitting area,WS/MP18172/2025-2026/144452,PRATAPGARH(DISTRICT COLLECTOR PRATAPGARH_IDA),MANNA LAL RAWAT,UDAIPUR(ST),27-Aug-26,RATAN LAL GAYARI,Payment In-Progress,2750
2676,Rajasthan,Construction of common work sheds/ common covered sitting area,WS/MP18172/2025-2026/144452,PRATAPGARH(DISTRICT COLLECTOR PRATAPGARH_IDA),MANNA LAL RAWAT,UDAIPUR(ST),27-Aug-26,RATAN LAL GAYARI,Payment In-Progress,7800
2677,Rajasthan,Construction of common work sheds/ common covered sitting area,WS/MP18172/2025-2026/144452,PRATAPGARH(DISTRICT COLLECTOR PRATAPGARH_IDA),MANNA LAL RAWAT,UDAIPUR(ST),27-Aug-26,SHANKAR LAL GAYARI,Payment In-Progress,6600
2678,Rajasthan,Construction of common work sheds/ common covered sitting area,WS/MP18172/2025-2026/144452,PRATAPGARH(DISTRICT COLLECTOR PRATAPGARH_IDA),MANNA LAL RAWAT,UDAIPUR(ST),27-Aug-26,SHANKAR LAL GAYARI,Payment In-Progress,1750
2679,Rajasthan,Construction of common work sheds/ common covered sitting area,WS/MP18172/2025-2026/144452,PRATAPGARH(DISTRICT COLLECTOR PRATAPGARH_IDA),MANNA LAL RAWAT,UDAIPUR(ST),27-Aug-26,REKHA GAYARI,Payment In-Progress,2750
2680,Rajasthan,Construction of common work sheds/ common covered sitting area,WS/MP18172/2025-2026/144452,PRATAPGARH(DISTRICT COLLECTOR PRATAPGARH_IDA),MANNA LAL RAWAT,UDAIPUR(ST),27-Aug-26,REKHA GAYARI,Payment In-Progress,3250
2681,Rajasthan,Construction of common work sheds/ common covered sitting area,WS/MP18172/2025-2026/144452,PRATAPGARH(DISTRICT COLLECTOR PRATAPGARH_IDA),MANNA LAL RAWAT,UDAIPUR(ST),27-Aug-26,SOHANI BAI GAYARI,Payment In-Progress,2750
2682,Rajasthan,Construction of common work sheds/ common covered sitting area,WS/MP18172/2025-2026/144452,PRATAPGARH(DISTRICT COLLECTOR PRATAPGARH_IDA),MANNA LAL RAWAT,UDAIPUR(ST),27-Aug-26,SOHANI BAI GAYARI,Payment In-Progress,3250
2683,Rajasthan,Construction of common work sheds/ common covered sitting area,WS/MP18172/2025-2026/144452,PRATAPGARH(DISTRICT COLLECTOR PRATAPGARH_IDA),MANNA LAL RAWAT,UDAIPUR(ST),27-Aug-26,VALI BAI GAYARI,Payment In-Progress,2750
2684,Rajasthan,Construction of common work sheds/ common covered sitting area,WS/MP18172/2025-2026/144452,PRATAPGARH(DISTRICT COLLECTOR PRATAPGARH_IDA),MANNA LAL RAWAT,UDAIPUR(ST),27-Aug-26,VALI BAI GAYARI,Payment In-Progress,3250
2685,Rajasthan,Construction of common work sheds/ common covered sitting area,WS/MP18172/2025-2026/144452,PRATAPGARH(DISTRICT COLLECTOR PRATAPGARH_IDA),MANNA LAL RAWAT,UDAIPUR(ST),27-Aug-26,SOHAN LAL,Payment In-Progress,2750
2686,Rajasthan,Construction of common work sheds/ common covered sitting area,WS/MP18172/2025-2026/144452,PRATAPGARH(DISTRICT COLLECTOR PRATAPGARH_IDA),MANNA LAL RAWAT,UDAIPUR(ST),27-Aug-26,SOHAN LAL,Payment In-Progress,3250
2687,Rajasthan,Construction of common work sheds/ common covered sitting area,WS/MP18172/2025-2026/144452,PRATAPGARH(DISTRICT COLLECTOR PRATAPGARH_IDA),MANNA LAL RAWAT,UDAIPUR(ST),27-Aug-26,BHAGWANI BAI,Payment In-Progress,2500
2688,Maharashtra,"Construction of roads, link roads, pathways or any other road with or without drainage system",WS/MP18111/2026-2027/268993,AKOLA(DISTRICT COLLECTOR AKOLA_IDA),ANUP SANJAY DHOTRE,AKOLA,27-Aug-26,GRAMPANCHAYAT KARYALAY LAKHPURI,Payment In-Progress,982424
2689,Tamil Nadu,Construction of bus-sheds or bus-stops,WS/MP18181/2025-2026/213160,TIRUPPUR(DISTRICT COLLECTOR TIRUPPUR_IDA),ESWARASAMY K,POLLACHI,27-Aug-26,BRINDHA,Payment In-Progress,781543
2690,Bihar,"Construction of roads, link roads, pathways or any other road with or without drainage system",WS/MP18042/2025-2026/259729,SAMASTIPUR(DISTRICT PLANNING OFFICER SAMASTIPUR_IDA),SHAMBHAVI,SAMASTIPUR(SC),27-Aug-26,DHIRAJ KUMAR,Payment In-Progress,1197855
2691,Karnataka,Construction of rooms and halls in school and colleges,WS/MP337/2026-2027/159965,UDUPI(DEPUTY COMMISSIONER UDUPI_IDA),Shri B Y Raghavendra,SHIMOGA,26-Aug-26,RAGHAVENDRA,Payment In-Progress,500000
2692,Punjab,Installation of multi-gym equipment,WS/MP716/2024-2025/142661,MANSA(DEPUTY COMMISSIONER MANSA_IDA),Smt Harsimrat Kaur Badal,BHATINDA,26-Aug-26,National Sports and Games,Payment In-Progress,150000
2693,Himachal Pradesh,Construction of boundary walls of existing public and community buildings,WS/MP18328/2026-2027/302342,MANDI(DEPUTY COMMISSIONER MANDI_IDA),Kangana Ranaut,MANDI,29-Aug-26,GP Pakhrir,Payment In-Progress,320000
2694,Himachal Pradesh,"Construction of roads, link roads, pathways or any other road with or without drainage system",WS/MP18328/2026-2027/272919,MANDI(DEPUTY COMMISSIONER MANDI_IDA),Kangana Ranaut,MANDI,27-Aug-26,GP Sorta,Payment In-Progress,80000
2695,Telangana,"Construction of roads, link roads, pathways or any other road with or without drainage system",WS/MP18189/2026-2027/260078,BHADRADRI KOTHAGUDEM(District Collector Bhadradri Ktdm_IDA),RAMASAHAYAM RAGHURAM REDDY,KHAMMAM,27-Aug-26,MADDISETTI SATYA PRASAD,Payment In-Progress,499623
2696,Tamil Nadu,Development of playfields and sports grounds,WS/MP391/2026-2027/273229,CHENNAI(COMMISSIONER MUNCIPAL CORPORATION CHENNAI_IDA),Thiru Dayanidhi Maran,CHENNAI CENTRAL,28-Aug-26,DB VEERRARAGHAVAN,Payment In-Progress,4909657
2697,Uttar Pradesh,"Construction of roads, link roads, pathways or any other road with or without drainage system",WS/MP18222/2026-2027/279447,JAUNPUR(DISTRICT MAGISTRATE JAUNPUR_IDA),BABU SINGH KUSHWAHA,JAUNPUR,29-Aug-26,Pradeep Kumar Yadav,Payment In-Progress,941803
2698,Uttar Pradesh,"Construction of roads, link roads, pathways or any other road with or without drainage system",WS/MP18222/2026-2027/280717,JAUNPUR(DISTRICT MAGISTRATE JAUNPUR_IDA),BABU SINGH KUSHWAHA,JAUNPUR,29-Aug-26,Pradeep Kumar Yadav,Payment In-Progress,338097
2699,Andhra Pradesh,Providing supply pipelines for drinking water,WS/MP524/2025-2026/215305,Annamayya(DISTRICT COLLECTOR ANNAMAYYA_IDA),Midhun Reddy,RAJAMPET,27-Aug-26,K MURUSALEEM,Payment In-Progress,199321
2700,Tamil Nadu,"Construction of roads, link roads, pathways or any other road with or without drainage system",WS/MP18267/2026-2027/270662,KRISHNAGIRI(DISTRICT COLLECTOR KRISHNAGIRI_IDA),GOPINATH K,KRISHNAGIRI,28-Aug-26,Shyn Construction Hosur,Payment In-Progress,1758780
2701,Tamil Nadu,Construction of community centers and community halls,WS/MP743/2026-2027/190860,CHENGALPATTU(District Collector Chengalpattu_IDA),Ganesan Selvam,KANCHEEPURAM(SC),28-Aug-26,KANNADHASAN V,Payment In-Progress,2321878
2702,Punjab,Construction of additional rooms and halls in the existing public and community building,WS/MP716/2025-2026/189732,MANSA(DEPUTY COMMISSIONER MANSA_IDA),Smt Harsimrat Kaur Badal,BHATINDA,26-Aug-26,Gora Bhathal Cement Store,Payment In-Progress,10380
2703,Punjab,Construction of additional rooms and halls in the existing public and community building,WS/MP716/2025-2026/189732,MANSA(DEPUTY COMMISSIONER MANSA_IDA),Smt Harsimrat Kaur Badal,BHATINDA,26-Aug-26,Bagga Singh,Payment In-Progress,9749
2704,Punjab,Construction of additional rooms and halls in the existing public and community building,WS/MP18314/2025-2026/256967,BARNALA(DEPUTY COMMISSIONER BARNALA_IDA),GURMEET SINGH MEET HAYER,SANGRUR,26-Aug-26,Garg Iron Store Barnala,Payment In-Progress,52805
2705,Punjab,Construction of community centers and community halls,WS/MP716/2025-2026/195392,BATHINDA(DEPUTY COMMISSIONER BHATINDA_IDA),Smt Harsimrat Kaur Badal,BHATINDA,28-Aug-26,MEGH RAM AMAR NATH,Payment In-Progress,48425
2706,Punjab,Construction of community centers and community halls,WS/MP716/2025-2026/195392,BATHINDA(DEPUTY COMMISSIONER BHATINDA_IDA),Smt Harsimrat Kaur Badal,BHATINDA,28-Aug-26,MEGH RAM AMAR NATH,Payment In-Progress,43550
2707,Punjab,Construction of community centers and community halls,WS/MP716/2025-2026/195392,BATHINDA(DEPUTY COMMISSIONER BHATINDA_IDA),Smt Harsimrat Kaur Badal,BHATINDA,28-Aug-26,MEGH RAM AMAR NATH,Payment In-Progress,16900
2708,Odisha,Construction of community centers and community halls,WS/MP300/2026-2027/226384,KHORDHA(DISTRICT COLLECTOR KHORDHA_IDA),Smt Aparajita Sarangi,BHUBANESWAR,29-Aug-26,SUBRAT ROUT,Payment In-Progress,296950
2709,Himachal Pradesh,Construction of boundary walls of existing public and community buildings,WS/MP18328/2026-2027/272927,MANDI(DEPUTY COMMISSIONER MANDI_IDA),Kangana Ranaut,MANDI,29-Aug-26,Gram Panchayat Thach Tharmi,Payment In-Progress,100000
2710,Maharashtra,"Construction of roads, link roads, pathways or any other road with or without drainage system",WS/MP18429/2026-2027/247336,NANDED(DISTRICT COLLECTOR NANDED_IDA),Ravindra Vasantrao Chavan,NANDED,27-Aug-26,GRAM PANCHAYAT KARYALAYA JAKAPUR TQ KANDHAR,Payment In-Progress,494000
2711,Haryana,Construction of public toilets and bathrooms,WS/MP329/2026-2027/290631,BHIWANI(DC Cum Nodal Officer MPLADS Bhiwani),Shri  Dharambir Singh,BHIWANI MAHENDRAGARH,27-Aug-26,Sarv Kalyan Manch,Payment In-Progress,1100000
2712,Himachal Pradesh,"Construction of roads, link roads, pathways or any other road with or without drainage system",WS/MP18328/2026-2027/269189,MANDI(DEPUTY COMMISSIONER MANDI_IDA),Kangana Ranaut,MANDI,29-Aug-26,GRAM PANCHAYAT NAU,Payment In-Progress,100000
2713,Punjab,Construction of community centers and community halls,WS/MP716/2025-2026/195392,BATHINDA(DEPUTY COMMISSIONER BHATINDA_IDA),Smt Harsimrat Kaur Badal,BHATINDA,28-Aug-26,Baba Bullaji Bricks Co Chowke,Payment In-Progress,42250
2714,Punjab,Construction of community centers and community halls,WS/MP716/2025-2026/195392,BATHINDA(DEPUTY COMMISSIONER BHATINDA_IDA),Smt Harsimrat Kaur Badal,BHATINDA,28-Aug-26,Baba Bullaji Bricks Co Chowke,Payment In-Progress,37100
2715,Bihar,Construction of common work sheds/ common covered sitting area,WS/MP18042/2025-2026/260734,SAMASTIPUR(DISTRICT PLANNING OFFICER SAMASTIPUR_IDA),SHAMBHAVI,SAMASTIPUR(SC),29-Aug-26,MAHADEV TRADERS,Payment In-Progress,495977
2716,Himachal Pradesh,Development of playfields and sports grounds,WS/MP18328/2026-2027/267694,MANDI(DEPUTY COMMISSIONER MANDI_IDA),Kangana Ranaut,MANDI,29-Aug-26,Gram Panchayat Shiva,Payment In-Progress,150000
2717,Karnataka,"Construction of roads, link roads, pathways or any other road with or without drainage system",WS/MP18263/2025-2026/155534,UDUPI(DEPUTY COMMISSIONER UDUPI_IDA),KOTA SRINIVAS POOJARY,UDUPI CHIKMAGALUR,28-Aug-26,CHANDRASHEKAR SHETTY,Payment In-Progress,495929
2718,Bihar,"Construction of roads, link roads, pathways or any other road with or without drainage system",WS/MP18034/2025-2026/238703,VAISHALI(DISTRICT PLANNING OFFICER VAISHALI_IDA),CHIRAG PASWAN,HAJIPUR(SC),29-Aug-26,MANOJ KUMAR,Payment In-Progress,989719
2719,Madhya Pradesh,Improvement of electricity distribution infrastructure,WS/MP642/2026-2027/199818,SATNA(DISTRICT COLLECTOR SATNA_IDA),Ganesh Singh,SATNA,29-Aug-26,SHRI VIJAY SINGH  SATNA,Payment In-Progress,180088
2720,Madhya Pradesh,Improvement of electricity distribution infrastructure,WS/MP642/2026-2027/199819,SATNA(DISTRICT COLLECTOR SATNA_IDA),Ganesh Singh,SATNA,29-Aug-26,SHRI VIJAY SINGH  SATNA,Payment In-Progress,292603
2721,Madhya Pradesh,Improvement of electricity distribution infrastructure,WS/MP642/2026-2027/199816,SATNA(DISTRICT COLLECTOR SATNA_IDA),Ganesh Singh,SATNA,29-Aug-26,SHRI VIJAY SINGH  SATNA,Payment In-Progress,254055
2722,Madhya Pradesh,Improvement of electricity distribution infrastructure,WS/MP642/2026-2027/255388,SATNA(DISTRICT COLLECTOR SATNA_IDA),Ganesh Singh,SATNA,29-Aug-26,SHRI VIJAY SINGH  SATNA,Payment In-Progress,162723
2723,Madhya Pradesh,Improvement of electricity distribution infrastructure,WS/MP642/2026-2027/255389,SATNA(DISTRICT COLLECTOR SATNA_IDA),Ganesh Singh,SATNA,29-Aug-26,SHRI VIJAY SINGH  SATNA,Payment In-Progress,145917
2724,Madhya Pradesh,Improvement of electricity distribution infrastructure,WS/MP642/2026-2027/255391,SATNA(DISTRICT COLLECTOR SATNA_IDA),Ganesh Singh,SATNA,29-Aug-26,SHRI VIJAY SINGH  SATNA,Payment In-Progress,126555
2725,Madhya Pradesh,Improvement of electricity distribution infrastructure,WS/MP642/2026-2027/199825,SATNA(DISTRICT COLLECTOR SATNA_IDA),Ganesh Singh,SATNA,29-Aug-26,SHRI VIJAY SINGH  SATNA,Payment In-Progress,188010
2726,Madhya Pradesh,Improvement of electricity distribution infrastructure,WS/MP642/2026-2027/199827,SATNA(DISTRICT COLLECTOR SATNA_IDA),Ganesh Singh,SATNA,29-Aug-26,SHRI VIJAY SINGH  SATNA,Payment In-Progress,219572
2727,Madhya Pradesh,Improvement of electricity distribution infrastructure,WS/MP642/2026-2027/199828,SATNA(DISTRICT COLLECTOR SATNA_IDA),Ganesh Singh,SATNA,29-Aug-26,SHRI VIJAY SINGH  SATNA,Payment In-Progress,241626
2728,Madhya Pradesh,Improvement of electricity distribution infrastructure,WS/MP642/2026-2027/199829,SATNA(DISTRICT COLLECTOR SATNA_IDA),Ganesh Singh,SATNA,29-Aug-26,SHRI VIJAY SINGH  SATNA,Payment In-Progress,221524
2729,Madhya Pradesh,Improvement of electricity distribution infrastructure,WS/MP642/2026-2027/199830,SATNA(DISTRICT COLLECTOR SATNA_IDA),Ganesh Singh,SATNA,29-Aug-26,SHRI VIJAY SINGH  SATNA,Payment In-Progress,237489
2730,Madhya Pradesh,Improvement of electricity distribution infrastructure,WS/MP642/2026-2027/199832,SATNA(DISTRICT COLLECTOR SATNA_IDA),Ganesh Singh,SATNA,29-Aug-26,SHRI VIJAY SINGH  SATNA,Payment In-Progress,184503
2731,Madhya Pradesh,Improvement of electricity distribution infrastructure,WS/MP642/2026-2027/199833,SATNA(DISTRICT COLLECTOR SATNA_IDA),Ganesh Singh,SATNA,29-Aug-26,SHRI VIJAY SINGH  SATNA,Payment In-Progress,245814
2732,Madhya Pradesh,Improvement of electricity distribution infrastructure,WS/MP642/2026-2027/199834,SATNA(DISTRICT COLLECTOR SATNA_IDA),Ganesh Singh,SATNA,29-Aug-26,SHRI VIJAY SINGH  SATNA,Payment In-Progress,238422
2733,Madhya Pradesh,Improvement of electricity distribution infrastructure,WS/MP642/2026-2027/199821,SATNA(DISTRICT COLLECTOR SATNA_IDA),Ganesh Singh,SATNA,29-Aug-26,SHRI VIJAY SINGH  SATNA,Payment In-Progress,248331
2734,Madhya Pradesh,Improvement of electricity distribution infrastructure,WS/MP642/2026-2027/199823,SATNA(DISTRICT COLLECTOR SATNA_IDA),Ganesh Singh,SATNA,29-Aug-26,SHRI VIJAY SINGH  SATNA,Payment In-Progress,218649
2735,Bihar,Purchase of furniture and fixtures for educational purposes,WS/MP18035/2026-2027/289316,JEHANABAD(DISTRICT PLANNING OFFICER JEHANABAD_IDA),SURENDRA PRASAD YADAV,JAHANABAD,28-Aug-26,JANTA TRADERS,Payment In-Progress,2496000
2736,Gujarat,"Construction of roads, link roads, pathways or any other road with or without drainage system",WS/MP577/2025-2026/133563,Dahod(DISTRICT COLLECTOR DOHAD_IDA),Jaswantsinh Sumanbhai Bhabhor,DAHOD(ST),29-Aug-26,GRAM PANCHAYAT CHANDAWADA,Payment In-Progress,245356
2737,Tamil Nadu,Construction of rooms and halls in school and colleges,WS/MP18180/2026-2027/231211,TIRUCHIRAPPALLI(DISTRICT COLLECTOR TIRUCHIRAPPALLI_IDA),ARUN NEHRU,PERAMBALUR,29-Aug-26,VS INFRA,Payment In-Progress,1908144
2738,Karnataka,"Construction of roads, link roads, pathways or any other road with or without drainage system",WS/MP18263/2026-2027/155528,UDUPI(DEPUTY COMMISSIONER UDUPI_IDA),KOTA SRINIVAS POOJARY,UDUPI CHIKMAGALUR,28-Aug-26,SUNIL,Payment In-Progress,498688
2739,Mizoram,Construction of rooms and halls in school and colleges,WS/MP18138/2026-2027/282941,"SAITUAL(Dy. Commissioners Office, Saitual)",RICHARD VANLALHMANGAIHA,MIZORAM (ST),28-Aug-26,Lalthanzuala,Payment In-Progress,750000
2740,Karnataka,"Construction of roads, link roads, pathways or any other road with or without drainage system",WS/MP18263/2025-2026/241111,UDUPI(DEPUTY COMMISSIONER UDUPI_IDA),KOTA SRINIVAS POOJARY,UDUPI CHIKMAGALUR,29-Aug-26,SHEKHAR,Payment In-Progress,250000
2741,Himachal Pradesh,Construction of community centers and community halls,WS/MP18328/2025-2026/221893,MANDI(DEPUTY COMMISSIONER MANDI_IDA),Kangana Ranaut,MANDI,29-Aug-26,Mata Bhabori Mandir Nirman Samiti,Payment In-Progress,70000
2742,Tamil Nadu,Construction of bus-sheds or bus-stops,WS/MP508/2025-2026/189224,Tirupathur(District Collector Tirupathur_IDA),CN Annadurai,TIRUVANNAMALAI,30-Aug-26,TMT KANIMOZHI,Payment In-Progress,500000
2743,Uttarakhand,Construction of footpaths and pedestrian ways,WS/MP477/2026-2027/274283,ALMORA(DISTRICT MAGISTRATE ALMORA_IDA),Ajay Tamta,ALMORA(SC),27-Aug-26,bhuwan chandra joshi,Payment In-Progress,12096
2744,Uttarakhand,Construction of footpaths and pedestrian ways,WS/MP477/2026-2027/274283,ALMORA(DISTRICT MAGISTRATE ALMORA_IDA),Ajay Tamta,ALMORA(SC),27-Aug-26,diksha joshi,Payment In-Progress,12096
2745,Uttarakhand,Construction of footpaths and pedestrian ways,WS/MP477/2026-2027/274283,ALMORA(DISTRICT MAGISTRATE ALMORA_IDA),Ajay Tamta,ALMORA(SC),27-Aug-26,pushpa devi,Payment In-Progress,12096
2746,Uttarakhand,Construction of footpaths and pedestrian ways,WS/MP477/2026-2027/274283,ALMORA(DISTRICT MAGISTRATE ALMORA_IDA),Ajay Tamta,ALMORA(SC),27-Aug-26,hansa devi,Payment In-Progress,12096
2747,Maharashtra,Construction of community centers and community halls,WS/MP18115/2026-2027/186677,GONDIA(DISTRICT COLLECTOR GONDIA_IDA),DR. PRASHANT YADAORAO PADOLE,BHANDARA-GONDIYA,27-Aug-26,GRAM PANCHAYAT ITKHEDA,Payment In-Progress,699241
2748,Gujarat,"Construction of roads, link roads, pathways or any other road with or without drainage system",WS/MP18324/2026-2027/283079,AMRELI(DISTRICT COLLECTOR AMRELI_IDA),BHARATBHAI MANUBHAI SUTARIYA,AMRELI,27-Aug-26,GIGASAN GRAM PANCHAYAT,Payment In-Progress,390000
2749,Uttarakhand,Construction of footpaths and pedestrian ways,WS/MP477/2026-2027/274283,ALMORA(DISTRICT MAGISTRATE ALMORA_IDA),Ajay Tamta,ALMORA(SC),27-Aug-26,basant ballbh joshi,Payment In-Progress,13130
2750,Himachal Pradesh,"Construction of roads, link roads, pathways or any other road with or without drainage system",WS/MP18328/2025-2026/221898,MANDI(DEPUTY COMMISSIONER MANDI_IDA),Kangana Ranaut,MANDI,26-Aug-26,Gram Panchayat  Khaddar,Payment Success,70000
2751,Haryana,Providing drains and gutters for public drainage,WS/MP431/2025-2026/265214,MAHENDRAGARH(DEPUTY COMMISSIONER MAHENDRAGARH_IDA),Rao Inderjit Singh,GURGAON,25-Aug-26,THE LAL KRIPA COOP LANDC SOCIETY LTD,Payment Success,428013
2752,Himachal Pradesh,Construction of public irrigation facilities,WS/MP18328/2025-2026/242429,MANDI(DEPUTY COMMISSIONER MANDI_IDA),Kangana Ranaut,MANDI,26-Aug-26,Gram Panchayat Gounta,Payment Success,150000
2753,Himachal Pradesh,Construction of community centers and community halls,WS/MP18328/2025-2026/222517,MANDI(DEPUTY COMMISSIONER MANDI_IDA),Kangana Ranaut,MANDI,26-Aug-26,Gram Panchayat  Matehar,Payment Success,70000
2754,Himachal Pradesh,"Construction of roads, link roads, pathways or any other road with or without drainage system",WS/MP18328/2025-2026/221505,MANDI(DEPUTY COMMISSIONER MANDI_IDA),Kangana Ranaut,MANDI,26-Aug-26,GP Bhararoo,Payment Success,60000
2755,Himachal Pradesh,Construction of additional rooms and halls in the existing public and community building,WS/MP18328/2026-2027/267695,MANDI(DEPUTY COMMISSIONER MANDI_IDA),Kangana Ranaut,MANDI,26-Aug-26,Gram Panchayat Pali,Payment Success,120000
2756,Himachal Pradesh,"Construction of roads, link roads, pathways or any other road with or without drainage system",WS/MP18328/2025-2026/222405,MANDI(DEPUTY COMMISSIONER MANDI_IDA),Kangana Ranaut,MANDI,25-Aug-26,Gram Panchayat Nauhali,Payment Success,70000
2757,Himachal Pradesh,Construction of community centers and community halls,WS/MP18328/2025-2026/221900,MANDI(DEPUTY COMMISSIONER MANDI_IDA),Kangana Ranaut,MANDI,26-Aug-26,Sewa Bharti samitti Ropri Kalehru,Payment Success,70000
2758,Himachal Pradesh,"Construction of roads, link roads, pathways or any other road with or without drainage system",WS/MP18328/2025-2026/221895,MANDI(DEPUTY COMMISSIONER MANDI_IDA),Kangana Ranaut,MANDI,26-Aug-26,Gram panchayat Kolang,Payment Success,70000
2759,Himachal Pradesh,Crematoriums/energy efficient crematoriums or structures on burial/cremation ground,WS/MP18328/2025-2026/221892,MANDI(DEPUTY COMMISSIONER MANDI_IDA),Kangana Ranaut,MANDI,26-Aug-26,Gram Panchayat Utpur,Payment Success,70000
2760,Himachal Pradesh,Construction of community centers and community halls,WS/MP18328/2025-2026/222020,MANDI(DEPUTY COMMISSIONER MANDI_IDA),Kangana Ranaut,MANDI,25-Aug-26,Gram Panchayat Talkehar,Payment Success,70000
2761,Bihar,"Construction of roads, link roads, pathways or any other road with or without drainage system",WS/MP18034/2025-2026/239086,VAISHALI(DISTRICT PLANNING OFFICER VAISHALI_IDA),CHIRAG PASWAN,HAJIPUR(SC),25-Aug-26,SHREE SHYAM ENTERPRISES,Payment Success,988712
2762,Himachal Pradesh,Construction of community centers and community halls,WS/MP18328/2025-2026/221506,MANDI(DEPUTY COMMISSIONER MANDI_IDA),Kangana Ranaut,MANDI,24-Aug-26,Gram Panchayat Bhadyara bhulla,Payment Success,70000
2763,Karnataka,"Construction of roads, link roads, pathways or any other road with or without drainage system",WS/MP18263/2026-2027/267799,UDUPI(DEPUTY COMMISSIONER UDUPI_IDA),KOTA SRINIVAS POOJARY,UDUPI CHIKMAGALUR,24-Aug-26,ARUN K,Payment Success,250000
2764,Himachal Pradesh,"Construction of roads, link roads, pathways or any other road with or without drainage system",WS/MP18328/2025-2026/222411,MANDI(DEPUTY COMMISSIONER MANDI_IDA),Kangana Ranaut,MANDI,22-Aug-26,Pradhan GP Dhart Bagla Sec GP Dart Bagala,Payment Success,60000
2765,Karnataka,"Construction of roads, link roads, pathways or any other road with or without drainage system",WS/MP18263/2026-2027/241118,UDUPI(DEPUTY COMMISSIONER UDUPI_IDA),KOTA SRINIVAS POOJARY,UDUPI CHIKMAGALUR,24-Aug-26,DINESH NAYAK,Payment Success,298314
2766,Himachal Pradesh,Construction of foot over bridge (FOB),WS/MP18328/2025-2026/222025,MANDI(DEPUTY COMMISSIONER MANDI_IDA),Kangana Ranaut,MANDI,24-Aug-26,GP Hargunen,Payment Success,60000
2767,Himachal Pradesh,"Construction of roads, link roads, pathways or any other road with or without drainage system",WS/MP18328/2025-2026/222021,MANDI(DEPUTY COMMISSIONER MANDI_IDA),Kangana Ranaut,MANDI,24-Aug-26,Gram Panchayat  Tikroo,Payment Success,70000
2768,Himachal Pradesh,Crematoriums/energy efficient crematoriums or structures on burial/cremation ground,WS/MP18328/2025-2026/222407,MANDI(DEPUTY COMMISSIONER MANDI_IDA),Kangana Ranaut,MANDI,25-Aug-26,Gram Panchayat Bihun,Payment Success,70000
2769,Himachal Pradesh,Construction of culverts and bridges,WS/MP18328/2025-2026/221503,MANDI(DEPUTY COMMISSIONER MANDI_IDA),Kangana Ranaut,MANDI,24-Aug-26,G P Nichala Garoru,Payment Success,100000
2770,Himachal Pradesh,"Construction of roads, link roads, pathways or any other road with or without drainage system",WS/MP18328/2025-2026/222024,MANDI(DEPUTY COMMISSIONER MANDI_IDA),Kangana Ranaut,MANDI,24-Aug-26,PradhanGP Kadhar,Payment Success,60000
2771,Himachal Pradesh,Construction of community centers and community halls,WS/MP18328/2026-2027/269106,MANDI(DEPUTY COMMISSIONER MANDI_IDA),Kangana Ranaut,MANDI,24-Aug-26,PradhanGP Kufri,Payment Success,120000
2772,Himachal Pradesh,Construction of community centers and community halls,WS/MP18328/2026-2027/267711,MANDI(DEPUTY COMMISSIONER MANDI_IDA),Kangana Ranaut,MANDI,24-Aug-26,Gram Panchayat Tung,Payment Success,100000
2773,Himachal Pradesh,"Construction of roads, link roads, pathways or any other road with or without drainage system",WS/MP18328/2026-2027/267700,MANDI(DEPUTY COMMISSIONER MANDI_IDA),Kangana Ranaut,MANDI,24-Aug-26,Gram Panchayat Tung,Payment Success,75000
2774,Himachal Pradesh,"Construction of roads, link roads, pathways or any other road with or without drainage system",WS/MP18328/2025-2026/222523,MANDI(DEPUTY COMMISSIONER MANDI_IDA),Kangana Ranaut,MANDI,22-Aug-26,Pradhan GP Masoli,Payment Success,60000
2775,Tamil Nadu,Construction of rooms and halls in school and colleges,WS/MP18269/2026-2027/246434,SALEM(DISTRICT COLLECTOR SALEM_IDA),SELVAGANAPATHI T M,SALEM,24-Aug-26,Sre MCM and Co,Payment Success,2276220
2776,Himachal Pradesh,"Construction of roads, link roads, pathways or any other road with or without drainage system",WS/MP18328/2025-2026/221897,MANDI(DEPUTY COMMISSIONER MANDI_IDA),Kangana Ranaut,MANDI,24-Aug-26,Gram Panhayat Tullah,Payment Success,70000
2777,Himachal Pradesh,"Construction of roads, link roads, pathways or any other road with or without drainage system",WS/MP18328/2025-2026/222520,MANDI(DEPUTY COMMISSIONER MANDI_IDA),Kangana Ranaut,MANDI,24-Aug-26,Gram Panchayat Khadiar,Payment Success,70000
2778,Himachal Pradesh,"Construction of roads, link roads, pathways or any other road with or without drainage system",WS/MP18328/2026-2027/268095,MANDI(DEPUTY COMMISSIONER MANDI_IDA),Kangana Ranaut,MANDI,24-Aug-26,Gram Panchayat Kathog,Payment Success,60000
2779,Himachal Pradesh,Purchase of furniture and fixtures for educational purposes,WS/MP18328/2026-2027/269028,MANDI(DEPUTY COMMISSIONER MANDI_IDA),Kangana Ranaut,MANDI,24-Aug-26,Gram Panchayat Kathog,Payment Success,60000
2780,Himachal Pradesh,Development of playfields and sports grounds,WS/MP18328/2026-2027/272670,MANDI(DEPUTY COMMISSIONER MANDI_IDA),Kangana Ranaut,MANDI,24-Aug-26,GP Baridhar,Payment Success,80000
2781,Himachal Pradesh,Retrofitting in essential lifeline buildings,WS/MP18328/2026-2027/272671,MANDI(DEPUTY COMMISSIONER MANDI_IDA),Kangana Ranaut,MANDI,24-Aug-26,Prashar Yuvak Mandal Rehardhar,Payment Success,60000
2782,Himachal Pradesh,Crematoriums/energy efficient crematoriums or structures on burial/cremation ground,WS/MP18328/2025-2026/221803,MANDI(DEPUTY COMMISSIONER MANDI_IDA),Kangana Ranaut,MANDI,24-Aug-26,Gram Panchayat Bhadyara,Payment Success,70000
2783,Himachal Pradesh,"Construction of roads, link roads, pathways or any other road with or without drainage system",WS/MP18328/2025-2026/221891,MANDI(DEPUTY COMMISSIONER MANDI_IDA),Kangana Ranaut,MANDI,24-Aug-26,Gram Panchayat  Pihar  Bhedlu,Payment Success,70000
2784,Himachal Pradesh,"Construction of roads, link roads, pathways or any other road with or without drainage system",WS/MP18328/2025-2026/221894,MANDI(DEPUTY COMMISSIONER MANDI_IDA),Kangana Ranaut,MANDI,24-Aug-26,Gram Panchayat Bharol,Payment Success,70000
2785,Himachal Pradesh,"Construction of roads, link roads, pathways or any other road with or without drainage system",WS/MP18328/2026-2027/269099,MANDI(DEPUTY COMMISSIONER MANDI_IDA),Kangana Ranaut,MANDI,24-Aug-26,Gram Panchayat Latran,Payment Success,60000
2786,Himachal Pradesh,"Construction of roads, link roads, pathways or any other road with or without drainage system",WS/MP18328/2026-2027/267697,MANDI(DEPUTY COMMISSIONER MANDI_IDA),Kangana Ranaut,MANDI,24-Aug-26,GP Kunnu,Payment Success,60000
2787,Himachal Pradesh,Construction of community centers and community halls,WS/MP18328/2026-2027/267698,MANDI(DEPUTY COMMISSIONER MANDI_IDA),Kangana Ranaut,MANDI,25-Aug-26,Gram Panchayat Silh Badhani,Payment Success,120000
2788,Punjab,"Construction of roads, link roads, pathways or any other road with or without drainage system",WS/MP380/2025-2026/192935,LUDHIANA(DEPUTY COMMISSIONER LUDHIANA_IDA),Shri Amar Singh,FATEHGARH SAHIB(SC),25-Aug-26,Jodh Singh Sarpanch Rabbon Uchi,Payment Success,50848
2789,Himachal Pradesh,Construction of community centers and community halls,WS/MP18328/2025-2026/221811,MANDI(DEPUTY COMMISSIONER MANDI_IDA),Kangana Ranaut,MANDI,22-Aug-26,Gram Panchayat Golwan,Payment Success,150000
2790,Jammu And Kashmir,"Construction of roads, link roads, pathways or any other road with or without drainage system",WS/MP600/2026-2027/273602,KATHUA(DISTRICT DEVELOPMENT COMMISSIONER KATHUA_IDA),Jitendra Singh,UDHAMPUR,22-Aug-26,ANIJLI SHARMA,Payment Success,178500
2791,Chhattisgarh,Construction of common work sheds/ common covered sitting area,WS/MP18354/2026-2027/269119,Balrampur-Ramanujganj(District Collector BALRAMPUR_IDA),CHINTAMANI MAHARAJ,SARGUJA(ST),24-Aug-26,GRAM PANCHAYAT BAGHIMA,Payment Success,299984
2792,Odisha,Construction of community centers and community halls,WS/MP300/2026-2027/257860,KHORDHA(DISTRICT COLLECTOR KHORDHA_IDA),Smt Aparajita Sarangi,BHUBANESWAR,21-Aug-26,ABHIMANYU GIRI,Payment Success,395692
2793,Punjab,Development of playfields and sports grounds,WS/MP18155/2025-2026/255595,HOSHIARPUR(DEPUTY COMMISSIONER HOSHIARPUR_IDA),DR. RAJ KUMAR CHABBEWAL,HOSHIARPUR(SC),21-Aug-26,bagha Hardware Paint Store,Payment Success,23590
2794,Punjab,Crematoriums/energy efficient crematoriums or structures on burial/cremation ground,WS/MP18311/2026-2027/280930,S.A.S Nagar(DEPUTY COMMISSIONER SAHIBZADA AJIT SINGH NAGAR MOHALI_IDA),MALVINDER SINGH KANG,ANANDPUR SAHIB,24-Aug-26,shivalik engineers and contractors,Payment Success,19098
2795,Punjab,Crematoriums/energy efficient crematoriums or structures on burial/cremation ground,WS/MP18311/2026-2027/280930,S.A.S Nagar(DEPUTY COMMISSIONER SAHIBZADA AJIT SINGH NAGAR MOHALI_IDA),MALVINDER SINGH KANG,ANANDPUR SAHIB,24-Aug-26,shivalik engineers and contractors,Payment Success,42560
2796,Punjab,Crematoriums/energy efficient crematoriums or structures on burial/cremation ground,WS/MP18311/2026-2027/280930,S.A.S Nagar(DEPUTY COMMISSIONER SAHIBZADA AJIT SINGH NAGAR MOHALI_IDA),MALVINDER SINGH KANG,ANANDPUR SAHIB,24-Aug-26,shivalik engineers and contractors,Payment Success,20750
2797,Punjab,Construction of stadiums,WS/MP18311/2026-2027/277742,S.A.S Nagar(DEPUTY COMMISSIONER SAHIBZADA AJIT SINGH NAGAR MOHALI_IDA),MALVINDER SINGH KANG,ANANDPUR SAHIB,24-Aug-26,shivalik engineers and contractors,Payment Success,20750
2798,Punjab,Construction of stadiums,WS/MP18311/2026-2027/277742,S.A.S Nagar(DEPUTY COMMISSIONER SAHIBZADA AJIT SINGH NAGAR MOHALI_IDA),MALVINDER SINGH KANG,ANANDPUR SAHIB,24-Aug-26,shivalik engineers and contractors,Payment Success,85120
2799,Punjab,Construction of stadiums,WS/MP18311/2026-2027/277742,S.A.S Nagar(DEPUTY COMMISSIONER SAHIBZADA AJIT SINGH NAGAR MOHALI_IDA),MALVINDER SINGH KANG,ANANDPUR SAHIB,24-Aug-26,shivalik engineers and contractors,Payment Success,50654
2800,Chhattisgarh,Construction of common work sheds/ common covered sitting area,WS/MP428/2026-2027/304499,RAJNANDGAON(DISTRICT COLLECTOR RAJNANDGAON_IDA),Santosh Pandey,RAJNANDGAON,24-Aug-26,GRAM PANCHAYAT MOKHALI,Payment Success,150000
2801,Rajasthan,"Construction of roads, link roads, pathways or any other road with or without drainage system",WS/MP18161/2026-2027/270073,BHARATPUR(DISTRICT COLLECTOR BHARATPUR_IDA),SANJNA JATAV,BHARATPUR(SC),21-Aug-26,deepak kumar,Payment Success,1140
2802,Himachal Pradesh,Construction of culverts and bridges,WS/MP18328/2026-2027/273143,MANDI(DEPUTY COMMISSIONER MANDI_IDA),Kangana Ranaut,MANDI,24-Aug-26,GP Suin Kufridhar,Payment Success,200000
2803,Andhra Pradesh,Providing drains and gutters for public drainage,WS/MP18008/2026-2027/254607,GUNTUR(DISTRICT COLLECTOR GUNTUR_IDA),Dr Chandra Sekhar Pemmasani,GUNTUR,24-Aug-26,Eda Harsha vardhan reddy,Payment Success,844562
2804,Himachal Pradesh,"Construction of roads, link roads, pathways or any other road with or without drainage system",WS/MP18328/2026-2027/273152,MANDI(DEPUTY COMMISSIONER MANDI_IDA),Kangana Ranaut,MANDI,24-Aug-26,GP Belardhar,Payment Success,80000
2805,Himachal Pradesh,Construction of community centers and community halls,WS/MP18328/2026-2027/273150,MANDI(DEPUTY COMMISSIONER MANDI_IDA),Kangana Ranaut,MANDI,24-Aug-26,GP Pangna,Payment Success,60000
2806,Himachal Pradesh,Construction of community centers and community halls,WS/MP18328/2026-2027/273151,MANDI(DEPUTY COMMISSIONER MANDI_IDA),Kangana Ranaut,MANDI,24-Aug-26,GP Pangna,Payment Success,60000
2807,Uttarakhand,Construction of footpaths and pedestrian ways,WS/MP477/2026-2027/269915,BAGESHWAR(DISTRICT MAGISTRATE BAGESHWAR_IDA),Ajay Tamta,ALMORA(SC),24-Aug-26,shivoham by Gajanan,Payment Success,24720
2808,Uttarakhand,Construction of footpaths and pedestrian ways,WS/MP477/2026-2027/269915,BAGESHWAR(DISTRICT MAGISTRATE BAGESHWAR_IDA),Ajay Tamta,ALMORA(SC),24-Aug-26,BLOCK DEVELOPMENT OFFICER,Payment Success,5912
2809,Uttarakhand,Construction of footpaths and pedestrian ways,WS/MP477/2026-2027/269915,BAGESHWAR(DISTRICT MAGISTRATE BAGESHWAR_IDA),Ajay Tamta,ALMORA(SC),24-Aug-26,BLOCK DEVELOPMENT OFFICER,Payment Success,1478
2810,Bihar,"Construction of roads, link roads, pathways or any other road with or without drainage system",WS/MP18042/2026-2027/259766,SAMASTIPUR(DISTRICT PLANNING OFFICER SAMASTIPUR_IDA),SHAMBHAVI,SAMASTIPUR(SC),22-Aug-26,THAKUR AMRENDRA KUMAR SINGH,Payment Success,797038
2811,Madhya Pradesh,Construction of community centers and community halls,WS/MP18099/2026-2027/281679,BHOPAL(DISTRICT COLLECTOR BHOPAL_IDA),ALOK SHARMA,BHOPAL,24-Aug-26,Brahman Parishad berasia,Payment Success,700000
2812,Bihar,"Construction of roads, link roads, pathways or any other road with or without drainage system",WS/MP18042/2026-2027/259762,SAMASTIPUR(DISTRICT PLANNING OFFICER SAMASTIPUR_IDA),SHAMBHAVI,SAMASTIPUR(SC),21-Aug-26,MARUTI CONSTRUCTION,Payment Success,697438
2813,Himachal Pradesh,Construction of community centers and community halls,WS/MP18328/2025-2026/222518,MANDI(DEPUTY COMMISSIONER MANDI_IDA),Kangana Ranaut,MANDI,22-Aug-26,Gram Panchayat Langna,Payment Success,70000
2814,Himachal Pradesh,"Construction of roads, link roads, pathways or any other road with or without drainage system",WS/MP18328/2025-2026/222022,MANDI(DEPUTY COMMISSIONER MANDI_IDA),Kangana Ranaut,MANDI,22-Aug-26,Gram Panchayat Bhager,Payment Success,60000
2815,Rajasthan,Construction of community centers and community halls,WS/MP18162/2025-2026/187407,Shahpura(DISTRICT COLLECTOR Shahpura_IDA),DAMODAR AGARWAL,BHILWARA,22-Aug-26,Balaji Construction,Payment Success,393597
2816,Telangana,Development of playfields and sports grounds,WS/MP761/2026-2027/192188,Jagitial(DISTRICT COLLECTOR JAGTIAL_IDA),Arvind Dharmapuri,NIZAMABAD,21-Aug-26,GKNR Constructions and Man Power suppliers,Payment Success,436800
2817,Kerala,"Construction of roads, link roads, pathways or any other road with or without drainage system",WS/MP348/2025-2026/216596,THRISSUR(DISTRICT COLLECTOR THRISSUR_IDA),Shri Benny Behanan,CHALAKUDY,21-Aug-26,LIYON M V,Payment Success,620299
2818,West Bengal,Construction of culverts and bridges,WS/MP823/2025-2026/191917,NADIA(DISTRICT MAGISTRATE NADIA_IDA),Ms Mahua Moitra,KRISHNANAGAR,21-Aug-26,AGAMESWARI CO OPERATIVE LABOUR CONTRACT AND CONSTRUCTION SOCIETY LTD,Payment Success,3994199
2819,Gujarat,"Construction of roads, link roads, pathways or any other road with or without drainage system",WS/MP18058/2025-2026/270872,VADODARA(DISTRICT COLLECTOR VADODARA_IDA),DR. HEMANG JOSHI,VADODARA,21-Aug-26,Lachanpura Gram Panchayat,Payment Success,500000
2820,Maharashtra,"Construction of roads, link roads, pathways or any other road with or without drainage system",WS/MP18111/2026-2027/273202,AKOLA(DISTRICT COLLECTOR AKOLA_IDA),ANUP SANJAY DHOTRE,AKOLA,24-Aug-26,GRAM PANCHAYAT DURGWADA,Payment Success,972077
2821,Punjab,"Construction of roads, link roads, pathways or any other road with or without drainage system",WS/MP18154/2026-2027/276103,GURDASPUR(DEPUTY COMMISSIONER GURDASPUR_IDA),SUKHJINDER SINGH RANDHAWA,GURDASPUR,20-Aug-26,SB TRADING COMPANY,Payment Success,251900
2822,Andhra Pradesh,Construction of public irrigation facilities,WS/MP18351/2025-2026/234271,Nandyal(DISTRICT COLLECTOR NANDYAL_IDA),DR BYREDDY SHABARI,NANDYAL,25-Aug-26,EE APSIDC INTREST AND DISBURESEMENT,Payment Success,300000
2823,Rajasthan,Purchase of books and periodicals for libraries/digitization of library books,WS/MP18169/2026-2027/229775,RAJSAMAND(DISTRICT COLLECTOR RAJSAMAND_IDA),MAHIMA KUMARI MEWAR,RAJSAMAND,20-Aug-26,TANISHKA PRAKASHAN,Payment Success,4000000
2824,Uttarakhand,Development of public parks,WS/MP477/2026-2027/279797,ALMORA(DISTRICT MAGISTRATE ALMORA_IDA),Ajay Tamta,ALMORA(SC),24-Aug-26,SHANKER NATH,Payment Success,2400
2825,Uttar Pradesh,"Construction of roads, link roads, pathways or any other road with or without drainage system",WS/MP18390/2026-2027/148734,GHAZIPUR(DISTRICT MAGISTRAE GHAZIPUR_IDA),AFZAL ANSARI,GHAZIPUR,24-Aug-26,BDO Saidpur,Payment Success,299793
2826,Uttar Pradesh,"Construction of roads, link roads, pathways or any other road with or without drainage system",WS/MP18390/2026-2027/148735,GHAZIPUR(DISTRICT MAGISTRAE GHAZIPUR_IDA),AFZAL ANSARI,GHAZIPUR,24-Aug-26,BDO Saidpur,Payment Success,299486
2827,Punjab,Street lights,WS/MP18154/2026-2027/292663,GURDASPUR(DEPUTY COMMISSIONER GURDASPUR_IDA),SUKHJINDER SINGH RANDHAWA,GURDASPUR,20-Aug-26,SHUBH ENTERPRISES,Payment Success,300000
2828,Punjab,"Construction of roads, link roads, pathways or any other road with or without drainage system",WS/MP18154/2026-2027/277352,GURDASPUR(DEPUTY COMMISSIONER GURDASPUR_IDA),SUKHJINDER SINGH RANDHAWA,GURDASPUR,20-Aug-26,INTERLOCKING TILE FACTORY,Payment Success,500000
2829,Punjab,Crematoriums/energy efficient crematoriums or structures on burial/cremation ground,WS/MP18154/2026-2027/277870,GURDASPUR(DEPUTY COMMISSIONER GURDASPUR_IDA),SUKHJINDER SINGH RANDHAWA,GURDASPUR,20-Aug-26,NAHAR TRADING,Payment Success,175600
2830,Himachal Pradesh,"Construction of roads, link roads, pathways or any other road with or without drainage system",WS/MP18328/2025-2026/242407,MANDI(DEPUTY COMMISSIONER MANDI_IDA),Kangana Ranaut,MANDI,21-Aug-26,Munshi Ram,Payment Success,300000
2831,Bihar,Construction of public staircase/ stair ghat for public convenience,WS/MP18042/2025-2026/259638,SAMASTIPUR(DISTRICT PLANNING OFFICER SAMASTIPUR_IDA),SHAMBHAVI,SAMASTIPUR(SC),21-Aug-26,RAJEEV KUMAR SINGH,Payment Success,999370
2832,Gujarat,"Construction of roads, link roads, pathways or any other road with or without drainage system",WS/MP18324/2025-2026/219922,AMRELI(DISTRICT COLLECTOR AMRELI_IDA),BHARATBHAI MANUBHAI SUTARIYA,AMRELI,21-Aug-26,GRAM PANCHAYAT HAMAPUR,Payment Success,499262
2833,Gujarat,"Construction of roads, link roads, pathways or any other road with or without drainage system",WS/MP577/2025-2026/161809,Dahod(DISTRICT COLLECTOR DOHAD_IDA),Jaswantsinh Sumanbhai Bhabhor,DAHOD(ST),26-Aug-26,GRUP GRAMPANCHAYAT SANJELI,Payment Success,227240
2834,Gujarat,"Construction of roads, link roads, pathways or any other road with or without drainage system",WS/MP577/2025-2026/199271,Dahod(DISTRICT COLLECTOR DOHAD_IDA),Jaswantsinh Sumanbhai Bhabhor,DAHOD(ST),23-Aug-26,GRUP GRAMPANCHAYAT SANJELI,Payment Success,292453
2835,Tamil Nadu,Construction of buildings for crèches and anganwadies,WS/MP18181/2026-2027/305122,COIMBATORE(DISTRICT COLLECTOR COIMBATORE_IDA),ESWARASAMY K,POLLACHI,22-Aug-26,Raju S,Payment Success,1500000
2836,Madhya Pradesh,"Construction of roads, link roads, pathways or any other road with or without drainage system",WS/MP640/2026-2027/163384,DINDORI(District Collector Dindori_IDA),Faggan Singh Kulaste,MANDLA(ST),19-Aug-26,MANISH CONSTRUCTION AND VENDORS,Payment Success,300000
2837,Madhya Pradesh,"Construction of roads, link roads, pathways or any other road with or without drainage system",WS/MP640/2026-2027/163384,DINDORI(District Collector Dindori_IDA),Faggan Singh Kulaste,MANDLA(ST),24-Aug-26,MANISH CONSTRUCTION AND VENDORS,Payment Success,200000
2838,Punjab,Construction of public toilets and bathrooms,WS/MP18158/2025-2026/201323,PATIALA(DEPUTY COMMISSIONER PATIALA_IDA),DR DHARAMVIRA GANDHI,PATIALA,21-Aug-26,SHREE BALAJI ENTERPRISES,Payment Success,11092
2839,Punjab,Construction of public toilets and bathrooms,WS/MP18158/2025-2026/201323,PATIALA(DEPUTY COMMISSIONER PATIALA_IDA),DR DHARAMVIRA GANDHI,PATIALA,21-Aug-26,NEW MAHA LUXMI BRICKS,Payment Success,2448
2840,Punjab,Construction of public toilets and bathrooms,WS/MP18158/2025-2026/201323,PATIALA(DEPUTY COMMISSIONER PATIALA_IDA),DR DHARAMVIRA GANDHI,PATIALA,21-Aug-26,NEW MAHA LUXMI BRICKS,Payment Success,38361
2841,Punjab,Construction of public toilets and bathrooms,WS/MP18158/2025-2026/201323,PATIALA(DEPUTY COMMISSIONER PATIALA_IDA),DR DHARAMVIRA GANDHI,PATIALA,19-Aug-26,yuvraj electrical,Payment Success,1984
2842,Punjab,Construction of public toilets and bathrooms,WS/MP18158/2025-2026/201323,PATIALA(DEPUTY COMMISSIONER PATIALA_IDA),DR DHARAMVIRA GANDHI,PATIALA,19-Aug-26,yuvraj electrical,Payment Success,3635
2843,Odisha,Construction of community centers and community halls,WS/MP18146/2025-2026/177757,Kendujhar(DISTRICT COLLECTOR KEONJHAR_IDA),ANANTA NAYAK,KEONJHAR(ST),21-Aug-26,BABALU BEHERA,Payment Success,291000
2844,Assam,Construction of community centers and community halls,WS/MP18022/2026-2027/265553,TINSUKIA(DC Tinsukia),Shri Sarbananda Sonowal (18LS),DIBRUGARH,24-Aug-26,Raju Gogoi,Payment Success,500000
2845,Uttarakhand,Construction of community centers and community halls,WS/MP021/2025-2026/208921,NAINITAL(DISTRICT MAGISTRATE NAINITAL_IDA),Ajay Bhatt,NAINITAL UDHAM SINGH NAG.,23-Aug-26,NEELAM,Payment Success,18300
2846,Jammu And Kashmir,"Construction of flood control embankments/ protection walls along riverbanks, hilltops, roadsides",WS/MP600/2026-2027/274178,KATHUA(DISTRICT DEVELOPMENT COMMISSIONER KATHUA_IDA),Jitendra Singh,UDHAMPUR,21-Aug-26,SAROJ BALA,Payment Success,202000
2847,Gujarat,"Construction of roads, link roads, pathways or any other road with or without drainage system",WS/MP577/2024-2025/133597,Dahod(DISTRICT COLLECTOR DOHAD_IDA),Jaswantsinh Sumanbhai Bhabhor,DAHOD(ST),20-Aug-26,GRAM PANCHAYAT NIMACH,Payment Success,249291
2848,West Bengal,"Construction of roads, link roads, pathways or any other road with or without drainage system",WS/MP423/2025-2026/201433,KOLKATA(COMMISSIONER KOLKATA MUNICIPAL CORPORATION_IDA),Shri Abhishek Banerjee,DIAMOND HARBOUR,24-Aug-26,EVEREST CONSTRUCTION,Payment Success,799755
2849,Odisha,Construction of boundary walls of existing public and community buildings,WS/MP18144/2026-2027/269154,KALAHANDI(DISTRICT COLLECTOR KALAHANDI_IDA),MALVIKA DEVI,KALAHANDI,19-Aug-26,Hareram Panda,Payment Success,500000
2850,Gujarat,Construction of public irrigation facilities,WS/MP577/2025-2026/133602,Dahod(DISTRICT COLLECTOR DOHAD_IDA),Jaswantsinh Sumanbhai Bhabhor,DAHOD(ST),20-Aug-26,GRAM PANCHAYAT NADHELAV,Payment Success,250000
2851,Punjab,Street lights,WS/MP18154/2025-2026/259404,GURDASPUR(DEPUTY COMMISSIONER GURDASPUR_IDA),SUKHJINDER SINGH RANDHAWA,GURDASPUR,21-Aug-26,M S Aulakh Contractors,Payment Success,250000
2852,Haryana,"Construction of roads, link roads, pathways or any other road with or without drainage system",WS/MP18062/2025-2026/228316,HISAR(DEPUTY COMMISSIONER HISSAR_IDA),JAI PARKASH,HISAR,21-Aug-26,The HR Co Op LC Society Ltd,Payment Success,296849
2853,Madhya Pradesh,Construction of community centers and community halls,"WS/	 MP443/2026-2027/292931",RAJGARH(DISTRICT COLLECTOR RAJGARH_IDA),Rodmal Nagar,RAJGARH,18-Aug-26,GP JAMONIYA JP BIAORA,Payment Success,150000
2854,Chhattisgarh,Construction of culverts and bridges,WS/MP18051/2026-2027/294537,GARIYABAND(Collectro Gariaband_IDA),ROOP KUMARI CHOUDHARY,MAHASAMUND,24-Aug-26,GRYGRAM PAN SENDMUDA,Payment Success,320000
2855,Chhattisgarh,Construction of culverts and bridges,WS/MP18051/2026-2027/294540,GARIYABAND(Collectro Gariaband_IDA),ROOP KUMARI CHOUDHARY,MAHASAMUND,24-Aug-26,GRAM PANCHAYAT KHOKSARA,Payment Success,320000
2856,Chhattisgarh,Construction of culverts and bridges,WS/MP18051/2026-2027/294539,GARIYABAND(Collectro Gariaband_IDA),ROOP KUMARI CHOUDHARY,MAHASAMUND,24-Aug-26,SRYGR PANCH JHIRIPANI,Payment Success,320000
2857,Rajasthan,"Construction of roads, link roads, pathways or any other road with or without drainage system",WS/MP18161/2026-2027/270073,BHARATPUR(DISTRICT COLLECTOR BHARATPUR_IDA),SANJNA JATAV,BHARATPUR(SC),18-Aug-26,umesh chand,Payment Success,415580
2858,Rajasthan,"Construction of roads, link roads, pathways or any other road with or without drainage system",WS/MP18161/2026-2027/270073,BHARATPUR(DISTRICT COLLECTOR BHARATPUR_IDA),SANJNA JATAV,BHARATPUR(SC),21-Aug-26,banwari,Payment Success,3705
2859,Rajasthan,"Construction of roads, link roads, pathways or any other road with or without drainage system",WS/MP18161/2026-2027/270073,BHARATPUR(DISTRICT COLLECTOR BHARATPUR_IDA),SANJNA JATAV,BHARATPUR(SC),21-Aug-26,BHUPENDRA KUMAR,Payment Success,9750
2860,Rajasthan,"Construction of roads, link roads, pathways or any other road with or without drainage system",WS/MP18161/2026-2027/270073,BHARATPUR(DISTRICT COLLECTOR BHARATPUR_IDA),SANJNA JATAV,BHARATPUR(SC),21-Aug-26,DHARMENDRA KUMAR,Payment Success,3705
2861,Rajasthan,"Construction of roads, link roads, pathways or any other road with or without drainage system",WS/MP18161/2026-2027/270073,BHARATPUR(DISTRICT COLLECTOR BHARATPUR_IDA),SANJNA JATAV,BHARATPUR(SC),21-Aug-26,GAJEBDRA,Payment Success,9750
2862,Rajasthan,"Construction of roads, link roads, pathways or any other road with or without drainage system",WS/MP18161/2026-2027/270073,BHARATPUR(DISTRICT COLLECTOR BHARATPUR_IDA),SANJNA JATAV,BHARATPUR(SC),21-Aug-26,HARI OM,Payment Success,3705
2863,Rajasthan,"Construction of roads, link roads, pathways or any other road with or without drainage system",WS/MP18161/2026-2027/270073,BHARATPUR(DISTRICT COLLECTOR BHARATPUR_IDA),SANJNA JATAV,BHARATPUR(SC),21-Aug-26,KELLA DEVI,Payment Success,3705
2864,Rajasthan,"Construction of roads, link roads, pathways or any other road with or without drainage system",WS/MP18161/2026-2027/270073,BHARATPUR(DISTRICT COLLECTOR BHARATPUR_IDA),SANJNA JATAV,BHARATPUR(SC),21-Aug-26,MAHESH CHAND,Payment Success,3705
2865,Rajasthan,"Construction of roads, link roads, pathways or any other road with or without drainage system",WS/MP18161/2026-2027/270073,BHARATPUR(DISTRICT COLLECTOR BHARATPUR_IDA),SANJNA JATAV,BHARATPUR(SC),21-Aug-26,MANJU,Payment Success,3705
2866,Rajasthan,"Construction of roads, link roads, pathways or any other road with or without drainage system",WS/MP18161/2026-2027/270073,BHARATPUR(DISTRICT COLLECTOR BHARATPUR_IDA),SANJNA JATAV,BHARATPUR(SC),21-Aug-26,NARENDRA KUMAR,Payment Success,3705
2867,Andhra Pradesh,Installing tube-wells and borewells,WS/MP526/2026-2027/269796,Y.S.R. Kadapa(DISTRICT COLLECTOR CUDDAPAH_IDA),Y S Avinash Reddy,KADAPA,19-Aug-26,MALLIBOYANA BALAKRISHNA,Payment Success,449836
2868,Andhra Pradesh,Providing supply pipelines for drinking water,WS/MP526/2024-2025/147535,Y.S.R. Kadapa(DISTRICT COLLECTOR CUDDAPAH_IDA),Y S Avinash Reddy,KADAPA,19-Aug-26,MALLIBOYANA BALAKRISHNA,Payment Success,109235
2869,Rajasthan,"Construction of roads, link roads, pathways or any other road with or without drainage system",WS/MP18161/2026-2027/270073,BHARATPUR(DISTRICT COLLECTOR BHARATPUR_IDA),SANJNA JATAV,BHARATPUR(SC),21-Aug-26,NAVNIT TIWARI,Payment Success,3705
2870,Rajasthan,"Construction of roads, link roads, pathways or any other road with or without drainage system",WS/MP18161/2026-2027/270073,BHARATPUR(DISTRICT COLLECTOR BHARATPUR_IDA),SANJNA JATAV,BHARATPUR(SC),21-Aug-26,PAWAN DAI,Payment Success,3705
2871,Rajasthan,"Construction of roads, link roads, pathways or any other road with or without drainage system",WS/MP18161/2026-2027/270073,BHARATPUR(DISTRICT COLLECTOR BHARATPUR_IDA),SANJNA JATAV,BHARATPUR(SC),21-Aug-26,PREETI KUMARI,Payment Success,3705
2872,Rajasthan,"Construction of roads, link roads, pathways or any other road with or without drainage system",WS/MP18161/2026-2027/270073,BHARATPUR(DISTRICT COLLECTOR BHARATPUR_IDA),SANJNA JATAV,BHARATPUR(SC),21-Aug-26,RAMESH CHAND,Payment Success,3705
2873,Rajasthan,"Construction of roads, link roads, pathways or any other road with or without drainage system",WS/MP18161/2026-2027/270073,BHARATPUR(DISTRICT COLLECTOR BHARATPUR_IDA),SANJNA JATAV,BHARATPUR(SC),21-Aug-26,RAVINDRA KUMAR,Payment Success,3705
2874,Rajasthan,"Construction of roads, link roads, pathways or any other road with or without drainage system",WS/MP18161/2026-2027/270073,BHARATPUR(DISTRICT COLLECTOR BHARATPUR_IDA),SANJNA JATAV,BHARATPUR(SC),21-Aug-26,UMESH KUMAR,Payment Success,3705
2875,Rajasthan,"Construction of roads, link roads, pathways or any other road with or without drainage system",WS/MP18161/2026-2027/270073,BHARATPUR(DISTRICT COLLECTOR BHARATPUR_IDA),SANJNA JATAV,BHARATPUR(SC),21-Aug-26,YATENDRA KUMAR,Payment Success,9750
2876,Rajasthan,"Construction of roads, link roads, pathways or any other road with or without drainage system",WS/MP18161/2026-2027/270073,BHARATPUR(DISTRICT COLLECTOR BHARATPUR_IDA),SANJNA JATAV,BHARATPUR(SC),21-Aug-26,YOGESH,Payment Success,3705
2877,Uttar Pradesh,Construction of rooms and halls in school and colleges,WS/MP791/2026-2027/252221,Siddharthnagar(DISTRICT MAGISTRATE SIDDHARTH NAGAR_IDA),Jagdambika Pal,DOMARIYAGANJ,19-Aug-26,DDU KANYA INTER COLLEGE MITHAUWA,Payment Success,300000
2878,Chhattisgarh,"Construction of roads, link roads, pathways or any other road with or without drainage system",WS/MP568/2026-2027/291810,DURG(DISTRICT COLLECTOR DURG_IDA),Vijay Baghel,DURG,18-Aug-26,SARPANCH GRAM PANCHAYAT JAMGAON M,Payment Success,260000
2879,Chhattisgarh,Construction of common work sheds/ common covered sitting area,WS/MP568/2026-2027/291808,DURG(DISTRICT COLLECTOR DURG_IDA),Vijay Baghel,DURG,18-Aug-26,SARPANCH GRAM PANCHAYAT TELIGUNDRA,Payment Success,350000
2880,Himachal Pradesh,Construction of footpaths and pedestrian ways,WS/MP18328/2026-2027/273147,MANDI(DEPUTY COMMISSIONER MANDI_IDA),Kangana Ranaut,MANDI,24-Aug-26,GP Thali,Payment Success,80000
2881,Maharashtra,Construction of common work sheds/ common covered sitting area,WS/MP18369/2026-2027/165950,YAVATMAL(DISTRICT COLLECTOR YAVATMAL_IDA),Sanjay Uttamrao Deshmukh,YAVATMAL-WASHIM,17-Aug-26,AAVESH RAUF SHEIKH,Payment Success,198998
2882,Punjab,Construction of additional rooms and halls in the existing public and community building,WS/MP18314/2025-2026/190974,BARNALA(DEPUTY COMMISSIONER BARNALA_IDA),GURMEET SINGH MEET HAYER,SANGRUR,19-Aug-26,Sunil Enterprises Dirba,Payment Success,30078
2883,Maharashtra,Construction of community centers and community halls,WS/MP18111/2026-2027/273222,AKOLA(DISTRICT COLLECTOR AKOLA_IDA),ANUP SANJAY DHOTRE,AKOLA,19-Aug-26,GP KHERDA BK STHANIK VIKAS NIDHI,Payment Success,986945
2884,Karnataka,"Construction of roads, link roads, pathways or any other road with or without drainage system",WS/MP18086/2026-2027/194015,HASSAN(DEPUTY COMMISSIONER HASSAN_IDA),SHREYAS. M. PATEL,HASSAN,17-Aug-26,C S RAMESH,Payment Success,225000
2885,Punjab,Installation of multi-gym equipment,WS/MP18155/2025-2026/247632,HOSHIARPUR(DEPUTY COMMISSIONER HOSHIARPUR_IDA),DR. RAJ KUMAR CHABBEWAL,HOSHIARPUR(SC),21-Aug-26,Ms Badyal Brothers Cement Store,Payment Success,32000
2886,Punjab,Installation of multi-gym equipment,WS/MP18155/2025-2026/247632,HOSHIARPUR(DEPUTY COMMISSIONER HOSHIARPUR_IDA),DR. RAJ KUMAR CHABBEWAL,HOSHIARPUR(SC),21-Aug-26,Ms Badyal Brothers Cement Store,Payment Success,32000
2887,Punjab,Installation of multi-gym equipment,WS/MP18155/2025-2026/247632,HOSHIARPUR(DEPUTY COMMISSIONER HOSHIARPUR_IDA),DR. RAJ KUMAR CHABBEWAL,HOSHIARPUR(SC),21-Aug-26,Ms Badyal Brothers Cement Store,Payment Success,73065
2888,Punjab,Installation of multi-gym equipment,WS/MP18155/2025-2026/247632,HOSHIARPUR(DEPUTY COMMISSIONER HOSHIARPUR_IDA),DR. RAJ KUMAR CHABBEWAL,HOSHIARPUR(SC),21-Aug-26,Ms Badyal Brothers Cement Store,Payment Success,17935
2889,Uttar Pradesh,Lighting of public spaces,WS/MP18227/2026-2027/280079,AZAMGARH(DISTRICT MAGISTRATE AZAMGARH_IDA),DAROGA PRASAD SAROJ,LALGANJ (SC),19-Aug-26,Naina Devi Construction,Payment Success,260852
2890,Uttar Pradesh,Lighting of public spaces,WS/MP18227/2026-2027/280080,AZAMGARH(DISTRICT MAGISTRATE AZAMGARH_IDA),DAROGA PRASAD SAROJ,LALGANJ (SC),19-Aug-26,Naina Devi Construction,Payment Success,260852
2891,Uttar Pradesh,Lighting of public spaces,WS/MP18227/2026-2027/280081,AZAMGARH(DISTRICT MAGISTRATE AZAMGARH_IDA),DAROGA PRASAD SAROJ,LALGANJ (SC),19-Aug-26,Naina Devi Construction,Payment Success,260852
2892,Uttar Pradesh,Lighting of public spaces,WS/MP18227/2026-2027/280082,AZAMGARH(DISTRICT MAGISTRATE AZAMGARH_IDA),DAROGA PRASAD SAROJ,LALGANJ (SC),19-Aug-26,Naina Devi Construction,Payment Success,260852
2893,Uttar Pradesh,Lighting of public spaces,WS/MP18227/2026-2027/280083,AZAMGARH(DISTRICT MAGISTRATE AZAMGARH_IDA),DAROGA PRASAD SAROJ,LALGANJ (SC),19-Aug-26,Naina Devi Construction,Payment Success,260852
2894,Uttar Pradesh,Lighting of public spaces,WS/MP18227/2026-2027/280084,AZAMGARH(DISTRICT MAGISTRATE AZAMGARH_IDA),DAROGA PRASAD SAROJ,LALGANJ (SC),19-Aug-26,Naina Devi Construction,Payment Success,260852
2895,Uttar Pradesh,Lighting of public spaces,WS/MP18227/2026-2027/280085,AZAMGARH(DISTRICT MAGISTRATE AZAMGARH_IDA),DAROGA PRASAD SAROJ,LALGANJ (SC),19-Aug-26,Naina Devi Construction,Payment Success,260852
2896,Uttar Pradesh,Lighting of public spaces,WS/MP18227/2026-2027/280086,AZAMGARH(DISTRICT MAGISTRATE AZAMGARH_IDA),DAROGA PRASAD SAROJ,LALGANJ (SC),19-Aug-26,Naina Devi Construction,Payment Success,260852
2897,Uttar Pradesh,Lighting of public spaces,WS/MP18227/2026-2027/280087,AZAMGARH(DISTRICT MAGISTRATE AZAMGARH_IDA),DAROGA PRASAD SAROJ,LALGANJ (SC),19-Aug-26,Naina Devi Construction,Payment Success,260852
2898,Uttar Pradesh,Lighting of public spaces,WS/MP18227/2026-2027/280088,AZAMGARH(DISTRICT MAGISTRATE AZAMGARH_IDA),DAROGA PRASAD SAROJ,LALGANJ (SC),19-Aug-26,Naina Devi Construction,Payment Success,260852
2899,Uttar Pradesh,Lighting of public spaces,WS/MP18227/2026-2027/280089,AZAMGARH(DISTRICT MAGISTRATE AZAMGARH_IDA),DAROGA PRASAD SAROJ,LALGANJ (SC),19-Aug-26,Naina Devi Construction,Payment Success,260852
2900,Uttar Pradesh,Lighting of public spaces,WS/MP18227/2026-2027/280090,AZAMGARH(DISTRICT MAGISTRATE AZAMGARH_IDA),DAROGA PRASAD SAROJ,LALGANJ (SC),19-Aug-26,Naina Devi Construction,Payment Success,260852
2901,Uttar Pradesh,Lighting of public spaces,WS/MP18227/2026-2027/280091,AZAMGARH(DISTRICT MAGISTRATE AZAMGARH_IDA),DAROGA PRASAD SAROJ,LALGANJ (SC),19-Aug-26,Naina Devi Construction,Payment Success,260852
2902,Uttar Pradesh,Lighting of public spaces,WS/MP18227/2026-2027/280092,AZAMGARH(DISTRICT MAGISTRATE AZAMGARH_IDA),DAROGA PRASAD SAROJ,LALGANJ (SC),19-Aug-26,Naina Devi Construction,Payment Success,260852
2903,Uttar Pradesh,Lighting of public spaces,WS/MP18227/2026-2027/280093,AZAMGARH(DISTRICT MAGISTRATE AZAMGARH_IDA),DAROGA PRASAD SAROJ,LALGANJ (SC),19-Aug-26,Naina Devi Construction,Payment Success,260852
2904,Uttar Pradesh,Lighting of public spaces,WS/MP18227/2026-2027/280094,AZAMGARH(DISTRICT MAGISTRATE AZAMGARH_IDA),DAROGA PRASAD SAROJ,LALGANJ (SC),19-Aug-26,Naina Devi Construction,Payment Success,260852
2905,Uttar Pradesh,Lighting of public spaces,WS/MP18227/2026-2027/280095,AZAMGARH(DISTRICT MAGISTRATE AZAMGARH_IDA),DAROGA PRASAD SAROJ,LALGANJ (SC),19-Aug-26,Naina Devi Construction,Payment Success,260852
2906,Uttar Pradesh,Lighting of public spaces,WS/MP18227/2026-2027/280096,AZAMGARH(DISTRICT MAGISTRATE AZAMGARH_IDA),DAROGA PRASAD SAROJ,LALGANJ (SC),19-Aug-26,Naina Devi Construction,Payment Success,260852
2907,Uttar Pradesh,Lighting of public spaces,WS/MP18227/2026-2027/280097,AZAMGARH(DISTRICT MAGISTRATE AZAMGARH_IDA),DAROGA PRASAD SAROJ,LALGANJ (SC),19-Aug-26,Naina Devi Construction,Payment Success,260852
2908,Uttar Pradesh,Lighting of public spaces,WS/MP18227/2026-2027/280098,AZAMGARH(DISTRICT MAGISTRATE AZAMGARH_IDA),DAROGA PRASAD SAROJ,LALGANJ (SC),19-Aug-26,Naina Devi Construction,Payment Success,260852
2909,Uttar Pradesh,Lighting of public spaces,WS/MP18227/2026-2027/280099,AZAMGARH(DISTRICT MAGISTRATE AZAMGARH_IDA),DAROGA PRASAD SAROJ,LALGANJ (SC),19-Aug-26,Naina Devi Construction,Payment Success,260852
2910,Uttar Pradesh,Lighting of public spaces,WS/MP18227/2026-2027/280100,AZAMGARH(DISTRICT MAGISTRATE AZAMGARH_IDA),DAROGA PRASAD SAROJ,LALGANJ (SC),19-Aug-26,Naina Devi Construction,Payment Success,260852
2911,Uttar Pradesh,Lighting of public spaces,WS/MP18227/2026-2027/280101,AZAMGARH(DISTRICT MAGISTRATE AZAMGARH_IDA),DAROGA PRASAD SAROJ,LALGANJ (SC),19-Aug-26,Naina Devi Construction,Payment Success,260852
2912,Uttar Pradesh,Lighting of public spaces,WS/MP18227/2026-2027/280102,AZAMGARH(DISTRICT MAGISTRATE AZAMGARH_IDA),DAROGA PRASAD SAROJ,LALGANJ (SC),19-Aug-26,Naina Devi Construction,Payment Success,260852
2913,Uttar Pradesh,Lighting of public spaces,WS/MP18227/2026-2027/280103,AZAMGARH(DISTRICT MAGISTRATE AZAMGARH_IDA),DAROGA PRASAD SAROJ,LALGANJ (SC),19-Aug-26,Naina Devi Construction,Payment Success,260852
2914,Uttar Pradesh,Lighting of public spaces,WS/MP18227/2026-2027/280104,AZAMGARH(DISTRICT MAGISTRATE AZAMGARH_IDA),DAROGA PRASAD SAROJ,LALGANJ (SC),19-Aug-26,Naina Devi Construction,Payment Success,260852
2915,Uttar Pradesh,Lighting of public spaces,WS/MP18227/2026-2027/280105,AZAMGARH(DISTRICT MAGISTRATE AZAMGARH_IDA),DAROGA PRASAD SAROJ,LALGANJ (SC),19-Aug-26,Naina Devi Construction,Payment Success,260852
2916,Uttar Pradesh,Lighting of public spaces,WS/MP18227/2026-2027/280108,AZAMGARH(DISTRICT MAGISTRATE AZAMGARH_IDA),DAROGA PRASAD SAROJ,LALGANJ (SC),19-Aug-26,Naina Devi Construction,Payment Success,260852
2917,Uttar Pradesh,Lighting of public spaces,WS/MP18227/2026-2027/280109,AZAMGARH(DISTRICT MAGISTRATE AZAMGARH_IDA),DAROGA PRASAD SAROJ,LALGANJ (SC),19-Aug-26,Naina Devi Construction,Payment Success,260852
2918,Uttar Pradesh,Lighting of public spaces,WS/MP18227/2026-2027/280110,AZAMGARH(DISTRICT MAGISTRATE AZAMGARH_IDA),DAROGA PRASAD SAROJ,LALGANJ (SC),19-Aug-26,Naina Devi Construction,Payment Success,260852
2919,Uttar Pradesh,Lighting of public spaces,WS/MP18227/2026-2027/280111,AZAMGARH(DISTRICT MAGISTRATE AZAMGARH_IDA),DAROGA PRASAD SAROJ,LALGANJ (SC),19-Aug-26,Naina Devi Construction,Payment Success,260852
2920,Uttar Pradesh,Lighting of public spaces,WS/MP18227/2026-2027/280112,AZAMGARH(DISTRICT MAGISTRATE AZAMGARH_IDA),DAROGA PRASAD SAROJ,LALGANJ (SC),19-Aug-26,Naina Devi Construction,Payment Success,260852
2921,Uttar Pradesh,Lighting of public spaces,WS/MP18227/2026-2027/280113,AZAMGARH(DISTRICT MAGISTRATE AZAMGARH_IDA),DAROGA PRASAD SAROJ,LALGANJ (SC),19-Aug-26,Naina Devi Construction,Payment Success,260852
2922,Odisha,"Construction of roads, link roads, pathways or any other road with or without drainage system",WS/MP18146/2026-2027/177755,Kendujhar(DISTRICT COLLECTOR KEONJHAR_IDA),ANANTA NAYAK,KEONJHAR(ST),21-Aug-26,BDO GHASIPURA ROYALTY,Payment Success,16869
2923,Uttarakhand,Development of public parks,WS/MP477/2026-2027/279797,ALMORA(DISTRICT MAGISTRATE ALMORA_IDA),Ajay Tamta,ALMORA(SC),19-Aug-26,K R AND SONS Binta Almora,Payment Success,94297
2924,Uttarakhand,Development of public parks,WS/MP477/2026-2027/279797,ALMORA(DISTRICT MAGISTRATE ALMORA_IDA),Ajay Tamta,ALMORA(SC),24-Aug-26,VINOD CHANDRA,Payment Success,8136
2925,Uttarakhand,Development of public parks,WS/MP477/2026-2027/279797,ALMORA(DISTRICT MAGISTRATE ALMORA_IDA),Ajay Tamta,ALMORA(SC),24-Aug-26,BHUWAN CHANDRA JOSHI,Payment Success,8136
2926,Uttarakhand,Development of public parks,WS/MP477/2026-2027/279797,ALMORA(DISTRICT MAGISTRATE ALMORA_IDA),Ajay Tamta,ALMORA(SC),24-Aug-26,SURESH CHANDRA,Payment Success,5400
2927,Uttarakhand,Development of public parks,WS/MP477/2026-2027/279797,ALMORA(DISTRICT MAGISTRATE ALMORA_IDA),Ajay Tamta,ALMORA(SC),24-Aug-26,Khasti Devi Joshi,Payment Success,5400
2928,Uttarakhand,Development of public parks,WS/MP477/2026-2027/279797,ALMORA(DISTRICT MAGISTRATE ALMORA_IDA),Ajay Tamta,ALMORA(SC),24-Aug-26,BHUWAN CHANDRA MATHPAL,Payment Success,5400
2929,Uttarakhand,Development of public parks,WS/MP477/2026-2027/279797,ALMORA(DISTRICT MAGISTRATE ALMORA_IDA),Ajay Tamta,ALMORA(SC),24-Aug-26,MAMTA MATHPAL,Payment Success,5400
2930,Uttarakhand,Development of public parks,WS/MP477/2026-2027/279797,ALMORA(DISTRICT MAGISTRATE ALMORA_IDA),Ajay Tamta,ALMORA(SC),24-Aug-26,BABITA PATHAK,Payment Success,5400
2931,Uttarakhand,Development of public parks,WS/MP477/2026-2027/279797,ALMORA(DISTRICT MAGISTRATE ALMORA_IDA),Ajay Tamta,ALMORA(SC),24-Aug-26,DAYA DEVI,Payment Success,5400
2932,Uttarakhand,Development of public parks,WS/MP477/2026-2027/279797,ALMORA(DISTRICT MAGISTRATE ALMORA_IDA),Ajay Tamta,ALMORA(SC),24-Aug-26,TULSI DEVI JOSHI,Payment Success,5400
2933,Uttarakhand,Development of public parks,WS/MP477/2026-2027/279797,ALMORA(DISTRICT MAGISTRATE ALMORA_IDA),Ajay Tamta,ALMORA(SC),24-Aug-26,BHUWAN SINGH,Payment Success,5400
2934,Uttarakhand,Development of public parks,WS/MP477/2026-2027/279797,ALMORA(DISTRICT MAGISTRATE ALMORA_IDA),Ajay Tamta,ALMORA(SC),24-Aug-26,ANIL KUMAR,Payment Success,5400
2935,Uttarakhand,Development of public parks,WS/MP477/2026-2027/279797,ALMORA(DISTRICT MAGISTRATE ALMORA_IDA),Ajay Tamta,ALMORA(SC),24-Aug-26,CHARU  JOSHI,Payment Success,5400
2936,Uttarakhand,Development of public parks,WS/MP477/2026-2027/279797,ALMORA(DISTRICT MAGISTRATE ALMORA_IDA),Ajay Tamta,ALMORA(SC),24-Aug-26,MUNNI DEVI,Payment Success,5400
2937,Uttarakhand,Development of public parks,WS/MP477/2026-2027/279797,ALMORA(DISTRICT MAGISTRATE ALMORA_IDA),Ajay Tamta,ALMORA(SC),24-Aug-26,DHAN SINGH,Payment Success,5400
2938,Uttarakhand,Development of public parks,WS/MP477/2026-2027/279797,ALMORA(DISTRICT MAGISTRATE ALMORA_IDA),Ajay Tamta,ALMORA(SC),24-Aug-26,KHEEMA  NATH,Payment Success,5400
2939,Uttarakhand,Development of public parks,WS/MP477/2026-2027/279797,ALMORA(DISTRICT MAGISTRATE ALMORA_IDA),Ajay Tamta,ALMORA(SC),24-Aug-26,DEVKI DEVI,Payment Success,5400
2940,Uttarakhand,Development of public parks,WS/MP477/2026-2027/279797,ALMORA(DISTRICT MAGISTRATE ALMORA_IDA),Ajay Tamta,ALMORA(SC),24-Aug-26,NEEMA,Payment Success,2400
2941,Uttarakhand,Development of public parks,WS/MP477/2026-2027/279797,ALMORA(DISTRICT MAGISTRATE ALMORA_IDA),Ajay Tamta,ALMORA(SC),24-Aug-26,MANOJ MATHPAL,Payment Success,2400
2942,Uttarakhand,Construction of community centers and community halls,WS/MP021/2025-2026/208921,NAINITAL(DISTRICT MAGISTRATE NAINITAL_IDA),Ajay Bhatt,NAINITAL UDHAM SINGH NAG.,23-Aug-26,vishal,Payment Success,18300
2943,Madhya Pradesh,Development of public parks,WS/MP643/2025-2026/259819,BURHANPUR(District Collector Burhanpur_IDA),Gyaneshwar Patil,KHANDWA,17-Aug-26,gram panchayat bhawsa,Payment Success,500000
2944,Kerala,"Construction of roads, link roads, pathways or any other road with or without drainage system",WS/MP18264/2025-2026/208761,ERNAKULAM(DISTRICT COLLECTOR ERNAKULAM_IDA),ADV K FRANCIS GEORGE,KOTTAYAM,17-Aug-26,Sabu K A,Payment Success,367621
2945,Chhattisgarh,"Construction of roads, link roads, pathways or any other road with or without drainage system",WS/MP568/2026-2027/295316,BEMETARA(Collector Bemetara_IDA),Vijay Baghel,DURG,18-Aug-26,GRAM PANCHAYT SARDA,Payment Success,375000
2946,Telangana,Installing tube-wells and borewells,WS/MP770/2026-2027/245426,KARIMNAGAR(DISTRICT COLLECTOR KARIMNAGAR_IDA),Sanjay Kumar Bandi,KARIMNAGAR,19-Aug-26,Gunta Ravi,Payment Success,192229
2947,Telangana,Installing tube-wells and borewells,WS/MP770/2026-2027/245428,KARIMNAGAR(DISTRICT COLLECTOR KARIMNAGAR_IDA),Sanjay Kumar Bandi,KARIMNAGAR,19-Aug-26,Gunta Ravi,Payment Success,184482
2948,Tamil Nadu,"Construction of roads, link roads, pathways or any other road with or without drainage system",WS/MP756/2026-2027/242938,PERAMBALUR(DISTRICT COLLECTOR PERAMBALUR_IDA),Thirumaa Valavan Thol,CHIDAMBARAM(SC),18-Aug-26,SUNDARASU,Payment Success,382845
2949,Chhattisgarh,"Construction of roads, link roads, pathways or any other road with or without drainage system",WS/MP568/2026-2027/298663,BEMETARA(Collector Bemetara_IDA),Vijay Baghel,DURG,18-Aug-26,GRAM PANCHAYT KHARRA,Payment Success,400000
2950,Chhattisgarh,"Construction of roads, link roads, pathways or any other road with or without drainage system",WS/MP568/2026-2027/298666,BEMETARA(Collector Bemetara_IDA),Vijay Baghel,DURG,18-Aug-26,GRAM PANCHAYAT KHAMTRAI,Payment Success,400000
2951,Chhattisgarh,"Construction of roads, link roads, pathways or any other road with or without drainage system",WS/MP568/2026-2027/298665,BEMETARA(Collector Bemetara_IDA),Vijay Baghel,DURG,18-Aug-26,GRAM PANCHAYT GODGIRI,Payment Success,400000
2952,Chhattisgarh,"Construction of roads, link roads, pathways or any other road with or without drainage system",WS/MP568/2026-2027/298664,BEMETARA(Collector Bemetara_IDA),Vijay Baghel,DURG,18-Aug-26,GRAM PANCHAYT DEVRI,Payment Success,400000
2953,Rajasthan,"Construction of roads, link roads, pathways or any other road with or without drainage system",WS/MP18161/2026-2027/268581,Deeg(DISTRICT COLLECTOR Deeg_IDA),SANJNA JATAV,BHARATPUR(SC),16-Aug-26,aakash,Payment Success,10500
2954,Rajasthan,"Construction of roads, link roads, pathways or any other road with or without drainage system",WS/MP18161/2026-2027/268581,Deeg(DISTRICT COLLECTOR Deeg_IDA),SANJNA JATAV,BHARATPUR(SC),16-Aug-26,pohap singh,Payment Success,10500
2955,Rajasthan,"Construction of roads, link roads, pathways or any other road with or without drainage system",WS/MP18161/2026-2027/268581,Deeg(DISTRICT COLLECTOR Deeg_IDA),SANJNA JATAV,BHARATPUR(SC),20-Aug-26,pohap singh,Payment Success,4067
2956,Rajasthan,"Construction of roads, link roads, pathways or any other road with or without drainage system",WS/MP18161/2026-2027/268581,Deeg(DISTRICT COLLECTOR Deeg_IDA),SANJNA JATAV,BHARATPUR(SC),16-Aug-26,mahavir singh,Payment Success,3990
2957,Rajasthan,"Construction of roads, link roads, pathways or any other road with or without drainage system",WS/MP18161/2026-2027/268581,Deeg(DISTRICT COLLECTOR Deeg_IDA),SANJNA JATAV,BHARATPUR(SC),16-Aug-26,guddi devi,Payment Success,3990
2958,Rajasthan,"Construction of roads, link roads, pathways or any other road with or without drainage system",WS/MP18161/2026-2027/268581,Deeg(DISTRICT COLLECTOR Deeg_IDA),SANJNA JATAV,BHARATPUR(SC),16-Aug-26,lokendra singh,Payment Success,3990
2959,Rajasthan,"Construction of roads, link roads, pathways or any other road with or without drainage system",WS/MP18161/2026-2027/268581,Deeg(DISTRICT COLLECTOR Deeg_IDA),SANJNA JATAV,BHARATPUR(SC),16-Aug-26,asha,Payment Success,1140
2960,Rajasthan,"Construction of roads, link roads, pathways or any other road with or without drainage system",WS/MP18161/2026-2027/268581,Deeg(DISTRICT COLLECTOR Deeg_IDA),SANJNA JATAV,BHARATPUR(SC),16-Aug-26,rimjhim,Payment Success,3990
2961,Rajasthan,"Construction of roads, link roads, pathways or any other road with or without drainage system",WS/MP18161/2026-2027/268581,Deeg(DISTRICT COLLECTOR Deeg_IDA),SANJNA JATAV,BHARATPUR(SC),16-Aug-26,savitri devi,Payment Success,3990
2962,Rajasthan,"Construction of roads, link roads, pathways or any other road with or without drainage system",WS/MP18161/2026-2027/268581,Deeg(DISTRICT COLLECTOR Deeg_IDA),SANJNA JATAV,BHARATPUR(SC),16-Aug-26,mahesh chand,Payment Success,10500
2963,Rajasthan,"Construction of roads, link roads, pathways or any other road with or without drainage system",WS/MP18161/2026-2027/268581,Deeg(DISTRICT COLLECTOR Deeg_IDA),SANJNA JATAV,BHARATPUR(SC),16-Aug-26,khaimraj,Payment Success,3990
2964,Rajasthan,"Construction of roads, link roads, pathways or any other road with or without drainage system",WS/MP18161/2026-2027/268581,Deeg(DISTRICT COLLECTOR Deeg_IDA),SANJNA JATAV,BHARATPUR(SC),16-Aug-26,seenu,Payment Success,3990
2965,Rajasthan,"Construction of roads, link roads, pathways or any other road with or without drainage system",WS/MP18161/2026-2027/268581,Deeg(DISTRICT COLLECTOR Deeg_IDA),SANJNA JATAV,BHARATPUR(SC),16-Aug-26,pramod,Payment Success,3990
2966,Uttarakhand,Construction of community centers and community halls,WS/MP021/2025-2026/208921,NAINITAL(DISTRICT MAGISTRATE NAINITAL_IDA),Ajay Bhatt,NAINITAL UDHAM SINGH NAG.,23-Aug-26,ASHA,Payment Success,18300
2967,Uttarakhand,Construction of community centers and community halls,WS/MP021/2025-2026/208921,NAINITAL(DISTRICT MAGISTRATE NAINITAL_IDA),Ajay Bhatt,NAINITAL UDHAM SINGH NAG.,23-Aug-26,MEENA DEVI,Payment Success,18300
2968,Uttarakhand,Construction of community centers and community halls,WS/MP021/2025-2026/208921,NAINITAL(DISTRICT MAGISTRATE NAINITAL_IDA),Ajay Bhatt,NAINITAL UDHAM SINGH NAG.,23-Aug-26,RADHA,Payment Success,18300
2969,Uttarakhand,Construction of community centers and community halls,WS/MP021/2025-2026/208921,NAINITAL(DISTRICT MAGISTRATE NAINITAL_IDA),Ajay Bhatt,NAINITAL UDHAM SINGH NAG.,23-Aug-26,PRAKASH CHANDRA,Payment Success,18300
2970,Uttarakhand,Construction of community centers and community halls,WS/MP021/2025-2026/208921,NAINITAL(DISTRICT MAGISTRATE NAINITAL_IDA),Ajay Bhatt,NAINITAL UDHAM SINGH NAG.,23-Aug-26,NAMVATI,Payment Success,9595
2971,Uttarakhand,Construction of community centers and community halls,WS/MP021/2025-2026/208921,NAINITAL(DISTRICT MAGISTRATE NAINITAL_IDA),Ajay Bhatt,NAINITAL UDHAM SINGH NAG.,23-Aug-26,CHANDRA SEN,Payment Success,9595
2972,Uttarakhand,Construction of community centers and community halls,WS/MP021/2025-2026/208921,NAINITAL(DISTRICT MAGISTRATE NAINITAL_IDA),Ajay Bhatt,NAINITAL UDHAM SINGH NAG.,23-Aug-26,ANIS,Payment Success,9595
2973,Uttarakhand,Construction of community centers and community halls,WS/MP021/2025-2026/208921,NAINITAL(DISTRICT MAGISTRATE NAINITAL_IDA),Ajay Bhatt,NAINITAL UDHAM SINGH NAG.,23-Aug-26,SAFIK,Payment Success,9595
2974,Telangana,Construction of toilet blocks,WS/MP18338/2026-2027/258078,YADADRI BHUVANAGIRI(DISTRICT COLLECTOR YADADRI BHUVANAGIRI_IDA),CHAMALA KIRAN KUMAR REDDY,BHONGIR,17-Aug-26,V Indrasena,Payment Success,498542
2975,Punjab,Construction of community centers and community halls,WS/MP18155/2025-2026/262258,RUPNAGAR(DEPUTY COMMISSIONER ROOPNAGAR_IDA),DR. RAJ KUMAR CHABBEWAL,HOSHIARPUR(SC),19-Aug-26,SONIA RANI,Payment Success,28800
2976,Punjab,Construction of community centers and community halls,WS/MP18155/2025-2026/262258,RUPNAGAR(DEPUTY COMMISSIONER ROOPNAGAR_IDA),DR. RAJ KUMAR CHABBEWAL,HOSHIARPUR(SC),19-Aug-26,SONIA RANI,Payment Success,54000
2977,Odisha,Construction of rooms and halls in school and colleges,WS/MP18310/2026-2027/243221,BHADRAK(DISTRICT COLLECTOR BHADRAK_IDA),AVIMANYU SETHI,BHADRAK(SC),16-Aug-26,JYOTIMAYI PATTANAYAK,Payment Success,500000
2978,Madhya Pradesh,"Construction of roads, link roads, pathways or any other road with or without drainage system",WS/MP18103/2026-2027/285484,GWALIOR(DISTRICT COLLECTOR GWALIOR_IDA),BHARAT SINGH KUSHWAH,GWALIOR,14-Aug-26,GP DUBAHA,Payment Success,250000
2979,Punjab,Construction of common work sheds/ common covered sitting area,WS/MP380/2026-2027/273248,LUDHIANA(DEPUTY COMMISSIONER LUDHIANA_IDA),Shri Amar Singh,FATEHGARH SAHIB(SC),19-Aug-26,Dasmesh tiles and buliding material,Payment Success,27200
2980,Punjab,Construction of common work sheds/ common covered sitting area,WS/MP380/2026-2027/273248,LUDHIANA(DEPUTY COMMISSIONER LUDHIANA_IDA),Shri Amar Singh,FATEHGARH SAHIB(SC),19-Aug-26,Dasmesh tiles and buliding material,Payment Success,66000
2981,Punjab,Construction of common work sheds/ common covered sitting area,WS/MP380/2026-2027/273248,LUDHIANA(DEPUTY COMMISSIONER LUDHIANA_IDA),Shri Amar Singh,FATEHGARH SAHIB(SC),19-Aug-26,jaswinder singh,Payment Success,35638
2982,Punjab,Crematoriums/energy efficient crematoriums or structures on burial/cremation ground,WS/MP18158/2025-2026/232779,PATIALA(DEPUTY COMMISSIONER PATIALA_IDA),DR DHARAMVIRA GANDHI,PATIALA,18-Aug-26,GS TILES,Payment Success,93200
2983,Uttarakhand,Construction of common work sheds/ common covered sitting area,WS/MP021/2025-2026/177534,NAINITAL(DISTRICT MAGISTRATE NAINITAL_IDA),Ajay Bhatt,NAINITAL UDHAM SINGH NAG.,22-Aug-26,RKTREDERS,Payment Success,7262
2984,Bihar,"Construction of roads, link roads, pathways or any other road with or without drainage system",WS/MP18034/2026-2027/264839,VAISHALI(DISTRICT PLANNING OFFICER VAISHALI_IDA),CHIRAG PASWAN,HAJIPUR(SC),25-Aug-26,Dinesh Kumar,Payment Success,989200
2985,Punjab,"Construction of roads, link roads, pathways or any other road with or without drainage system",WS/MP18158/2026-2027/279021,PATIALA(DEPUTY COMMISSIONER PATIALA_IDA),DR DHARAMVIRA GANDHI,PATIALA,18-Aug-26,SD TILE AND ANDUSTRIES,Payment Success,45840
2986,Punjab,"Construction of roads, link roads, pathways or any other road with or without drainage system",WS/MP18158/2026-2027/279021,PATIALA(DEPUTY COMMISSIONER PATIALA_IDA),DR DHARAMVIRA GANDHI,PATIALA,18-Aug-26,SD TILE AND ANDUSTRIES,Payment Success,45840
2987,Punjab,"Construction of roads, link roads, pathways or any other road with or without drainage system",WS/MP18158/2026-2027/279021,PATIALA(DEPUTY COMMISSIONER PATIALA_IDA),DR DHARAMVIRA GANDHI,PATIALA,18-Aug-26,SD TILE AND ANDUSTRIES,Payment Success,45840
2988,Punjab,"Construction of roads, link roads, pathways or any other road with or without drainage system",WS/MP18158/2026-2027/279021,PATIALA(DEPUTY COMMISSIONER PATIALA_IDA),DR DHARAMVIRA GANDHI,PATIALA,18-Aug-26,SD TILE AND ANDUSTRIES,Payment Success,45840
2989,Punjab,"Construction of roads, link roads, pathways or any other road with or without drainage system",WS/MP18158/2026-2027/279021,PATIALA(DEPUTY COMMISSIONER PATIALA_IDA),DR DHARAMVIRA GANDHI,PATIALA,18-Aug-26,RAM KUMAR THERI SARPANCH,Payment Success,74540
2990,Maharashtra,Installation of fixed garden gym equipment,WS/MP18128/2026-2027/217789,PALGHAR(DISTRICT COLLECTOR PALGHAR_IDA),DR. HEMANT VISHNU SAVARA,PALGHAR(ST),17-Aug-26,JAY SHREE KRUSHNA MAJUR KAMGAR SANSTHA,Payment Success,994243
2991,Rajasthan,"Construction of roads, link roads, pathways or any other road with or without drainage system",WS/MP18161/2026-2027/258721,Deeg(DISTRICT COLLECTOR Deeg_IDA),SANJNA JATAV,BHARATPUR(SC),20-Aug-26,bhagwan singh,Payment Success,426350
2992,Rajasthan,"Construction of roads, link roads, pathways or any other road with or without drainage system",WS/MP18161/2026-2027/258730,Deeg(DISTRICT COLLECTOR Deeg_IDA),SANJNA JATAV,BHARATPUR(SC),20-Aug-26,bhagwan singh,Payment Success,425285
2993,Haryana,Construction of public toilets and bathrooms,WS/MP329/2026-2027/279156,BHIWANI(DC Cum Nodal Officer MPLADS Bhiwani),Shri  Dharambir Singh,BHIWANI MAHENDRAGARH,14-Aug-26,The Titani Co op l and C Society LTD,Payment Success,202988
2994,Haryana,Construction of public toilets and bathrooms,WS/MP329/2026-2027/279156,BHIWANI(DC Cum Nodal Officer MPLADS Bhiwani),Shri  Dharambir Singh,BHIWANI MAHENDRAGARH,14-Aug-26,Dada Udal Dev Industries,Payment Success,96941
2995,Bihar,Construction of community centers and community halls,WS/MP316/2025-2026/237834,SARAN(DISTRICT PLANNING OFFICE SARAN CHAPRA_IDA),Shri Janardan Singh Sigriwal,MAHARAJGANJ_BR,17-Aug-26,DHUPENDRA PRASAD,Payment Success,1458930
2996,Tamil Nadu,"Patrolling Vehicles to government institution for Public Conveniences, Safety and Security",WS/MP393/2026-2027/206525,SIVAGANGA(DISTRICT COLLECTOR SIVAGANGA_IDA),Shri Karti P Chidambaram,SIVAGANGA,14-Aug-26,LAKSHMI INDUSTRIES,Payment Success,928530
2997,Punjab,Crematoriums/energy efficient crematoriums or structures on burial/cremation ground,WS/MP18311/2026-2027/280933,S.A.S Nagar(DEPUTY COMMISSIONER SAHIBZADA AJIT SINGH NAGAR MOHALI_IDA),MALVINDER SINGH KANG,ANANDPUR SAHIB,21-Aug-26,Sarpanch Cement Iron Store,Payment Success,32025
2998,Punjab,Crematoriums/energy efficient crematoriums or structures on burial/cremation ground,WS/MP18311/2026-2027/280933,S.A.S Nagar(DEPUTY COMMISSIONER SAHIBZADA AJIT SINGH NAGAR MOHALI_IDA),MALVINDER SINGH KANG,ANANDPUR SAHIB,21-Aug-26,Sarpanch Cement Iron Store,Payment Success,49442
2999,Punjab,Crematoriums/energy efficient crematoriums or structures on burial/cremation ground,WS/MP18311/2026-2027/280933,S.A.S Nagar(DEPUTY COMMISSIONER SAHIBZADA AJIT SINGH NAGAR MOHALI_IDA),MALVINDER SINGH KANG,ANANDPUR SAHIB,21-Aug-26,Sarpanch Cement Iron Store,Payment Success,29060
3000,Rajasthan,Providing CCTV camera system for security of public areas,WS/MP18166/2025-2026/256671,SIROHI(DISTRICT COLLECTOR SIROHI_IDA),LUMBARAM,JALORE,17-Aug-26,INDUS INITIATIVE COUNCIL,Payment Success,195706
3001,Tamil Nadu,Construction of road under bridge,WS/MP18185/2026-2027/246646,TIRUNELVELI(DISTRICT COLLECTOR TIRUNELVELI_IDA),ROBERT BRUCE C,TIRUNELVELI,14-Aug-26,RICHARD HARDSON K,Payment Success,1499336
3002,Punjab,Construction of public toilets and bathrooms,WS/MP380/2025-2026/247592,MALERKOTLA(Deputy Commissioner Malerkotla_IDA),Shri Amar Singh,FATEHGARH SAHIB(SC),26-Aug-26,Karsan Singla Govt Contractor,Payment Success,139935
3003,West Bengal,Street lights,WS/MP18244/2025-2026/210024,Cooch Behar(DISTRICT MAGISTRATE COOCHBEHAR_IDA),MANOJ TIGGA,ALIPURDUARS(ST),14-Aug-26,SUBRATA SAHA,Payment Success,735030
3004,West Bengal,Street lights,WS/MP18244/2025-2026/210026,Cooch Behar(DISTRICT MAGISTRATE COOCHBEHAR_IDA),MANOJ TIGGA,ALIPURDUARS(ST),14-Aug-26,SUBRATA SAHA,Payment Success,735030
3005,West Bengal,Street lights,WS/MP18244/2025-2026/210027,Cooch Behar(DISTRICT MAGISTRATE COOCHBEHAR_IDA),MANOJ TIGGA,ALIPURDUARS(ST),14-Aug-26,SUBRATA SAHA,Payment Success,735030
3006,West Bengal,Street lights,WS/MP18244/2025-2026/210028,Cooch Behar(DISTRICT MAGISTRATE COOCHBEHAR_IDA),MANOJ TIGGA,ALIPURDUARS(ST),14-Aug-26,SUBRATA SAHA,Payment Success,735030
3007,West Bengal,Street lights,WS/MP18244/2025-2026/210029,Cooch Behar(DISTRICT MAGISTRATE COOCHBEHAR_IDA),MANOJ TIGGA,ALIPURDUARS(ST),14-Aug-26,SUBRATA SAHA,Payment Success,735030
3008,West Bengal,Street lights,WS/MP18244/2025-2026/210030,Cooch Behar(DISTRICT MAGISTRATE COOCHBEHAR_IDA),MANOJ TIGGA,ALIPURDUARS(ST),14-Aug-26,SUBRATA SAHA,Payment Success,735030
3009,Gujarat,"Construction of roads, link roads, pathways or any other road with or without drainage system",WS/MP18324/2025-2026/272470,AMRELI(DISTRICT COLLECTOR AMRELI_IDA),BHARATBHAI MANUBHAI SUTARIYA,AMRELI,14-Aug-26,shree jambarvala gram panchayat,Payment Success,400000
3010,Bihar,"Construction of roads, link roads, pathways or any other road with or without drainage system",WS/MP18042/2026-2027/260755,SAMASTIPUR(DISTRICT PLANNING OFFICER SAMASTIPUR_IDA),SHAMBHAVI,SAMASTIPUR(SC),22-Aug-26,NIDHI ENTERPRISES,Payment Success,489900
3011,Haryana,Construction of community centers and community halls,WS/MP18065/2025-2026/224947,ROHTAK(DEPUTY COMMISSIONER ROHTAK_IDA),DEEPENDER SINGH HOODA,ROHTAK,24-Aug-26,VAIBHAV Contractor,Payment Success,336237
3012,Haryana,Construction of common work sheds/ common covered sitting area,WS/MP18065/2025-2026/218315,ROHTAK(DEPUTY COMMISSIONER ROHTAK_IDA),DEEPENDER SINGH HOODA,ROHTAK,18-Aug-26,THE RENUKA CO OP L AND C SOCIETY,Payment Success,1230450
3013,Punjab,Construction of toilet blocks,WS/MP18158/2025-2026/269985,S.A.S Nagar(DEPUTY COMMISSIONER SAHIBZADA AJIT SINGH NAGAR MOHALI_IDA),DR DHARAMVIRA GANDHI,PATIALA,14-Aug-26,J S TRADING,Payment Success,24389
3014,Punjab,Construction of toilet blocks,WS/MP18158/2025-2026/269985,S.A.S Nagar(DEPUTY COMMISSIONER SAHIBZADA AJIT SINGH NAGAR MOHALI_IDA),DR DHARAMVIRA GANDHI,PATIALA,14-Aug-26,BALISTER PATEL,Payment Success,15600
3015,Punjab,Construction of toilet blocks,WS/MP18158/2025-2026/269985,S.A.S Nagar(DEPUTY COMMISSIONER SAHIBZADA AJIT SINGH NAGAR MOHALI_IDA),DR DHARAMVIRA GANDHI,PATIALA,14-Aug-26,BALISTER PATEL,Payment Success,12000
3016,Punjab,Construction of toilet blocks,WS/MP18158/2025-2026/269985,S.A.S Nagar(DEPUTY COMMISSIONER SAHIBZADA AJIT SINGH NAGAR MOHALI_IDA),DR DHARAMVIRA GANDHI,PATIALA,14-Aug-26,BALISTER PATEL,Payment Success,20000
3017,Punjab,Construction of toilet blocks,WS/MP18158/2025-2026/269985,S.A.S Nagar(DEPUTY COMMISSIONER SAHIBZADA AJIT SINGH NAGAR MOHALI_IDA),DR DHARAMVIRA GANDHI,PATIALA,14-Aug-26,BALISTER PATEL,Payment Success,12400
3018,Punjab,Construction of toilet blocks,WS/MP18158/2025-2026/269985,S.A.S Nagar(DEPUTY COMMISSIONER SAHIBZADA AJIT SINGH NAGAR MOHALI_IDA),DR DHARAMVIRA GANDHI,PATIALA,14-Aug-26,J S TRADERS,Payment Success,80378
3019,Punjab,Construction of toilet blocks,WS/MP18158/2025-2026/269985,S.A.S Nagar(DEPUTY COMMISSIONER SAHIBZADA AJIT SINGH NAGAR MOHALI_IDA),DR DHARAMVIRA GANDHI,PATIALA,14-Aug-26,JBM CONSTRUCTIONS AND SUPPLIERS,Payment Success,7600
3020,Odisha,Street lights,WS/MP18350/2026-2027/274666,Nayagada(DISTRICT COLLECTOR  NAYAGARH_IDA),SUKANTA KUMAR PANIGRAHI,KANDHAMAL,14-Aug-26,Puspanjali Murmu,Payment Success,346500
3021,Odisha,Street lights,WS/MP18350/2026-2027/274668,Nayagada(DISTRICT COLLECTOR  NAYAGARH_IDA),SUKANTA KUMAR PANIGRAHI,KANDHAMAL,18-Aug-26,Puspanjali Murmu,Payment Success,346500
3022,Odisha,Street lights,WS/MP18350/2026-2027/274667,Nayagada(DISTRICT COLLECTOR  NAYAGARH_IDA),SUKANTA KUMAR PANIGRAHI,KANDHAMAL,21-Aug-26,Puspanjali Murmu,Payment Success,168300
3023,Uttarakhand,Construction of community centers and community halls,WS/MP021/2025-2026/178118,NAINITAL(DISTRICT MAGISTRATE NAINITAL_IDA),Ajay Bhatt,NAINITAL UDHAM SINGH NAG.,23-Aug-26,mahendra kumar,Payment Success,10248
3024,Uttarakhand,Construction of community centers and community halls,WS/MP021/2025-2026/178119,NAINITAL(DISTRICT MAGISTRATE NAINITAL_IDA),Ajay Bhatt,NAINITAL UDHAM SINGH NAG.,23-Aug-26,mahendra kumar,Payment Success,17934
3025,Uttarakhand,Construction of community centers and community halls,WS/MP021/2025-2026/178119,NAINITAL(DISTRICT MAGISTRATE NAINITAL_IDA),Ajay Bhatt,NAINITAL UDHAM SINGH NAG.,23-Aug-26,JOD SINGH,Payment Success,24240
3026,Uttarakhand,Construction of community centers and community halls,WS/MP021/2025-2026/178118,NAINITAL(DISTRICT MAGISTRATE NAINITAL_IDA),Ajay Bhatt,NAINITAL UDHAM SINGH NAG.,23-Aug-26,JOD SINGH,Payment Success,11615
3027,Uttarakhand,Construction of community centers and community halls,WS/MP021/2025-2026/178118,NAINITAL(DISTRICT MAGISTRATE NAINITAL_IDA),Ajay Bhatt,NAINITAL UDHAM SINGH NAG.,23-Aug-26,DINESH CHNDRA,Payment Success,10248
3028,Uttarakhand,Construction of community centers and community halls,WS/MP021/2025-2026/178119,NAINITAL(DISTRICT MAGISTRATE NAINITAL_IDA),Ajay Bhatt,NAINITAL UDHAM SINGH NAG.,23-Aug-26,DINESH CHNDRA,Payment Success,17934
3029,Gujarat,Installing tube-wells and borewells,WS/MP18276/2025-2026/224997,NARMADA(DISTRICT COLLECTOR NARMADA_IDA),JASHUBHAI BHILUBHAI RATHVA,CHHOTA UDAIPUR(ST),18-Aug-26,KUMAS GRAM PANCHAYAT,Payment Success,125265
3030,Andhra Pradesh,Providing drains and gutters for public drainage,WS/MP18018/2025-2026/231455,VIZIANAGARAM(DISTRICT COLLECTOR VIZIANAGARAM_IDA),Appalanaidu Kalisetti,VIZIANAGARAM,14-Aug-26,Pinninti Ramanamma,Payment Success,78792
3031,Uttarakhand,Construction of footpaths and pedestrian ways,WS/MP477/2026-2027/269915,BAGESHWAR(DISTRICT MAGISTRATE BAGESHWAR_IDA),Ajay Tamta,ALMORA(SC),17-Aug-26,radha bora,Payment Success,7812
3032,Gujarat,"Construction of roads, link roads, pathways or any other road with or without drainage system",WS/MP18326/2025-2026/238269,MORBI(District collector Morbi_IDA),CHANDUBHAI CHHAGANBHAI SHIHORA,SURENDRANAGAR,18-Aug-26,KEDARIYA GRAM PANCHAYAT,Payment Success,499087
3033,Madhya Pradesh,"Construction of roads, link roads, pathways or any other road with or without drainage system",WS/MP18104/2026-2027/285482,NARMADAPURAM(DISTRICT COLLECTOR NARMADAPURAM_IDA),DARSHAN SINGH CHOUDHARY,HOSHANGABAD,14-Aug-26,GRAM PANCHAYAT MISROD SARPANCH GRAM,Payment Success,150000
3034,Karnataka,Construction of community centers and community halls,WS/MP618/2026-2027/228206,BAGALKOTE(DEPUTY COMMISSIONER BAGALKOT_IDA),Parvatagouda Chandanagouda Gaddigoudar,BAGALKOT,13-Aug-26,BEERAPPA S YANNI,Payment Success,375000
3035,Tamil Nadu,Construction of bus-sheds or bus-stops,WS/MP866/2025-2026/266782,CHENNAI(COMMISSIONER MUNCIPAL CORPORATION CHENNAI_IDA),Kalanidhi Veeraswamy,CHENNAI NORTH,17-Aug-26,KSK ENGINEERS,Payment Success,1137736
3036,Tamil Nadu,Construction of bus-sheds or bus-stops,WS/MP866/2025-2026/266784,CHENNAI(COMMISSIONER MUNCIPAL CORPORATION CHENNAI_IDA),Kalanidhi Veeraswamy,CHENNAI NORTH,17-Aug-26,KSK ENGINEERS,Payment Success,1179490
3037,Madhya Pradesh,Construction of community centers and community halls,WS/MP446/2026-2027/288513,CHHATARPUR(District Collector Chhatarpur_IDA),Vishnu Dutt Sharma,KHAJURAHO,21-Aug-26,GRAM PANCHAYAT PRATAPPURA,Payment Success,300000
3038,Madhya Pradesh,Construction of culverts and bridges,WS/MP640/2026-2027/274765,MANDLA(DISTRICT COLLECTOR MANDLA_IDA),Faggan Singh Kulaste,MANDLA(ST),14-Aug-26,GRAM PANCHAYAT NARENDRAGARH,Payment Success,300000
3039,Uttar Pradesh,"Construction of roads, link roads, pathways or any other road with or without drainage system",WS/MP490/2025-2026/241035,VARANASI(DISTRICT MAGISTRAE VARANASI_IDA),Shri Narendra Modi,VARANASI,14-Aug-26,SHARADA ENTERPRISES,Payment Success,410876
3040,Telangana,"Construction of roads, link roads, pathways or any other road with or without drainage system",WS/MP18189/2026-2027/261345,KHAMMAM(DISTRICT COLLECTOR KHAMMAM_IDA),RAMASAHAYAM RAGHURAM REDDY,KHAMMAM,19-Aug-26,Mukthi Kiran Kumar,Payment Success,500000
3041,Telangana,"Construction of roads, link roads, pathways or any other road with or without drainage system",WS/MP18189/2026-2027/261346,KHAMMAM(DISTRICT COLLECTOR KHAMMAM_IDA),RAMASAHAYAM RAGHURAM REDDY,KHAMMAM,19-Aug-26,Mukthi Kiran Kumar,Payment Success,500000
3042,Gujarat,"Construction of roads, link roads, pathways or any other road with or without drainage system",WS/MP18054/2025-2026/236406,MAHESANA(DISTRICT COLLECTOR MAHESANA_IDA),HARIBHAI PATEL,MAHESANA,13-Aug-26,LANGHNAJ GRAM PANCHAYAT,Payment Success,500000
3043,Uttarakhand,Construction of community centers and community halls,WS/MP021/2025-2026/177239,NAINITAL(DISTRICT MAGISTRATE NAINITAL_IDA),Ajay Bhatt,NAINITAL UDHAM SINGH NAG.,13-Aug-26,SEEMA NAULA,Payment Success,12444
3044,Uttarakhand,Construction of community centers and community halls,WS/MP021/2025-2026/177240,NAINITAL(DISTRICT MAGISTRATE NAINITAL_IDA),Ajay Bhatt,NAINITAL UDHAM SINGH NAG.,13-Aug-26,SEEMA NAULA,Payment Success,10980
3045,Gujarat,"Construction of roads, link roads, pathways or any other road with or without drainage system",WS/MP18324/2025-2026/263231,AMRELI(DISTRICT COLLECTOR AMRELI_IDA),BHARATBHAI MANUBHAI SUTARIYA,AMRELI,17-Aug-26,KERIYA GRAM PANCHAYAT,Payment Success,51000
3046,Andhra Pradesh,"Construction of roads, link roads, pathways or any other road with or without drainage system",WS/MP18001/2025-2026/255456,Dr. B.R. Ambedkar Konaseema(DISTRICT COLLECTOR Dr B R AMBEDKAR KONASEEMA_IDA),GM Harish Balayogi,AMALAPURAM(SC),22-Aug-26,PINDI UMA LAKSHMANA KUMAR,Payment Success,499979
3047,Andhra Pradesh,"Construction of roads, link roads, pathways or any other road with or without drainage system",WS/MP18001/2025-2026/255457,Dr. B.R. Ambedkar Konaseema(DISTRICT COLLECTOR Dr B R AMBEDKAR KONASEEMA_IDA),GM Harish Balayogi,AMALAPURAM(SC),22-Aug-26,PINDI UMA LAKSHMANA KUMAR,Payment Success,499248
3048,Andhra Pradesh,"Construction of roads, link roads, pathways or any other road with or without drainage system",WS/MP18001/2025-2026/255458,Dr. B.R. Ambedkar Konaseema(DISTRICT COLLECTOR Dr B R AMBEDKAR KONASEEMA_IDA),GM Harish Balayogi,AMALAPURAM(SC),22-Aug-26,PINDI UMA LAKSHMANA KUMAR,Payment Success,499671
3049,Andhra Pradesh,"Construction of roads, link roads, pathways or any other road with or without drainage system",WS/MP18001/2025-2026/255459,Dr. B.R. Ambedkar Konaseema(DISTRICT COLLECTOR Dr B R AMBEDKAR KONASEEMA_IDA),GM Harish Balayogi,AMALAPURAM(SC),22-Aug-26,PINDI UMA LAKSHMANA KUMAR,Payment Success,499936
3050,Uttar Pradesh,"Construction of roads, link roads, pathways or any other road with or without drainage system",WS/MP793/2025-2026/252070,DEORIA(DISTRICT MAGISTRATE DEORIA),Kamlesh Paswan,BANSGAON(SC),20-Aug-26,DWIVIDI CONSTRUCTION AND SUPPLIER PRO HARE RAM DWIVEDI,Payment Success,883230
3051,Uttar Pradesh,"Construction of roads, link roads, pathways or any other road with or without drainage system",WS/MP793/2025-2026/252074,DEORIA(DISTRICT MAGISTRATE DEORIA),Kamlesh Paswan,BANSGAON(SC),20-Aug-26,DWIVIDI CONSTRUCTION AND SUPPLIER PRO HARE RAM DWIVEDI,Payment Success,882640
3052,Uttar Pradesh,"Construction of roads, link roads, pathways or any other road with or without drainage system",WS/MP793/2025-2026/252075,DEORIA(DISTRICT MAGISTRATE DEORIA),Kamlesh Paswan,BANSGAON(SC),20-Aug-26,DWIVIDI CONSTRUCTION AND SUPPLIER PRO HARE RAM DWIVEDI,Payment Success,426098
3053,Gujarat,"Construction of roads, link roads, pathways or any other road with or without drainage system",WS/MP18324/2025-2026/257833,AMRELI(DISTRICT COLLECTOR AMRELI_IDA),BHARATBHAI MANUBHAI SUTARIYA,AMRELI,13-Aug-26,GRAM PANCHAYAT DHOLARVA,Payment Success,268042
3054,Tamil Nadu,Construction of public toilets and bathrooms,WS/MP18269/2026-2027/246439,SALEM(DISTRICT COLLECTOR SALEM_IDA),SELVAGANAPATHI T M,SALEM,13-Aug-26,K S Construction,Payment Success,1967994
3055,Telangana,"Construction of roads, link roads, pathways or any other road with or without drainage system",WS/MP18189/2026-2027/260079,BHADRADRI KOTHAGUDEM(District Collector Bhadradri Ktdm_IDA),RAMASAHAYAM RAGHURAM REDDY,KHAMMAM,15-Aug-26,YARAGARLA RADHAKRISHNA,Payment Success,398519
3056,Chhattisgarh,Development of playfields and sports grounds,WS/MP18050/2026-2027/285089,Uttar Bastar Kanker(DISTRICT COLLECTOR KANKER_IDA),BHOJRAJ NAG,KANKER(ST),13-Aug-26,MEDO JAL AND SWACHATA SAMITI,Payment Success,948000
3057,Tamil Nadu,Construction of bus-sheds or bus-stops,WS/MP18175/2025-2026/221065,DHARMAPURI(DISTRICT COLLECTOR DHARMAPURI_IDA),MANI. A.,DHARAMAPURI,12-Aug-26,SVB Builders,Payment Success,749456
3058,Gujarat,"Construction of roads, link roads, pathways or any other road with or without drainage system",WS/MP18276/2025-2026/256968,VADODARA(DISTRICT COLLECTOR VADODARA_IDA),JASHUBHAI BHILUBHAI RATHVA,CHHOTA UDAIPUR(ST),18-Aug-26,SAMASPURA GRAM PANCHAYAT,Payment Success,350000
3059,Andhra Pradesh,Construction of buildings for crèches and anganwadies,WS/MP18017/2025-2026/230972,Visakhapatnam(DISTRICT COLLECTOR VISAKHAPATNAM_IDA),Sribharat MathuKumli,VISAKHAPATNAM,12-Aug-26,DUMPALA SIVA KUMAR RAO,Payment Success,720412
3060,Andhra Pradesh,Construction of rooms and halls in school and colleges,WS/MP18017/2025-2026/251077,Visakhapatnam(DISTRICT COLLECTOR VISAKHAPATNAM_IDA),Sribharat MathuKumli,VISAKHAPATNAM,15-Aug-26,J K D V PRASADA RAJU,Payment Success,1093979
3061,Andhra Pradesh,Construction of rooms and halls in school and colleges,WS/MP18017/2025-2026/262089,Visakhapatnam(DISTRICT COLLECTOR VISAKHAPATNAM_IDA),Sribharat MathuKumli,VISAKHAPATNAM,15-Aug-26,J K D V PRASADA RAJU,Payment Success,515965
3062,Andhra Pradesh,Construction of buildings for crèches and anganwadies,WS/MP18017/2025-2026/262102,Visakhapatnam(DISTRICT COLLECTOR VISAKHAPATNAM_IDA),Sribharat MathuKumli,VISAKHAPATNAM,15-Aug-26,J K D V PRASADA RAJU,Payment Success,527796
3063,West Bengal,"Construction of roads, link roads, pathways or any other road with or without drainage system",WS/MP18251/2026-2027/241723,South 24 Parganas(DISTRICT MAGISTRATE SOUTH TWENTY FOUR PARGANAS_IDA),SAYANI GHOSH,JADAVPUR,12-Aug-26,OHAB SK,Payment Success,349363
3064,Gujarat,"Construction of roads, link roads, pathways or any other road with or without drainage system",WS/MP18321/2025-2026/163311,ARVALLI(DISTRICT COLLECTOR ARVALLI_IDA),SHOBHANABEN MAHENDRASINH BARAIYA,SABARKANTHA,17-Aug-26,PIPODARA GRAM PANCHAYAT,Payment Success,300000
3065,Bihar,"Providing sports equipment, except consumable items",WS/MP18030/2026-2027/254951,BHOJPUR(DISTRICT PLANNING OFFICER BHOJPUR ARRAH_IDA),SUDAMA PRASAD,ARRAH,17-Aug-26,Sudhawati Devi,Payment Success,168150
3066,Punjab,Construction of common work sheds/ common covered sitting area,WS/MP381/2025-2026/228140,AMRITSAR(DEPUTY COMMISSIONER AMRITSAR_IDA),Shri Gurjeet Singh Aujla,AMRITSAR,20-Aug-26,VIRAT BRICKS KILN INDUSTRIES,Payment Success,41000
3067,Tamil Nadu,"Construction of roads, link roads, pathways or any other road with or without drainage system",WS/MP508/2025-2026/202700,Tirupathur(District Collector Tirupathur_IDA),CN Annadurai,TIRUVANNAMALAI,14-Aug-26,P RAVEENDRAKUMAR,Payment Success,445468
3068,Madhya Pradesh,"Construction of roads, link roads, pathways or any other road with or without drainage system",WS/MP18104/2026-2027/285516,NARMADAPURAM(DISTRICT COLLECTOR NARMADAPURAM_IDA),DARSHAN SINGH CHOUDHARY,HOSHANGABAD,19-Aug-26,Sarpanch Gram Panchayat Bharlai,Payment Success,350000
3069,Madhya Pradesh,Construction of culverts and bridges,WS/MP640/2026-2027/271122,MANDLA(DISTRICT COLLECTOR MANDLA_IDA),Faggan Singh Kulaste,MANDLA(ST),12-Aug-26,GRAM PANCHAYAT SINGARPUR,Payment Success,300000
3070,Maharashtra,"Construction of roads, link roads, pathways or any other road with or without drainage system",WS/MP18133/2025-2026/148477,SATARA(DISTRICT COLLECTOR SATARA_IDA),SHRIMANT CHH UDAYANRAJE PRATAPSINHAMAHARAJ BHONSLE,SATARA,16-Aug-26,Swapnil Santosh Jadhav,Payment Success,693280
3071,Maharashtra,"Construction of roads, link roads, pathways or any other road with or without drainage system",WS/MP18429/2026-2027/248642,NANDED(DISTRICT COLLECTOR NANDED_IDA),Ravindra Vasantrao Chavan,NANDED,13-Aug-26,shubham ullewad,Payment Success,992531
3072,Uttarakhand,Construction of common work sheds/ common covered sitting area,WS/MP021/2025-2026/262610,NAINITAL(DISTRICT MAGISTRATE NAINITAL_IDA),Ajay Bhatt,NAINITAL UDHAM SINGH NAG.,13-Aug-26,mitra traders,Payment Success,239233
3073,Jammu And Kashmir,Construction of water tanks,WS/MP600/2026-2027/274184,KATHUA(DISTRICT DEVELOPMENT COMMISSIONER KATHUA_IDA),Jitendra Singh,UDHAMPUR,14-Aug-26,CHANDAN SINGH,Payment Success,191000
3074,Jammu And Kashmir,Construction of public toilets and bathrooms,WS/MP600/2026-2027/274185,KATHUA(DISTRICT DEVELOPMENT COMMISSIONER KATHUA_IDA),Jitendra Singh,UDHAMPUR,14-Aug-26,CHANDAN SINGH,Payment Success,190000
3075,Uttar Pradesh,"Construction of roads, link roads, pathways or any other road with or without drainage system",WS/MP490/2025-2026/241389,VARANASI(DISTRICT MAGISTRAE VARANASI_IDA),Shri Narendra Modi,VARANASI,12-Aug-26,ms varuna construction,Payment Success,530980
3076,Punjab,"Construction of roads, link roads, pathways or any other road with or without drainage system",WS/MP716/2025-2026/226780,SRI MUKTSAR SAHIB(DEPUTY COMMISSIONER SRI MUKTSAR SAHIB_IDA),Smt Harsimrat Kaur Badal,BHATINDA,12-Aug-26,KUNDANAM INDUSTRIES,Payment Success,43750
3077,Punjab,"Construction of roads, link roads, pathways or any other road with or without drainage system",WS/MP716/2025-2026/226780,SRI MUKTSAR SAHIB(DEPUTY COMMISSIONER SRI MUKTSAR SAHIB_IDA),Smt Harsimrat Kaur Badal,BHATINDA,12-Aug-26,KUNDANAM INDUSTRIES,Payment Success,43750
3078,Punjab,"Construction of roads, link roads, pathways or any other road with or without drainage system",WS/MP716/2025-2026/226780,SRI MUKTSAR SAHIB(DEPUTY COMMISSIONER SRI MUKTSAR SAHIB_IDA),Smt Harsimrat Kaur Badal,BHATINDA,12-Aug-26,KUNDANAM INDUSTRIES,Payment Success,43750
3079,Punjab,"Construction of roads, link roads, pathways or any other road with or without drainage system",WS/MP716/2025-2026/226780,SRI MUKTSAR SAHIB(DEPUTY COMMISSIONER SRI MUKTSAR SAHIB_IDA),Smt Harsimrat Kaur Badal,BHATINDA,12-Aug-26,KUNDANAM INDUSTRIES,Payment Success,43750
3080,Punjab,"Construction of roads, link roads, pathways or any other road with or without drainage system",WS/MP716/2025-2026/226780,SRI MUKTSAR SAHIB(DEPUTY COMMISSIONER SRI MUKTSAR SAHIB_IDA),Smt Harsimrat Kaur Badal,BHATINDA,12-Aug-26,KUNDANAM INDUSTRIES,Payment Success,43750
3081,Punjab,"Construction of roads, link roads, pathways or any other road with or without drainage system",WS/MP716/2025-2026/226780,SRI MUKTSAR SAHIB(DEPUTY COMMISSIONER SRI MUKTSAR SAHIB_IDA),Smt Harsimrat Kaur Badal,BHATINDA,12-Aug-26,KUNDANAM INDUSTRIES,Payment Success,48225
3082,Gujarat,"Construction of roads, link roads, pathways or any other road with or without drainage system",WS/MP18276/2025-2026/185057,VADODARA(DISTRICT COLLECTOR VADODARA_IDA),JASHUBHAI BHILUBHAI RATHVA,CHHOTA UDAIPUR(ST),12-Aug-26,chokari Grampanchayat,Payment Success,450000
3083,Karnataka,"Construction of roads, link roads, pathways or any other road with or without drainage system",WS/MP18076/2026-2027/229696,Bengaluru South(DEPUTY COMMISSIONER RAMANAGARA_IDA),DR C N MANJUNATH,BANGALORE RURAL,24-Aug-26,S R S ENTERPRISES,Payment Success,187500
3084,Tamil Nadu,Construction of rooms and halls in school and colleges,WS/MP18180/2026-2027/231215,TIRUCHIRAPPALLI(DISTRICT COLLECTOR TIRUCHIRAPPALLI_IDA),ARUN NEHRU,PERAMBALUR,12-Aug-26,Balakumar R,Payment Success,1860394
3085,Haryana,Lighting of public spaces,WS/MP18063/2025-2026/175040,PANIPAT(DC CUM NODAL OFFICER MPLADS),MANOHAR LAL,KARNAL,11-Aug-26,Royal traders,Payment Success,4725463
3086,Karnataka,Construction of rooms and halls in school and colleges,WS/MP18081/2025-2026/164550,BENGALURU RURAL(DEPUTY COMMISSIONER BANGALORE RURAL SBM URBAN),DR.K.SUDHAKAR,CHIKBALLAPUR,12-Aug-26,SRINATH GOWDA M S,Payment Success,249559
3087,Gujarat,"Construction of roads, link roads, pathways or any other road with or without drainage system",WS/MP18324/2025-2026/151491,AMRELI(DISTRICT COLLECTOR AMRELI_IDA),BHARATBHAI MANUBHAI SUTARIYA,AMRELI,12-Aug-26,GRAM PANCHAYAT JUNA VAGHANIYA,Payment Success,298670
3088,Telangana,Construction of community centers and community halls,WS/MP770/2026-2027/190313,KARIMNAGAR(DISTRICT COLLECTOR KARIMNAGAR_IDA),Sanjay Kumar Bandi,KARIMNAGAR,14-Aug-26,Ponnam Sreenivas,Payment Success,299418
3089,Kerala,Construction of toilet blocks,WS/MP440/2025-2026/162060,PALAKKAD(DISTRICT COLLECTOR PALAKKAD_IDA),Vellalath Kochukrishnan Nair Sreekandan,PALAKKAD,22-Aug-26,LAKSHMANAN C,Payment Success,453160
3090,Uttarakhand,Purchase of furniture and fixtures for educational purposes,WS/MP021/2026-2027/254806,NAINITAL(DISTRICT MAGISTRATE NAINITAL_IDA),Ajay Bhatt,NAINITAL UDHAM SINGH NAG.,13-Aug-26,gupta radios,Payment Success,75000
3091,Odisha,Construction of community centers and community halls,WS/MP18310/2025-2026/200859,BHADRAK(DISTRICT COLLECTOR BHADRAK_IDA),AVIMANYU SETHI,BHADRAK(SC),12-Aug-26,BRAJAKISHORE SAHOO,Payment Success,162782
3092,Karnataka,Construction of community centers and community halls,WS/MP618/2025-2026/188571,BAGALKOTE(DEPUTY COMMISSIONER BAGALKOT_IDA),Parvatagouda Chandanagouda Gaddigoudar,BAGALKOT,13-Aug-26,BASAVARAJ GANAGAPPA AMBIGER,Payment Success,375000
3093,Karnataka,Construction of community centers and community halls,WS/MP618/2026-2027/213796,BAGALKOTE(DEPUTY COMMISSIONER BAGALKOT_IDA),Parvatagouda Chandanagouda Gaddigoudar,BAGALKOT,13-Aug-26,VIJAY S HODLUR,Payment Success,375000
3094,Tamil Nadu,Purchase of furniture and fixtures for educational purposes,WS/MP18267/2026-2027/303817,KRISHNAGIRI(DISTRICT COLLECTOR KRISHNAGIRI_IDA),GOPINATH K,KRISHNAGIRI,17-Aug-26,R K AGENCIES,Payment Success,594000
3095,Tamil Nadu,Purchase of furniture and fixtures for educational purposes,WS/MP18267/2026-2027/303818,KRISHNAGIRI(DISTRICT COLLECTOR KRISHNAGIRI_IDA),GOPINATH K,KRISHNAGIRI,17-Aug-26,R K AGENCIES,Payment Success,594000
3096,Tamil Nadu,Purchase of furniture and fixtures for educational purposes,WS/MP18267/2026-2027/303822,KRISHNAGIRI(DISTRICT COLLECTOR KRISHNAGIRI_IDA),GOPINATH K,KRISHNAGIRI,17-Aug-26,R K AGENCIES,Payment Success,594000
3097,Tamil Nadu,Purchase of furniture and fixtures for educational purposes,WS/MP18267/2026-2027/303823,KRISHNAGIRI(DISTRICT COLLECTOR KRISHNAGIRI_IDA),GOPINATH K,KRISHNAGIRI,17-Aug-26,R K AGENCIES,Payment Success,594000
3098,Punjab,"Construction of roads, link roads, pathways or any other road with or without drainage system",WS/MP716/2025-2026/226780,SRI MUKTSAR SAHIB(DEPUTY COMMISSIONER SRI MUKTSAR SAHIB_IDA),Smt Harsimrat Kaur Badal,BHATINDA,12-Aug-26,GURMEL SINGH,Payment Success,98064
3099,Punjab,"Construction of roads, link roads, pathways or any other road with or without drainage system",WS/MP716/2025-2026/226780,SRI MUKTSAR SAHIB(DEPUTY COMMISSIONER SRI MUKTSAR SAHIB_IDA),Smt Harsimrat Kaur Badal,BHATINDA,12-Aug-26,GURMEL SINGH,Payment Success,85352
3100,Punjab,Construction of community centers and community halls,WS/MP18314/2025-2026/219729,SANGRUR(DEPUTY COMMISSIONER SANGRUR_IDA),GURMEET SINGH MEET HAYER,SANGRUR,13-Aug-26,Sangrur Tiles,Payment Success,68400
3101,Punjab,Construction of community centers and community halls,WS/MP18314/2025-2026/219729,SANGRUR(DEPUTY COMMISSIONER SANGRUR_IDA),GURMEET SINGH MEET HAYER,SANGRUR,13-Aug-26,Sangrur Tiles,Payment Success,68400
3102,Uttar Pradesh,"Construction of roads, link roads, pathways or any other road with or without drainage system",WS/MP819/2026-2027/267382,MATHURA(DISTRICT MAGISTRAE MATHURA_IDA),Smt Hema Malini,MATHURA,17-Aug-26,ASHOK INFRAVENTURE,Payment Success,814200
3103,Uttar Pradesh,"Construction of roads, link roads, pathways or any other road with or without drainage system",WS/MP819/2026-2027/267383,MATHURA(DISTRICT MAGISTRAE MATHURA_IDA),Smt Hema Malini,MATHURA,17-Aug-26,ASHOK INFRAVENTURE,Payment Success,578200
3104,Odisha,Construction of community centers and community halls,WS/MP18350/2025-2026/179029,Kandhamala(DISTRICT COLLECTOR KANDHAMAL_IDA),SUKANTA KUMAR PANIGRAHI,KANDHAMAL,12-Aug-26,DIBAKAR BEHERA,Payment Success,500000
3105,Chhattisgarh,Construction of additional rooms and halls in the existing public and community building,WS/MP428/2026-2027/278462,RAJNANDGAON(DISTRICT COLLECTOR RAJNANDGAON_IDA),Santosh Pandey,RAJNANDGAON,24-Aug-26,gram panchayat rampur,Payment Success,150000
3106,Madhya Pradesh,Construction of community centers and community halls,WS/MP653/2026-2027/289947,SEHORE(DISTRICT COLLECTOR SEHORE_IDA),Mahendra Singh Solanky,DEWAS(SC),10-Aug-26,GP SHEKUKHEDA JAWAR,Payment Success,200000
3107,Odisha,Construction of boundary walls of existing public and community buildings,WS/MP18350/2025-2026/181381,Kandhamala(DISTRICT COLLECTOR KANDHAMAL_IDA),SUKANTA KUMAR PANIGRAHI,KANDHAMAL,12-Aug-26,SRI LAXMI BHANDAR,Payment Success,300000
3108,Kerala,"Construction of roads, link roads, pathways or any other road with or without drainage system",WS/MP18264/2025-2026/160590,KOTTAYAM(DISTRICT COLLECTOR KOTTAYAM_IDA),ADV K FRANCIS GEORGE,KOTTAYAM,10-Aug-26,George Joseph,Payment Success,294725
3109,Maharashtra,Construction of public toilets and bathrooms,WS/MP18361/2025-2026/219015,MUMBAI SUBURBAN(DISTRICT COLLECTOR MUMBAI SUBURBAN_IDA),SANJAY DINA PATIL,MUMBAI NORTH EAST,07-Aug-26,anurag urban tecinfra pvt ltd,Payment Success,1798634
3110,Bihar,Purchase of furniture and fixtures for educational purposes,WS/MP18367/2026-2027/268504,SITAMARHI(DISTRICT PLANNING OFFICER SITAMARHI_IDA),LOVELY ANAND,SHEOHAR,19-Aug-26,ABHISHEK KUMAR SINGH,Payment Success,4368000
3111,Jammu And Kashmir,Installing hand pumps,WS/MP600/2025-2026/237304,KATHUA(DISTRICT DEVELOPMENT COMMISSIONER KATHUA_IDA),Jitendra Singh,UDHAMPUR,10-Aug-26,Shiv Driller and Allied Traders,Payment Success,389476
3112,Jammu And Kashmir,Installing hand pumps,WS/MP600/2025-2026/236917,KATHUA(DISTRICT DEVELOPMENT COMMISSIONER KATHUA_IDA),Jitendra Singh,UDHAMPUR,10-Aug-26,Shiv Driller and Allied Traders,Payment Success,458033
3113,Punjab,Construction of common work sheds/ common covered sitting area,WS/MP18314/2025-2026/235956,BARNALA(DEPUTY COMMISSIONER BARNALA_IDA),GURMEET SINGH MEET HAYER,SANGRUR,13-Aug-26,KARMJIT SINGH,Payment Success,30000
3114,Rajasthan,Construction of boundary walls of existing public and community buildings,WS/MP18164/2025-2026/257525,HANUMANGARH(DISTRICT COLLECTOR HANUMANGARH_IDA),KULDEEP INDORA,GANGANAGAR(SC),22-Aug-26,VIKAS,Payment Success,19500
3115,Rajasthan,Construction of boundary walls of existing public and community buildings,WS/MP18164/2025-2026/257525,HANUMANGARH(DISTRICT COLLECTOR HANUMANGARH_IDA),KULDEEP INDORA,GANGANAGAR(SC),22-Aug-26,MANA RAM,Payment Success,19500
3116,Rajasthan,Construction of boundary walls of existing public and community buildings,WS/MP18164/2025-2026/257525,HANUMANGARH(DISTRICT COLLECTOR HANUMANGARH_IDA),KULDEEP INDORA,GANGANAGAR(SC),22-Aug-26,DEVILAL,Payment Success,29250
3117,Rajasthan,Construction of boundary walls of existing public and community buildings,WS/MP18164/2025-2026/257525,HANUMANGARH(DISTRICT COLLECTOR HANUMANGARH_IDA),KULDEEP INDORA,GANGANAGAR(SC),22-Aug-26,AJAY SINGH,Payment Success,23205
3118,Rajasthan,Construction of boundary walls of existing public and community buildings,WS/MP18164/2025-2026/257525,HANUMANGARH(DISTRICT COLLECTOR HANUMANGARH_IDA),KULDEEP INDORA,GANGANAGAR(SC),22-Aug-26,HARI SINGH,Payment Success,11115
3119,Rajasthan,Construction of boundary walls of existing public and community buildings,WS/MP18164/2025-2026/257525,HANUMANGARH(DISTRICT COLLECTOR HANUMANGARH_IDA),KULDEEP INDORA,GANGANAGAR(SC),22-Aug-26,HUNATA RAM,Payment Success,11115
3120,Rajasthan,Construction of boundary walls of existing public and community buildings,WS/MP18164/2025-2026/257525,HANUMANGARH(DISTRICT COLLECTOR HANUMANGARH_IDA),KULDEEP INDORA,GANGANAGAR(SC),22-Aug-26,PRADEEP KUMAR,Payment Success,8160
3121,Rajasthan,Construction of boundary walls of existing public and community buildings,WS/MP18164/2025-2026/257525,HANUMANGARH(DISTRICT COLLECTOR HANUMANGARH_IDA),KULDEEP INDORA,GANGANAGAR(SC),22-Aug-26,RAMNIWAS,Payment Success,7410
3122,Rajasthan,Construction of boundary walls of existing public and community buildings,WS/MP18164/2025-2026/257525,HANUMANGARH(DISTRICT COLLECTOR HANUMANGARH_IDA),KULDEEP INDORA,GANGANAGAR(SC),22-Aug-26,DEV DUTT,Payment Success,11115
3123,Rajasthan,Construction of boundary walls of existing public and community buildings,WS/MP18164/2025-2026/257525,HANUMANGARH(DISTRICT COLLECTOR HANUMANGARH_IDA),KULDEEP INDORA,GANGANAGAR(SC),22-Aug-26,KAVISH KUMAR,Payment Success,7410
3124,Punjab,"Construction of roads, link roads, pathways or any other road with or without drainage system",WS/MP18155/2025-2026/243490,HOSHIARPUR(DEPUTY COMMISSIONER HOSHIARPUR_IDA),DR. RAJ KUMAR CHABBEWAL,HOSHIARPUR(SC),15-Aug-26,Lahori Ram,Payment Success,31000
3125,Punjab,"Construction of roads, link roads, pathways or any other road with or without drainage system",WS/MP18155/2025-2026/243490,HOSHIARPUR(DEPUTY COMMISSIONER HOSHIARPUR_IDA),DR. RAJ KUMAR CHABBEWAL,HOSHIARPUR(SC),15-Aug-26,Lahori Ram,Payment Success,31000
3126,Tamil Nadu,Setting up of community effluent treatment plants,WS/MP18186/2026-2027/299514,THIRUVALLUR(DISTRICT COLLECTOR TIRUVALLUR_IDA),Sasikanth Senthil,TIRUVALLUR(SC),12-Aug-26,NANDAKUMAR V,Payment Success,498401
3127,Punjab,Street lights,WS/MP716/2025-2026/189734,MANSA(DEPUTY COMMISSIONER MANSA_IDA),Smt Harsimrat Kaur Badal,BHATINDA,17-Aug-26,MS RAJ ELECTRIC STORE,Payment Success,34915
3128,Punjab,Street lights,WS/MP716/2025-2026/189734,MANSA(DEPUTY COMMISSIONER MANSA_IDA),Smt Harsimrat Kaur Badal,BHATINDA,17-Aug-26,Jatinder Singh,Payment Success,14290
3129,Jharkhand,Installing community drinking water plants,WS/MP433/2026-2027/283122,KODERMA(DEPUTY COMMISSIONER KODARMA_IDA),Annpurna Devi,KODARMA,14-Aug-26,MEERA ASSOCIATES,Payment Success,995875
3130,Uttar Pradesh,"Construction of roads, link roads, pathways or any other road with or without drainage system",WS/MP18238/2025-2026/214942,DEORIA(DISTRICT MAGISTRATE DEORIA),RAMASHANKAR RAJBHAR,SALEMPUR,10-Aug-26,DUBEY CONSTRUCTION PRO SANTOSH KUMAR DUBEY,Payment Success,224818
3131,Rajasthan,Providing drains and gutters for public drainage,WS/MP18162/2025-2026/269531,BUNDI(DISTRICT COLLECTOR BUNDI_IDA),DAMODAR AGARWAL,BHILWARA,24-Aug-26,Shivraj Contractor,Payment Success,491698
3132,Himachal Pradesh,Construction of footpaths and pedestrian ways,WS/MP18328/2025-2026/252740,KINNAUR(DEPUTY COMMISSIONER KINNAUR_IDA),Kangana Ranaut,MANDI,17-Aug-26,HP STate Civil Supplies Corporation Limited Shimla,Payment Success,92000
3133,Punjab,Construction of common work sheds/ common covered sitting area,WS/MP18158/2025-2026/226751,PATIALA(DEPUTY COMMISSIONER PATIALA_IDA),DR DHARAMVIRA GANDHI,PATIALA,11-Aug-26,sagar general store,Payment Success,40230
3134,Bihar,"Construction of roads, link roads, pathways or any other road with or without drainage system",WS/MP413/2025-2026/249787,GOPALGANJ(DISTRICT PLANNING OFFICER GOPALGANJ_IDA),Alok Kumar Suman,GOPALGANJ (SC),07-Aug-26,PRAMOD KUMAR RAY,Payment Success,559800
3135,Tamil Nadu,Construction of bus-sheds or bus-stops,WS/MP18394/2025-2026/259832,NAMAKKAL(DISTRICT COLLECTOR NAMAKKAL_IDA),V S Matheswaran,NAMAKKAL,18-Aug-26,P Prakash,Payment Success,649675
3136,Kerala,"Construction of roads, link roads, pathways or any other road with or without drainage system",WS/MP344/2025-2026/180591,KOZHIKODE(DISTRICT COLLECTOR KOZHIKODE_IDA),Shri M K Raghavan,KOZHIKODE,14-Aug-26,RAJAN N,Payment Success,531376
3137,Karnataka,"Construction of roads, link roads, pathways or any other road with or without drainage system",WS/MP18080/2026-2027/276343,Chamarajanagar(DEPUTY COMMISSIONER CHAMARAJNAGAR_IDA),SUNIL BOSE,CHAMARAJANAGAR(SC),07-Aug-26,PRASHANT K M,Payment Success,492252
3138,Bihar,"Construction of roads, link roads, pathways or any other road with or without drainage system",WS/MP18034/2025-2026/240167,VAISHALI(DISTRICT PLANNING OFFICER VAISHALI_IDA),CHIRAG PASWAN,HAJIPUR(SC),20-Aug-26,RAKESH KUMAR PASWAN,Payment Success,989970
3139,Tripura,Construction of buildings for sports facilities,WS/MP18197/2025-2026/177536,Sepahijala(DISTRICT MAGISTRATE and COLLECTOR SIPAHIJALA_IDA),BIPLAB KUMAR DEB,TRIPURA WEST,17-Aug-26,RAJESH GHOSH,Payment Success,719965
3140,Telangana,"Construction of roads, link roads, pathways or any other road with or without drainage system",WS/MP761/2026-2027/221184,Jagitial(DISTRICT COLLECTOR JAGTIAL_IDA),Arvind Dharmapuri,NIZAMABAD,19-Aug-26,Adepu Narsaiah,Payment Success,268220
3141,Gujarat,"Construction of roads, link roads, pathways or any other road with or without drainage system",WS/MP574/2026-2027/276495,PATAN(DISTRICT COLLECTOR PATAN_IDA),Bharatsinhji Shankarji Dabhi,PATAN,19-Aug-26,TARORA GRAM PANCHAYT,Payment Success,299874
3142,Tamil Nadu,Construction of bus-sheds or bus-stops,WS/MP18180/2026-2027/204510,TIRUCHIRAPPALLI(DISTRICT COLLECTOR TIRUCHIRAPPALLI_IDA),ARUN NEHRU,PERAMBALUR,10-Aug-26,VEERAMANI S,Payment Success,999011
3143,Telangana,"Construction of roads, link roads, pathways or any other road with or without drainage system",WS/MP18188/2026-2027/289122,VIKARABAD(DISTRICT COLLECTOR VIKARABAD_2),KONDA VISHWESHWAR REDDY,CHELVELLA,20-Aug-26,DAPPU MAHENDER,Payment Success,119842
3144,Bihar,"Construction of roads, link roads, pathways or any other road with or without drainage system",WS/MP413/2025-2026/249799,GOPALGANJ(DISTRICT PLANNING OFFICER GOPALGANJ_IDA),Alok Kumar Suman,GOPALGANJ (SC),08-Aug-26,ADVIK ENTERPRISES PRO RAHUL PRATAP,Payment Success,1497134
3145,Punjab,Construction of additional rooms and halls in the existing public and community building,WS/MP18158/2025-2026/231540,PATIALA(DEPUTY COMMISSIONER PATIALA_IDA),DR DHARAMVIRA GANDHI,PATIALA,13-Aug-26,UPPAL BUILDING MATERIAL,Payment Success,236183
3146,Punjab,Construction of additional rooms and halls in the existing public and community building,WS/MP18158/2025-2026/231540,PATIALA(DEPUTY COMMISSIONER PATIALA_IDA),DR DHARAMVIRA GANDHI,PATIALA,13-Aug-26,PANKAJ ELECTRICALS,Payment Success,29965
3147,Kerala,"Construction of roads, link roads, pathways or any other road with or without drainage system",WS/MP18264/2025-2026/206991,KOTTAYAM(DISTRICT COLLECTOR KOTTAYAM_IDA),ADV K FRANCIS GEORGE,KOTTAYAM,07-Aug-26,ANIL KURIAKOSE,Payment Success,274201
3148,Kerala,"Construction of roads, link roads, pathways or any other road with or without drainage system",WS/MP18264/2025-2026/206993,KOTTAYAM(DISTRICT COLLECTOR KOTTAYAM_IDA),ADV K FRANCIS GEORGE,KOTTAYAM,10-Aug-26,ANIL KURIAKOSE,Payment Success,274260
3149,Rajasthan,"Construction of roads, link roads, pathways or any other road with or without drainage system",WS/MP18162/2025-2026/183836,Shahpura(DISTRICT COLLECTOR Shahpura_IDA),DAMODAR AGARWAL,BHILWARA,20-Aug-26,JAMNA LAL DAROGA,Payment Success,7028
3150,Rajasthan,"Construction of roads, link roads, pathways or any other road with or without drainage system",WS/MP18162/2025-2026/183836,Shahpura(DISTRICT COLLECTOR Shahpura_IDA),DAMODAR AGARWAL,BHILWARA,20-Aug-26,PRAKASH KUMAWAT,Payment Success,3653
3151,Chhattisgarh,Construction of common work sheds/ common covered sitting area,WS/MP568/2026-2027/299291,BEMETARA(Collector Bemetara_IDA),Vijay Baghel,DURG,18-Aug-26,SARPANCH GRAM PANCHAYAT REVE,Payment Success,260000
3152,Chhattisgarh,"Construction of roads, link roads, pathways or any other road with or without drainage system",WS/MP568/2026-2027/300853,BEMETARA(Collector Bemetara_IDA),Vijay Baghel,DURG,18-Aug-26,SARPANCH GRAM PANCHAYAT REVE,Payment Success,400000
3153,Tamil Nadu,Construction of buildings for crèches and anganwadies,WS/MP18174/2026-2027/221514,COIMBATORE(DISTRICT COLLECTOR COIMBATORE_IDA),GANAPATHY RAJKUMAR P,COIMBATORE,10-Aug-26,Shri Murugan Associates,Payment Success,799895
3154,Gujarat,Providing drains and gutters for public drainage,WS/MP323/2025-2026/242524,JUNAGADH(DISTRICT COLLECTOR JUNAGADH_IDA),Rajeshbhai Naranbhai Chudasama,JUNAGADH,21-Aug-26,GRAM PANCHAYAT BAMANGAM,Payment Success,224143
3155,Uttarakhand,Construction of community centers and community halls,WS/MP021/2025-2026/177240,NAINITAL(DISTRICT MAGISTRATE NAINITAL_IDA),Ajay Bhatt,NAINITAL UDHAM SINGH NAG.,13-Aug-26,jagdish singh,Payment Success,10980
3156,Uttarakhand,Construction of community centers and community halls,WS/MP021/2025-2026/177239,NAINITAL(DISTRICT MAGISTRATE NAINITAL_IDA),Ajay Bhatt,NAINITAL UDHAM SINGH NAG.,13-Aug-26,jagdish singh,Payment Success,12444
3157,Uttarakhand,Construction of community centers and community halls,WS/MP021/2025-2026/262400,NAINITAL(DISTRICT MAGISTRATE NAINITAL_IDA),Ajay Bhatt,NAINITAL UDHAM SINGH NAG.,11-Aug-26,GANGA ARYA,Payment Success,16836
3158,Uttarakhand,Construction of common work sheds/ common covered sitting area,WS/MP021/2025-2026/262610,NAINITAL(DISTRICT MAGISTRATE NAINITAL_IDA),Ajay Bhatt,NAINITAL UDHAM SINGH NAG.,13-Aug-26,PRATIMA GAUNIYA,Payment Success,2928
3159,Uttarakhand,Construction of common work sheds/ common covered sitting area,WS/MP021/2025-2026/262610,NAINITAL(DISTRICT MAGISTRATE NAINITAL_IDA),Ajay Bhatt,NAINITAL UDHAM SINGH NAG.,13-Aug-26,PAN SINGH MEWARI,Payment Success,4545
3160,Uttarakhand,Construction of common work sheds/ common covered sitting area,WS/MP021/2025-2026/262610,NAINITAL(DISTRICT MAGISTRATE NAINITAL_IDA),Ajay Bhatt,NAINITAL UDHAM SINGH NAG.,13-Aug-26,YASH GAUNIYA,Payment Success,3294
3161,Punjab,Construction of common work sheds/ common covered sitting area,WS/MP18314/2025-2026/225628,SANGRUR(DEPUTY COMMISSIONER SANGRUR_IDA),GURMEET SINGH MEET HAYER,SANGRUR,07-Aug-26,jai baba maya giri ji interlock tiles,Payment Success,40169
3162,Rajasthan,"Construction of roads, link roads, pathways or any other road with or without drainage system",WS/MP18162/2025-2026/183836,Shahpura(DISTRICT COLLECTOR Shahpura_IDA),DAMODAR AGARWAL,BHILWARA,20-Aug-26,PARAS KUMAWAT,Payment Success,7306
3163,Chhattisgarh,"Construction of roads, link roads, pathways or any other road with or without drainage system",WS/MP568/2026-2027/288941,BEMETARA(Collector Bemetara_IDA),Vijay Baghel,DURG,18-Aug-26,SARPANCH GRAM PANCHAYAT DANGANIYA B,Payment Success,260000
3164,Punjab,Construction of boundary walls of existing public and community buildings,WS/MP380/2025-2026/205836,SANGRUR(DEPUTY COMMISSIONER SANGRUR_IDA),Shri Amar Singh,FATEHGARH SAHIB(SC),07-Aug-26,VARDHAN ENTERPRISE,Payment Success,32000
3165,Punjab,Construction of boundary walls of existing public and community buildings,WS/MP380/2025-2026/205836,SANGRUR(DEPUTY COMMISSIONER SANGRUR_IDA),Shri Amar Singh,FATEHGARH SAHIB(SC),07-Aug-26,VARDHAN ENTERPRISE,Payment Success,32000
3166,Punjab,Construction of common work sheds/ common covered sitting area,WS/MP18314/2025-2026/219709,SANGRUR(DEPUTY COMMISSIONER SANGRUR_IDA),GURMEET SINGH MEET HAYER,SANGRUR,07-Aug-26,VARDHAN ENTERPRISE,Payment Success,32000
3167,Assam,Construction of community centers and community halls,WS/MP18029/2026-2027/280746,Biswanath(Deputy Commissioner Biswanath_IDA),RANJIT DUTTA,Sonitpur,07-Aug-26,Hemanta Bhattarai,Payment Success,272295
3168,Kerala,Construction of footpaths and pedestrian ways,WS/MP18305/2025-2026/182723,MALAPPURAM(DISTRICT COLLECTOR MALAPPURAM_IDA),E.T. MOHAMMED BASHEER,MALAPPURAM,21-Aug-26,MUHAMMED SAKKEER K,Payment Success,365609
3169,Punjab,Construction of culverts and bridges,WS/MP18155/2025-2026/247640,HOSHIARPUR(DEPUTY COMMISSIONER HOSHIARPUR_IDA),DR. RAJ KUMAR CHABBEWAL,HOSHIARPUR(SC),07-Aug-26,Sarabjit Singh so Tulsa Singh,Payment Success,81209
3170,Punjab,Installation of fixed garden gym equipment,WS/MP18311/2026-2027/280964,Shahid Bhagat Singh Nagar(Deputy Commissioner Shahid Bhagat Singh Nagar_ida),MALVINDER SINGH KANG,ANANDPUR SAHIB,24-Aug-26,kartik Industries,Payment Success,325000
3171,Punjab,Installation of fixed garden gym equipment,WS/MP18311/2026-2027/280927,Shahid Bhagat Singh Nagar(Deputy Commissioner Shahid Bhagat Singh Nagar_ida),MALVINDER SINGH KANG,ANANDPUR SAHIB,24-Aug-26,kartik Industries,Payment Success,325000
3172,Kerala,"Construction of roads, link roads, pathways or any other road with or without drainage system",WS/MP18306/2025-2026/185467,PALAKKAD(DISTRICT COLLECTOR PALAKKAD_IDA),DR. M.P ABDUSSAMAD SAMADANI,PONNANI,10-Aug-26,NOUSHAD T V,Payment Success,232986
3173,Kerala,"Construction of roads, link roads, pathways or any other road with or without drainage system",WS/MP18306/2025-2026/185470,PALAKKAD(DISTRICT COLLECTOR PALAKKAD_IDA),DR. M.P ABDUSSAMAD SAMADANI,PONNANI,10-Aug-26,NOUSHAD T V,Payment Success,226217
3174,Kerala,"Construction of roads, link roads, pathways or any other road with or without drainage system",WS/MP18306/2025-2026/185474,PALAKKAD(DISTRICT COLLECTOR PALAKKAD_IDA),DR. M.P ABDUSSAMAD SAMADANI,PONNANI,17-Aug-26,NOUSHAD T V,Payment Success,161286
3175,Kerala,"Construction of roads, link roads, pathways or any other road with or without drainage system",WS/MP18306/2025-2026/185477,PALAKKAD(DISTRICT COLLECTOR PALAKKAD_IDA),DR. M.P ABDUSSAMAD SAMADANI,PONNANI,10-Aug-26,NOUSHAD T V,Payment Success,232223
3176,Kerala,"Construction of roads, link roads, pathways or any other road with or without drainage system",WS/MP18306/2025-2026/185463,PALAKKAD(DISTRICT COLLECTOR PALAKKAD_IDA),DR. M.P ABDUSSAMAD SAMADANI,PONNANI,18-Aug-26,NOUSHAD T V,Payment Success,231959
3177,Maharashtra,Fitting of Sitting RCC Benches in Public Places,WS/MP18116/2025-2026/236540,THANE(DISTRICT COLLECTOR THANE_IDA),BALYA MAMA SURESH GOPINATH MHATRE,BHIWANDI,07-Aug-26,GOLDEN CONSTRUCTION,Payment Success,499976
3178,Tamil Nadu,Construction of rooms and halls in school and colleges,WS/MP508/2026-2027/201485,TIRUVANNAMALAI(DISTRICT COLLECTOR TIRUVANNAMALAI_IDA),CN Annadurai,TIRUVANNAMALAI,07-Aug-26,Om Sakthi Construction,Payment Success,687693
3179,Gujarat,"Construction of roads, link roads, pathways or any other road with or without drainage system","WS/	 MP005/2026-2027/265154",Ahmedabad(DISTRICT COLLECTOR AHMADABAD_IDA),Devusinh Jesingbhai Chauhan,KHEDA,07-Aug-26,TIMBA GRAM PANCHAYAT,Payment Success,199308
3180,Uttarakhand,Construction of footpaths and pedestrian ways,WS/MP477/2026-2027/269915,BAGESHWAR(DISTRICT MAGISTRATE BAGESHWAR_IDA),Ajay Tamta,ALMORA(SC),17-Aug-26,gopal singh bora,Payment Success,7812
3181,Uttarakhand,Construction of footpaths and pedestrian ways,WS/MP477/2026-2027/269915,BAGESHWAR(DISTRICT MAGISTRATE BAGESHWAR_IDA),Ajay Tamta,ALMORA(SC),17-Aug-26,ravindra singh rana,Payment Success,6048
3182,Tamil Nadu,Construction of community centers and community halls,WS/MP18265/2026-2027/222988,CUDDALORE(DISTRICT COLLECTOR CUDDALORE_IDA),M.K. VISHNUPRASAD,CUDDALORE,10-Aug-26,SARAVANAN S,Payment Success,2887769
3183,Uttarakhand,Construction of footpaths and pedestrian ways,WS/MP477/2026-2027/269915,BAGESHWAR(DISTRICT MAGISTRATE BAGESHWAR_IDA),Ajay Tamta,ALMORA(SC),17-Aug-26,krishna kandpal,Payment Success,6048
3184,Uttarakhand,Construction of footpaths and pedestrian ways,WS/MP477/2026-2027/269915,BAGESHWAR(DISTRICT MAGISTRATE BAGESHWAR_IDA),Ajay Tamta,ALMORA(SC),17-Aug-26,seema negi,Payment Success,7812
3185,Uttarakhand,Construction of footpaths and pedestrian ways,WS/MP477/2026-2027/269915,BAGESHWAR(DISTRICT MAGISTRATE BAGESHWAR_IDA),Ajay Tamta,ALMORA(SC),17-Aug-26,rajendra singh,Payment Success,10120
3186,Uttarakhand,Construction of footpaths and pedestrian ways,WS/MP477/2026-2027/269915,BAGESHWAR(DISTRICT MAGISTRATE BAGESHWAR_IDA),Ajay Tamta,ALMORA(SC),17-Aug-26,jagdesh singh,Payment Success,7812
3187,Uttarakhand,Construction of footpaths and pedestrian ways,WS/MP477/2026-2027/269915,BAGESHWAR(DISTRICT MAGISTRATE BAGESHWAR_IDA),Ajay Tamta,ALMORA(SC),17-Aug-26,harish ram,Payment Success,5520
3188,Uttarakhand,Construction of footpaths and pedestrian ways,WS/MP477/2026-2027/269915,BAGESHWAR(DISTRICT MAGISTRATE BAGESHWAR_IDA),Ajay Tamta,ALMORA(SC),17-Aug-26,chandra shekhar,Payment Success,7560
3189,Uttarakhand,Construction of footpaths and pedestrian ways,WS/MP477/2026-2027/276799,BAGESHWAR(DISTRICT MAGISTRATE BAGESHWAR_IDA),Ajay Tamta,ALMORA(SC),11-Aug-26,Asha Devi,Payment Success,8820
3190,Uttarakhand,Construction of footpaths and pedestrian ways,WS/MP477/2026-2027/276799,BAGESHWAR(DISTRICT MAGISTRATE BAGESHWAR_IDA),Ajay Tamta,ALMORA(SC),11-Aug-26,Bhagirathi Devi,Payment Success,8820
3191,Uttarakhand,Construction of footpaths and pedestrian ways,WS/MP477/2026-2027/276799,BAGESHWAR(DISTRICT MAGISTRATE BAGESHWAR_IDA),Ajay Tamta,ALMORA(SC),11-Aug-26,Kishan singh,Payment Success,8820
3192,Uttarakhand,Construction of footpaths and pedestrian ways,WS/MP477/2026-2027/276799,BAGESHWAR(DISTRICT MAGISTRATE BAGESHWAR_IDA),Ajay Tamta,ALMORA(SC),11-Aug-26,Munni Devi,Payment Success,8820
3193,Uttarakhand,Construction of footpaths and pedestrian ways,WS/MP477/2026-2027/276799,BAGESHWAR(DISTRICT MAGISTRATE BAGESHWAR_IDA),Ajay Tamta,ALMORA(SC),11-Aug-26,shoban singh,Payment Success,8820
3194,Uttarakhand,Construction of footpaths and pedestrian ways,WS/MP477/2026-2027/276799,BAGESHWAR(DISTRICT MAGISTRATE BAGESHWAR_IDA),Ajay Tamta,ALMORA(SC),11-Aug-26,nisha bhakuni,Payment Success,8820
3195,Uttarakhand,Construction of footpaths and pedestrian ways,WS/MP477/2026-2027/276799,BAGESHWAR(DISTRICT MAGISTRATE BAGESHWAR_IDA),Ajay Tamta,ALMORA(SC),11-Aug-26,mohan singh,Payment Success,8820
3196,Uttarakhand,Construction of footpaths and pedestrian ways,WS/MP477/2026-2027/276799,BAGESHWAR(DISTRICT MAGISTRATE BAGESHWAR_IDA),Ajay Tamta,ALMORA(SC),11-Aug-26,Puran Singh,Payment Success,8568
3197,Uttarakhand,Construction of footpaths and pedestrian ways,WS/MP477/2026-2027/276799,BAGESHWAR(DISTRICT MAGISTRATE BAGESHWAR_IDA),Ajay Tamta,ALMORA(SC),11-Aug-26,mukesh kumar,Payment Success,16100
3198,Uttarakhand,Construction of footpaths and pedestrian ways,WS/MP477/2026-2027/276799,BAGESHWAR(DISTRICT MAGISTRATE BAGESHWAR_IDA),Ajay Tamta,ALMORA(SC),12-Aug-26,Trilok Singh,Payment Success,1840
3199,Tamil Nadu,Construction of buildings for multi-gym,WS/MP18186/2026-2027/212317,THIRUVALLUR(DISTRICT COLLECTOR TIRUVALLUR_IDA),Sasikanth Senthil,TIRUVALLUR(SC),07-Aug-26,RLatha,Payment Success,1999836
3200,Gujarat,"Construction of roads, link roads, pathways or any other road with or without drainage system",WS/MP18054/2025-2026/247076,MAHESANA(DISTRICT COLLECTOR MAHESANA_IDA),HARIBHAI PATEL,MAHESANA,18-Aug-26,SARPANCHSHRI UNAVA GRAM PANCHAYAT,Payment Success,250000
3201,Gujarat,"Construction of roads, link roads, pathways or any other road with or without drainage system",WS/MP18058/2025-2026/254310,VADODARA(DISTRICT COLLECTOR VADODARA_IDA),DR. HEMANG JOSHI,VADODARA,11-Aug-26,Ankaliya Gram Panchayat,Payment Success,500000
3202,Gujarat,"Construction of roads, link roads, pathways or any other road with or without drainage system",WS/MP579/2026-2027/271415,ANAND(District Collector ANAND_IDA),Mitesh Rameshbhai Bakabhai Patel,ANAND,10-Aug-26,GRAM PANCHAYAT AJARPURA,Payment Success,489983
3203,Uttar Pradesh,Construction of rooms and halls in school and colleges,WS/MP18345/2026-2027/257822,KANNAUJ(DISTRICT MAGISTRATE KANNAUJ_IDA),AKHILESH YADAV,KANNAUJ,07-Aug-26,NewDabbu Traders,Payment Success,175000
3204,Telangana,"Construction of roads, link roads, pathways or any other road with or without drainage system",WS/MP18194/2026-2027/228628,SANGAREDDY(District Collector Sangareddy_IDA),SURESH KUMAR SHETKAR,ZAHIRABAD,11-Aug-26,BIRADAR SIDDAPPA,Payment Success,498674
3205,Punjab,Construction of rooms and halls in school and colleges,WS/MP18158/2025-2026/245152,PATIALA(DEPUTY COMMISSIONER PATIALA_IDA),DR DHARAMVIRA GANDHI,PATIALA,11-Aug-26,Gurnoor building material,Payment Success,134400
3206,Madhya Pradesh,"Construction of roads, link roads, pathways or any other road with or without drainage system",WS/MP446/2026-2027/288640,CHHATARPUR(District Collector Chhatarpur_IDA),Vishnu Dutt Sharma,KHAJURAHO,21-Aug-26,GRAM PANCHAYAT ANDHIYARI BARI,Payment Success,300000
3207,Punjab,"Construction of roads, link roads, pathways or any other road with or without drainage system",WS/MP18154/2025-2026/208257,GURDASPUR(DEPUTY COMMISSIONER GURDASPUR_IDA),SUKHJINDER SINGH RANDHAWA,GURDASPUR,07-Aug-26,The Golden Cooperative society ltd,Payment Success,203222
3208,Punjab,"Construction of roads, link roads, pathways or any other road with or without drainage system",WS/MP18154/2025-2026/208258,GURDASPUR(DEPUTY COMMISSIONER GURDASPUR_IDA),SUKHJINDER SINGH RANDHAWA,GURDASPUR,07-Aug-26,The Golden Cooperative society ltd,Payment Success,377960
3209,Punjab,"Construction of roads, link roads, pathways or any other road with or without drainage system",WS/MP18154/2025-2026/208259,GURDASPUR(DEPUTY COMMISSIONER GURDASPUR_IDA),SUKHJINDER SINGH RANDHAWA,GURDASPUR,07-Aug-26,The Golden Cooperative society ltd,Payment Success,377203
3210,Punjab,"Construction of roads, link roads, pathways or any other road with or without drainage system",WS/MP18154/2025-2026/208260,GURDASPUR(DEPUTY COMMISSIONER GURDASPUR_IDA),SUKHJINDER SINGH RANDHAWA,GURDASPUR,07-Aug-26,The Golden Cooperative society ltd,Payment Success,377960
3211,Punjab,"Construction of roads, link roads, pathways or any other road with or without drainage system",WS/MP18154/2025-2026/208261,GURDASPUR(DEPUTY COMMISSIONER GURDASPUR_IDA),SUKHJINDER SINGH RANDHAWA,GURDASPUR,07-Aug-26,The Golden Cooperative society ltd,Payment Success,398685
3212,Punjab,"Construction of roads, link roads, pathways or any other road with or without drainage system",WS/MP18154/2025-2026/210988,GURDASPUR(DEPUTY COMMISSIONER GURDASPUR_IDA),SUKHJINDER SINGH RANDHAWA,GURDASPUR,07-Aug-26,The Golden Cooperative society ltd,Payment Success,377203
3213,Kerala,"Construction of roads, link roads, pathways or any other road with or without drainage system",WS/MP18337/2025-2026/239224,PALAKKAD(DISTRICT COLLECTOR PALAKKAD_IDA),K RADHAKRISHNAN,ALATHUR(SC),07-Aug-26,BABU C K,Payment Success,648752
3214,Maharashtra,"Construction of roads, link roads, pathways or any other road with or without drainage system",WS/MP18111/2026-2027/276689,AKOLA(DISTRICT COLLECTOR AKOLA_IDA),ANUP SANJAY DHOTRE,AKOLA,10-Aug-26,PM ADARSHGRAM YOJNA G P SAMSHERPUR,Payment Success,972751
3215,Odisha,"Construction of roads, link roads, pathways or any other road with or without drainage system",WS/MP453/2026-2027/278128,RAYAGADA(DISTRICT COLLECTOR RAYAGADA_IDA),Saptagiri Sankar Ulaka,KORAPUT(ST),07-Aug-26,T SOMESWAR RAO,Payment Success,500000
3216,Uttarakhand,Purchase of furniture and fixtures for educational purposes,WS/MP021/2026-2027/254806,NAINITAL(DISTRICT MAGISTRATE NAINITAL_IDA),Ajay Bhatt,NAINITAL UDHAM SINGH NAG.,13-Aug-26,virmani furniture,Payment Success,75000
3217,Assam,Construction of community centers and community halls,WS/MP18025/2025-2026/231280,GOLAGHAT(Deputy Commissioner Golaghat_IDA),KAMAKHYA PRASAD TASA,Kaziranga,24-Aug-26,BHARAT DUTTA,Payment Success,199900
3218,Karnataka,Construction of community centers and community halls,WS/MP618/2024-2025/169540,BAGALKOTE(DEPUTY COMMISSIONER BAGALKOT_IDA),Parvatagouda Chandanagouda Gaddigoudar,BAGALKOT,05-Aug-26,ABHISHEK V GOUDAR,Payment Success,375000
3219,Punjab,Construction of common work sheds/ common covered sitting area,WS/MP18152/2025-2026/274128,FARIDKOT(DEPUTY COMMISSIONER FARIDKOT_IDA),SARABJEET SINGH KHALSA,FARIDKOT(SC),17-Aug-26,Jagdeep Singh,Payment Success,46900
3220,Punjab,Construction of common work sheds/ common covered sitting area,WS/MP18152/2025-2026/274129,FARIDKOT(DEPUTY COMMISSIONER FARIDKOT_IDA),SARABJEET SINGH KHALSA,FARIDKOT(SC),17-Aug-26,Jagdeep Singh,Payment Success,46900
3221,Chhattisgarh,Construction of common work sheds/ common covered sitting area,WS/MP18049/2025-2026/152172,BILASPUR(DISTRICT COLLECTOR BILASPUR_IDA),TOKHAN SAHU,BILASPUR,11-Aug-26,New Ramesh Fabrication,Payment Success,1600000
3222,Uttarakhand,Construction of footpaths and pedestrian ways,WS/MP477/2026-2027/276799,BAGESHWAR(DISTRICT MAGISTRATE BAGESHWAR_IDA),Ajay Tamta,ALMORA(SC),11-Aug-26,govind singh,Payment Success,8820
3223,Telangana,Construction of additional rooms and halls in the existing public and community building,WS/MP18194/2026-2027/236870,SANGAREDDY(District Collector Sangareddy_IDA),SURESH KUMAR SHETKAR,ZAHIRABAD,11-Aug-26,SYED RAHEMATH ALI,Payment Success,500000
3224,Madhya Pradesh,Improvement of electricity distribution infrastructure,WS/MP640/2026-2027/273075,DINDORI(District Collector Dindori_IDA),Faggan Singh Kulaste,MANDLA(ST),13-Aug-26,MPEB,Payment Success,516000
3225,Gujarat,"Construction of roads, link roads, pathways or any other road with or without drainage system",WS/MP18321/2026-2027/262884,SABAR KANTHA(DISTRICT COLLECTOR SABARKANTHA_IDA),SHOBHANABEN MAHENDRASINH BARAIYA,SABARKANTHA,12-Aug-26,SARPANCHASHRI PURAL GRAM PANCHAYAT,Payment Success,200000
3226,Tamil Nadu,Construction of buildings for community cultural activities,WS/MP394/2026-2027/230776,KANNIYAKUMARI(DISTRICT COLLECTOR KANNIYAKUMARI_IDA),Shri vijayakumar Vasanth,KANNIYAKUMARI,07-Aug-26,Xavier Prabhu,Payment Success,1485403
3227,Rajasthan,Construction of boundary walls of existing public and community buildings,WS/MP18164/2025-2026/257525,HANUMANGARH(DISTRICT COLLECTOR HANUMANGARH_IDA),KULDEEP INDORA,GANGANAGAR(SC),22-Aug-26,PEERDAN NAYAK,Payment Success,8950
3228,Rajasthan,Construction of boundary walls of existing public and community buildings,WS/MP18164/2025-2026/257525,HANUMANGARH(DISTRICT COLLECTOR HANUMANGARH_IDA),KULDEEP INDORA,GANGANAGAR(SC),22-Aug-26,PRINCE ENTERPRISES,Payment Success,77000
3229,Rajasthan,Construction of boundary walls of existing public and community buildings,WS/MP18164/2025-2026/257525,HANUMANGARH(DISTRICT COLLECTOR HANUMANGARH_IDA),KULDEEP INDORA,GANGANAGAR(SC),22-Aug-26,BALRAM,Payment Success,2000
3230,Rajasthan,"Construction of roads, link roads, pathways or any other road with or without drainage system",WS/MP18161/2025-2026/227379,BHARATPUR(DISTRICT COLLECTOR BHARATPUR_IDA),SANJNA JATAV,BHARATPUR(SC),19-Aug-26,RAVINDRA,Payment Success,3705
3231,Rajasthan,"Construction of roads, link roads, pathways or any other road with or without drainage system",WS/MP18161/2025-2026/227379,BHARATPUR(DISTRICT COLLECTOR BHARATPUR_IDA),SANJNA JATAV,BHARATPUR(SC),19-Aug-26,RAVINDRA,Payment Success,3705
3232,Rajasthan,"Construction of roads, link roads, pathways or any other road with or without drainage system",WS/MP18161/2025-2026/227379,BHARATPUR(DISTRICT COLLECTOR BHARATPUR_IDA),SANJNA JATAV,BHARATPUR(SC),19-Aug-26,RAVINDRA,Payment Success,9100
3233,Rajasthan,"Construction of roads, link roads, pathways or any other road with or without drainage system",WS/MP18161/2025-2026/227379,BHARATPUR(DISTRICT COLLECTOR BHARATPUR_IDA),SANJNA JATAV,BHARATPUR(SC),19-Aug-26,RAVINDRA,Payment Success,9100
3234,Rajasthan,"Construction of roads, link roads, pathways or any other road with or without drainage system",WS/MP18161/2025-2026/227379,BHARATPUR(DISTRICT COLLECTOR BHARATPUR_IDA),SANJNA JATAV,BHARATPUR(SC),19-Aug-26,RAMAN SINGH,Payment Success,3705
3235,Rajasthan,"Construction of roads, link roads, pathways or any other road with or without drainage system",WS/MP18161/2025-2026/227379,BHARATPUR(DISTRICT COLLECTOR BHARATPUR_IDA),SANJNA JATAV,BHARATPUR(SC),19-Aug-26,MUNNI DEVI,Payment Success,3705
3236,Rajasthan,"Construction of roads, link roads, pathways or any other road with or without drainage system",WS/MP18161/2025-2026/227379,BHARATPUR(DISTRICT COLLECTOR BHARATPUR_IDA),SANJNA JATAV,BHARATPUR(SC),19-Aug-26,MUNNI DEVI,Payment Success,3705
3237,Rajasthan,"Construction of roads, link roads, pathways or any other road with or without drainage system",WS/MP18161/2025-2026/227379,BHARATPUR(DISTRICT COLLECTOR BHARATPUR_IDA),SANJNA JATAV,BHARATPUR(SC),19-Aug-26,KAMAL SINGH,Payment Success,3705
3238,Rajasthan,"Construction of roads, link roads, pathways or any other road with or without drainage system",WS/MP18161/2025-2026/227379,BHARATPUR(DISTRICT COLLECTOR BHARATPUR_IDA),SANJNA JATAV,BHARATPUR(SC),19-Aug-26,PRAVEEN KUMAR,Payment Success,9100
3239,Rajasthan,"Construction of roads, link roads, pathways or any other road with or without drainage system",WS/MP18161/2025-2026/227379,BHARATPUR(DISTRICT COLLECTOR BHARATPUR_IDA),SANJNA JATAV,BHARATPUR(SC),19-Aug-26,PRAVEEN KUMAR,Payment Success,9100
3240,Rajasthan,"Construction of roads, link roads, pathways or any other road with or without drainage system",WS/MP18161/2025-2026/227379,BHARATPUR(DISTRICT COLLECTOR BHARATPUR_IDA),SANJNA JATAV,BHARATPUR(SC),19-Aug-26,RAMRATI,Payment Success,3705
3241,Rajasthan,"Construction of roads, link roads, pathways or any other road with or without drainage system",WS/MP18161/2025-2026/227379,BHARATPUR(DISTRICT COLLECTOR BHARATPUR_IDA),SANJNA JATAV,BHARATPUR(SC),19-Aug-26,NIRANJAN,Payment Success,3705
3242,Rajasthan,"Construction of roads, link roads, pathways or any other road with or without drainage system",WS/MP18161/2025-2026/227379,BHARATPUR(DISTRICT COLLECTOR BHARATPUR_IDA),SANJNA JATAV,BHARATPUR(SC),19-Aug-26,NIRANJAN,Payment Success,1425
3243,Rajasthan,"Construction of roads, link roads, pathways or any other road with or without drainage system",WS/MP18161/2025-2026/227379,BHARATPUR(DISTRICT COLLECTOR BHARATPUR_IDA),SANJNA JATAV,BHARATPUR(SC),19-Aug-26,OMVATI,Payment Success,3705
3244,Haryana,Setting up of laboratories,WS/MP329/2026-2027/285752,BHIWANI(DC Cum Nodal Officer MPLADS Bhiwani),Shri  Dharambir Singh,BHIWANI MAHENDRAGARH,08-Aug-26,Computer Vision,Payment Success,300000
3245,Haryana,Setting up of laboratories,WS/MP329/2026-2027/285752,BHIWANI(DC Cum Nodal Officer MPLADS Bhiwani),Shri  Dharambir Singh,BHIWANI MAHENDRAGARH,08-Aug-26,Mahesh and Company,Payment Success,100555
3246,Haryana,Setting up of laboratories,WS/MP329/2026-2027/285752,BHIWANI(DC Cum Nodal Officer MPLADS Bhiwani),Shri  Dharambir Singh,BHIWANI MAHENDRAGARH,08-Aug-26,Vijay Book Stall,Payment Success,99445
3247,Punjab,"Construction of roads, link roads, pathways or any other road with or without drainage system",WS/MP18157/2025-2026/241180,LUDHIANA(DEPUTY COMMISSIONER LUDHIANA_IDA),AMRINDER SINGH RAJA WARRING,LUDHIANA,06-Aug-26,AMRIT SINGH,Payment Success,14822
3248,Madhya Pradesh,Construction of common work sheds/ common covered sitting area,WS/MP18104/2026-2027/278047,NARMADAPURAM(DISTRICT COLLECTOR NARMADAPURAM_IDA),DARSHAN SINGH CHOUDHARY,HOSHANGABAD,11-Aug-26,Sarpanch Gram Panchayat Vasaniyakalan,Payment Success,50000
3249,Madhya Pradesh,"Construction of roads, link roads, pathways or any other road with or without drainage system",WS/MP18104/2026-2027/290577,NARMADAPURAM(DISTRICT COLLECTOR NARMADAPURAM_IDA),DARSHAN SINGH CHOUDHARY,HOSHANGABAD,11-Aug-26,Sarpanch Gram Panchayat Hirankheda,Payment Success,50000
3250,Gujarat,Construction of community centers and community halls,WS/MP588/2025-2026/202607,JAMNAGAR(DISTRICT COLLECTOR JAMNAGAR_IDA),Smt Poonamben Hematbhai Maadam,JAMNAGAR,10-Aug-26,GAJANA GRAM PANCHAYAT,Payment Success,499963
3251,Punjab,Construction of common work sheds/ common covered sitting area,WS/MP18314/2025-2026/219711,SANGRUR(DEPUTY COMMISSIONER SANGRUR_IDA),GURMEET SINGH MEET HAYER,SANGRUR,10-Aug-26,Shri Radha Krishan Contractor,Payment Success,59991
3252,Punjab,Crematoriums/energy efficient crematoriums or structures on burial/cremation ground,WS/MP18158/2025-2026/225754,PATIALA(DEPUTY COMMISSIONER PATIALA_IDA),DR DHARAMVIRA GANDHI,PATIALA,12-Aug-26,Sarpanch Kulwant Kaur,Payment Success,56100
3253,Maharashtra,Construction of community centers and community halls,WS/MP18112/2025-2026/233019,AMRAVATI(DISTRICT COLLECTOR AMRAVATI_IDA),BALWANT BASWANT WANKHADE,AMRAVATI(SC),07-Aug-26,RAKESH KUNJILAL ZADKHANDE,Payment Success,614325
3254,Gujarat,"Construction of roads, link roads, pathways or any other road with or without drainage system",WS/MP18054/2026-2027/259876,MAHESANA(DISTRICT COLLECTOR MAHESANA_IDA),HARIBHAI PATEL,MAHESANA,05-Aug-26,AGLOD GRAM PANCHAYAT,Payment Success,150000
3255,West Bengal,Installing tube-wells and borewells,WS/MP18257/2025-2026/249220,Purba Medinipur(DISTRICT MAGISTRATE PURBA MEDINIPUR_IDA),ABHIJIT GANGOPADHYAY,TAMLUK,07-Aug-26,Gouranga Charan,Payment Success,136025
3256,Maharashtra,"Construction of roads, link roads, pathways or any other road with or without drainage system",WS/MP18323/2026-2027/270930,LATUR(DISTRICT COLLECTOR LATUR_IDA),DR KALGE SHIVAJI BANDAPPA,LATUR(SC),22-Aug-26,Kadubai Sidram Magasvargiya Majoor Sahakari S Limited Latur,Payment Success,499737
3257,Madhya Pradesh,Construction of culverts and bridges,WS/MP18101/2026-2027/287604,DAMOH(DISTRICT COLLECTOR DAMOH_IDA),RAHUL SINGH LODHI,DAMOH,10-Aug-26,GRAM PANCHAYAT MAHANTPUR JP DAMOH,Payment Success,300000
3258,Chandigarh,Construction of common work sheds/ common covered sitting area,WS/MP18047/2026-2027/227245,CHANDIGARH(DEPUTY COMMISSIONER ZILLA PARISHAD CHANDIGARH_IDA),MANISH TEWARI,CHANDIGARH,12-Aug-26,VEE ESS ENTERPRISES,Payment Success,998542
3259,Chandigarh,Construction of common work sheds/ common covered sitting area,WS/MP18047/2026-2027/227245,CHANDIGARH(DEPUTY COMMISSIONER ZILLA PARISHAD CHANDIGARH_IDA),MANISH TEWARI,CHANDIGARH,18-Aug-26,VEE ESS ENTERPRISES,Payment Success,23750
3260,Chandigarh,Construction of common work sheds/ common covered sitting area,WS/MP18047/2026-2027/227245,CHANDIGARH(DEPUTY COMMISSIONER ZILLA PARISHAD CHANDIGARH_IDA),MANISH TEWARI,CHANDIGARH,18-Aug-26,VEE ESS ENTERPRISES,Payment Success,46419
3261,West Bengal,Lighting of public spaces,WS/MP825/2025-2026/265889,HOWRAH(DISTRICT MAGISTRATE HOWRAH_IDA),Prasun Banerjee,HOWRAH,07-Aug-26,MA LAXMI ELECTRICAL ENGINEERING WORKS,Payment Success,150000
3262,West Bengal,Lighting of public spaces,WS/MP825/2025-2026/265890,HOWRAH(DISTRICT MAGISTRATE HOWRAH_IDA),Prasun Banerjee,HOWRAH,10-Aug-26,MA LAXMI ELECTRICAL ENGINEERING WORKS,Payment Success,150000
3263,West Bengal,Lighting of public spaces,WS/MP825/2025-2026/265891,HOWRAH(DISTRICT MAGISTRATE HOWRAH_IDA),Prasun Banerjee,HOWRAH,10-Aug-26,MA LAXMI ELECTRICAL ENGINEERING WORKS,Payment Success,150000
3264,West Bengal,Lighting of public spaces,WS/MP825/2025-2026/265892,HOWRAH(DISTRICT MAGISTRATE HOWRAH_IDA),Prasun Banerjee,HOWRAH,10-Aug-26,MA LAXMI ELECTRICAL ENGINEERING WORKS,Payment Success,150000
3265,West Bengal,Lighting of public spaces,WS/MP825/2025-2026/265893,HOWRAH(DISTRICT MAGISTRATE HOWRAH_IDA),Prasun Banerjee,HOWRAH,10-Aug-26,MA LAXMI ELECTRICAL ENGINEERING WORKS,Payment Success,150000
3266,West Bengal,Lighting of public spaces,WS/MP825/2025-2026/265894,HOWRAH(DISTRICT MAGISTRATE HOWRAH_IDA),Prasun Banerjee,HOWRAH,07-Aug-26,MA LAXMI ELECTRICAL ENGINEERING WORKS,Payment Success,150000
3267,West Bengal,Lighting of public spaces,WS/MP825/2025-2026/265895,HOWRAH(DISTRICT MAGISTRATE HOWRAH_IDA),Prasun Banerjee,HOWRAH,07-Aug-26,MA LAXMI ELECTRICAL ENGINEERING WORKS,Payment Success,150000
3268,West Bengal,Lighting of public spaces,WS/MP825/2025-2026/265896,HOWRAH(DISTRICT MAGISTRATE HOWRAH_IDA),Prasun Banerjee,HOWRAH,07-Aug-26,MA LAXMI ELECTRICAL ENGINEERING WORKS,Payment Success,150000
3269,West Bengal,Lighting of public spaces,WS/MP825/2025-2026/265897,HOWRAH(DISTRICT MAGISTRATE HOWRAH_IDA),Prasun Banerjee,HOWRAH,07-Aug-26,MA LAXMI ELECTRICAL ENGINEERING WORKS,Payment Success,150000
3270,West Bengal,Lighting of public spaces,WS/MP825/2025-2026/265898,HOWRAH(DISTRICT MAGISTRATE HOWRAH_IDA),Prasun Banerjee,HOWRAH,07-Aug-26,MA LAXMI ELECTRICAL ENGINEERING WORKS,Payment Success,150000
3271,West Bengal,Lighting of public spaces,WS/MP825/2025-2026/265899,HOWRAH(DISTRICT MAGISTRATE HOWRAH_IDA),Prasun Banerjee,HOWRAH,07-Aug-26,MA LAXMI ELECTRICAL ENGINEERING WORKS,Payment Success,150000
3272,West Bengal,Lighting of public spaces,WS/MP825/2025-2026/265901,HOWRAH(DISTRICT MAGISTRATE HOWRAH_IDA),Prasun Banerjee,HOWRAH,07-Aug-26,MA LAXMI ELECTRICAL ENGINEERING WORKS,Payment Success,150000
3273,West Bengal,Lighting of public spaces,WS/MP825/2025-2026/265902,HOWRAH(DISTRICT MAGISTRATE HOWRAH_IDA),Prasun Banerjee,HOWRAH,07-Aug-26,MA LAXMI ELECTRICAL ENGINEERING WORKS,Payment Success,150000
3274,West Bengal,Lighting of public spaces,WS/MP825/2025-2026/265938,HOWRAH(DISTRICT MAGISTRATE HOWRAH_IDA),Prasun Banerjee,HOWRAH,11-Aug-26,MA LAXMI ELECTRICAL ENGINEERING WORKS,Payment Success,150000
3275,West Bengal,Lighting of public spaces,WS/MP825/2025-2026/265939,HOWRAH(DISTRICT MAGISTRATE HOWRAH_IDA),Prasun Banerjee,HOWRAH,10-Aug-26,MA LAXMI ELECTRICAL ENGINEERING WORKS,Payment Success,150000
3276,West Bengal,Lighting of public spaces,WS/MP825/2025-2026/265940,HOWRAH(DISTRICT MAGISTRATE HOWRAH_IDA),Prasun Banerjee,HOWRAH,07-Aug-26,MA LAXMI ELECTRICAL ENGINEERING WORKS,Payment Success,150000
3277,West Bengal,Lighting of public spaces,WS/MP825/2025-2026/265941,HOWRAH(DISTRICT MAGISTRATE HOWRAH_IDA),Prasun Banerjee,HOWRAH,11-Aug-26,MA LAXMI ELECTRICAL ENGINEERING WORKS,Payment Success,150000
3278,West Bengal,Lighting of public spaces,WS/MP825/2025-2026/265942,HOWRAH(DISTRICT MAGISTRATE HOWRAH_IDA),Prasun Banerjee,HOWRAH,07-Aug-26,MA LAXMI ELECTRICAL ENGINEERING WORKS,Payment Success,150000
3279,West Bengal,Lighting of public spaces,WS/MP825/2025-2026/265943,HOWRAH(DISTRICT MAGISTRATE HOWRAH_IDA),Prasun Banerjee,HOWRAH,07-Aug-26,MA LAXMI ELECTRICAL ENGINEERING WORKS,Payment Success,150000
3280,Assam,Construction of rooms and halls in school and colleges,WS/MP18023/2026-2027/248759,GOALPARA(Deputy Commissioner Goalpara_IDA),BIJULI KALITA MEDHI,GUWAHATI,06-Aug-26,Construction of Hall at Lakhipur College Lakhipur,Payment Success,300000
3281,Punjab,Construction of stadiums,WS/MP18311/2025-2026/272258,RUPNAGAR(DEPUTY COMMISSIONER ROOPNAGAR_IDA),MALVINDER SINGH KANG,ANANDPUR SAHIB,11-Aug-26,Lamba Cement and Iron Store Ghanauli,Payment Success,17850
3282,Punjab,Construction of stadiums,WS/MP18311/2025-2026/272258,RUPNAGAR(DEPUTY COMMISSIONER ROOPNAGAR_IDA),MALVINDER SINGH KANG,ANANDPUR SAHIB,11-Aug-26,Dasmesh Traders Ghanauli,Payment Success,25200
3283,Nagaland,"Construction of roads, link roads, pathways or any other road with or without drainage system",WS/MP18391/2026-2027/283805,MON(Deputy Commissioner Mon_IDA),S SUPONGMEREN JAMIR,NAGALAND,07-Aug-26,Lhangti Konyak,Payment Success,6800000
3284,Punjab,Construction of stadiums,WS/MP18311/2025-2026/272258,RUPNAGAR(DEPUTY COMMISSIONER ROOPNAGAR_IDA),MALVINDER SINGH KANG,ANANDPUR SAHIB,11-Aug-26,A One Bricks Dabhota HP,Payment Success,44800
3285,Punjab,Construction of stadiums,WS/MP18311/2025-2026/272258,RUPNAGAR(DEPUTY COMMISSIONER ROOPNAGAR_IDA),MALVINDER SINGH KANG,ANANDPUR SAHIB,11-Aug-26,A One Bricks Dabhota HP,Payment Success,44800
3286,Punjab,Construction of stadiums,WS/MP18311/2025-2026/272258,RUPNAGAR(DEPUTY COMMISSIONER ROOPNAGAR_IDA),MALVINDER SINGH KANG,ANANDPUR SAHIB,11-Aug-26,Rajinder Kaur Sarpanch Thali Khurd,Payment Success,27048
3287,Telangana,Construction of stadiums,WS/MP18190/2026-2027/201041,MAHABUBABAD(DISTRICT COLLECTOR MAHABUBABAD_IDA),BALRAM NAIK PORIKA,MAHABUBABAD,05-Aug-26,Narsinga Srinivas,Payment Success,1964986
3288,Andaman And Nicobar Islands,Construction of footpaths and pedestrian ways,WS/MP18275/2025-2026/242171,SOUTH ANDAMANS(Implementing District Authority(SA)),BISHNU PADA RAY,ANDAMAN AND NICOBAR ISLANDS,11-Aug-26,rakib construction,Payment Success,765456
3289,Assam,"Purchase of smart boards, visual display units and projectors",WS/MP540/2026-2027/260153,"Sribhumi(Deputy Commissioner , Karimganj)",Kripanath Mallah,KARIMGANJ (SC),08-Aug-26,RM ENTERPRISE,Payment Success,841500
3290,Assam,Construction of community centers and community halls,WS/MP540/2026-2027/260147,"Sribhumi(Deputy Commissioner , Karimganj)",Kripanath Mallah,KARIMGANJ (SC),08-Aug-26,RM ENTERPRISE,Payment Success,1308000
3291,Assam,Construction of boundary walls of existing public and community buildings,WS/MP540/2026-2027/260150,"Sribhumi(Deputy Commissioner , Karimganj)",Kripanath Mallah,KARIMGANJ (SC),08-Aug-26,RM ENTERPRISE,Payment Success,486000
3292,Assam,Construction of boundary walls of existing public and community buildings,WS/MP540/2026-2027/260151,"Sribhumi(Deputy Commissioner , Karimganj)",Kripanath Mallah,KARIMGANJ (SC),08-Aug-26,RM ENTERPRISE,Payment Success,249000
3293,Telangana,"Construction of roads, link roads, pathways or any other road with or without drainage system",WS/MP18388/2025-2026/188644,PEDDAPALLI(District Collector Peddapally_IDA),VAMSI KRISHNA GADDAM,PEDDAPALLE,05-Aug-26,K Bhagyalaxmi,Payment Success,499881
3294,Madhya Pradesh,Construction of culverts and bridges,WS/MP18109/2026-2027/164962,SIDHI(DISTRICT COLLECTOR SIDHI_IDA),DR. RAJESH MISHRA,SIDHI,05-Aug-26,GRAM PANCHAYAT RAMPUR,Payment Success,49995
3295,Madhya Pradesh,Construction of culverts and bridges,WS/MP18109/2026-2027/164962,SIDHI(DISTRICT COLLECTOR SIDHI_IDA),DR. RAJESH MISHRA,SIDHI,05-Aug-26,GRAM PANCHAYAT RAMPUR,Payment Success,49995
3296,Madhya Pradesh,Construction of culverts and bridges,WS/MP18109/2026-2027/164962,SIDHI(DISTRICT COLLECTOR SIDHI_IDA),DR. RAJESH MISHRA,SIDHI,05-Aug-26,GRAM PANCHAYAT RAMPUR,Payment Success,49995
3297,Madhya Pradesh,Construction of culverts and bridges,WS/MP18109/2026-2027/164962,SIDHI(DISTRICT COLLECTOR SIDHI_IDA),DR. RAJESH MISHRA,SIDHI,05-Aug-26,GRAM PANCHAYAT RAMPUR,Payment Success,49921
3298,Madhya Pradesh,Construction of culverts and bridges,WS/MP18109/2026-2027/164962,SIDHI(DISTRICT COLLECTOR SIDHI_IDA),DR. RAJESH MISHRA,SIDHI,05-Aug-26,GRAM PANCHAYAT RAMPUR,Payment Success,49964
3299,Himachal Pradesh,"Construction of roads, link roads, pathways or any other road with or without drainage system",WS/MP18328/2026-2027/269191,MANDI(DEPUTY COMMISSIONER MANDI_IDA),Kangana Ranaut,MANDI,24-Aug-26,GRAM PANCHAYAT TIKKAR,Payment Success,30000
3300,Gujarat,"Construction of roads, link roads, pathways or any other road with or without drainage system",WS/MP18054/2026-2027/255319,MAHESANA(DISTRICT COLLECTOR MAHESANA_IDA),HARIBHAI PATEL,MAHESANA,12-Aug-26,PILUDARA GRAM PANCHAYAT,Payment Success,300000
3301,West Bengal,Renovation of ponds and lakes,WS/MP18251/2025-2026/161240,KOLKATA(COMMISSIONER KOLKATA MUNICIPAL CORPORATION_IDA),SAYANI GHOSH,JADAVPUR,21-Aug-26,ELEEN AND CO,Payment Success,796993
3302,Odisha,"Construction of roads, link roads, pathways or any other road with or without drainage system",WS/MP18147/2025-2026/250617,MAYURBHANJ(DISTRICT COLLECTOR MAYURBHANJ_IDA),NABA CHARAN MAJHI,MAYURBHANJ (ST),10-Aug-26,SUBRAT KUMAR MUKHI,Payment Success,431500
3303,Maharashtra,Construction of community centers and community halls,WS/MP18127/2026-2027/253708,NASHIK(DISTRICT COLLECTOR NASHIK_IDA),RAJABHAU,NASHIK,06-Aug-26,SHRAMIK MAJOOR BANDHKAM SAHAKARI SANSTHA MARYA,Payment Success,989000
3304,Kerala,"Construction of roads, link roads, pathways or any other road with or without drainage system",WS/MP18264/2025-2026/197609,KOTTAYAM(DISTRICT COLLECTOR KOTTAYAM_IDA),ADV K FRANCIS GEORGE,KOTTAYAM,18-Aug-26,ACHU ALIAS ALEX,Payment Success,147568
3305,Punjab,Crematoriums/energy efficient crematoriums or structures on burial/cremation ground,WS/MP18158/2026-2027/262076,PATIALA(DEPUTY COMMISSIONER PATIALA_IDA),DR DHARAMVIRA GANDHI,PATIALA,04-Aug-26,jaspreet kaur wo Sandeep Singh,Payment Success,20201
3306,Punjab,Crematoriums/energy efficient crematoriums or structures on burial/cremation ground,WS/MP18158/2026-2027/262076,PATIALA(DEPUTY COMMISSIONER PATIALA_IDA),DR DHARAMVIRA GANDHI,PATIALA,07-Aug-26,jaspreet kaur wo Sandeep Singh,Payment Success,8199
3307,Rajasthan,Construction of community centers and community halls,WS/MP18169/2026-2027/260279,NAGAUR(DISTRICT COLLECTOR NAGAUR_IDA),MAHIMA KUMARI MEWAR,RAJSAMAND,10-Aug-26,SHRI RAMESHWAR CONSTRUCTION,Payment Success,999967
3308,Delhi,"Construction of roads, link roads, pathways or any other road with or without drainage system",WS/MP18399/2025-2026/230983,SOUTH(COMMISSIONER SOUTH),Ramvir Singh Bidhuri,SOUTH DELHI,11-Aug-26,Sanjay Goel,Payment Success,1126111
3309,Delhi,Fitting of Sitting RCC Benches in Public Places,WS/MP18399/2025-2026/246185,SOUTH(COMMISSIONER SOUTH),Ramvir Singh Bidhuri,SOUTH DELHI,11-Aug-26,Rajendra Engineers,Payment Success,829946
3310,Delhi,"Construction of roads, link roads, pathways or any other road with or without drainage system",WS/MP18399/2025-2026/230992,SOUTH(COMMISSIONER SOUTH),Ramvir Singh Bidhuri,SOUTH DELHI,11-Aug-26,Rajendra Engineers,Payment Success,855269
3311,Andhra Pradesh,Installing tube-wells and borewells,WS/MP522/2025-2026/253902,SRIKAKULAM(District Collector Srikakulam_IDA),Kinjarapu Ram Mohan Naidu,SRIKAKULAM,05-Aug-26,SURADA SONIYA,Payment Success,146346
3312,Andhra Pradesh,Providing drains and gutters for public drainage,WS/MP522/2025-2026/253900,SRIKAKULAM(District Collector Srikakulam_IDA),Kinjarapu Ram Mohan Naidu,SRIKAKULAM,17-Aug-26,TAMADA VISWANADHAM,Payment Success,495433
3313,West Bengal,Installing tube-wells and borewells,WS/MP18244/2025-2026/185179,Alipurduar(DISTRICT MAGISTRATE ALIPURDUARS_IDA),MANOJ TIGGA,ALIPURDUARS(ST),03-Aug-26,Nayandeep Lama,Payment Success,516902
3314,West Bengal,"Construction of roads, link roads, pathways or any other road with or without drainage system",WS/MP18244/2025-2026/185190,Alipurduar(DISTRICT MAGISTRATE ALIPURDUARS_IDA),MANOJ TIGGA,ALIPURDUARS(ST),03-Aug-26,Uday Khulal,Payment Success,345838
3315,West Bengal,Installing tube-wells and borewells,WS/MP18244/2025-2026/185184,Alipurduar(DISTRICT MAGISTRATE ALIPURDUARS_IDA),MANOJ TIGGA,ALIPURDUARS(ST),03-Aug-26,Uday Khulal,Payment Success,517214
3316,West Bengal,"Construction of roads, link roads, pathways or any other road with or without drainage system",WS/MP18244/2025-2026/185206,Alipurduar(DISTRICT MAGISTRATE ALIPURDUARS_IDA),MANOJ TIGGA,ALIPURDUARS(ST),03-Aug-26,Uday Khulal,Payment Success,345838
3317,Odisha,Construction of community centers and community halls,WS/MP18148/2025-2026/228032,MALKANGIRI(District Collector Malkangiri_IDA),BALABHADRA MAJHI,NABARANGPUR(ST),07-Aug-26,BHANUMATI TUDU,Payment Success,300000
3318,Odisha,Construction of community centers and community halls,WS/MP18148/2025-2026/228035,MALKANGIRI(District Collector Malkangiri_IDA),BALABHADRA MAJHI,NABARANGPUR(ST),06-Aug-26,SAROJ KUMAR SAMANTARAY,Payment Success,300000
3319,Odisha,Construction of community centers and community halls,WS/MP18148/2025-2026/228029,MALKANGIRI(District Collector Malkangiri_IDA),BALABHADRA MAJHI,NABARANGPUR(ST),05-Aug-26,SAROJ KUMAR SAMANTARAY,Payment Success,300000
3320,Odisha,Construction of common work sheds/ common covered sitting area,WS/MP18148/2025-2026/228004,MALKANGIRI(District Collector Malkangiri_IDA),BALABHADRA MAJHI,NABARANGPUR(ST),07-Aug-26,CH ROSHAN PATRO,Payment Success,300000
3321,Odisha,Construction of community centers and community halls,WS/MP18148/2025-2026/228010,MALKANGIRI(District Collector Malkangiri_IDA),BALABHADRA MAJHI,NABARANGPUR(ST),07-Aug-26,CH ROSHAN PATRO,Payment Success,250000
3322,Punjab,Street lights,WS/MP18154/2025-2026/256980,PATHANKOT(DEPUTY COMMISSIONER PATHANKOT_IDA),SUKHJINDER SINGH RANDHAWA,GURDASPUR,04-Aug-26,Gupta Tele System,Payment Success,250000
3323,Punjab,Construction of community centers and community halls,WS/MP18158/2025-2026/208082,PATIALA(DEPUTY COMMISSIONER PATIALA_IDA),DR DHARAMVIRA GANDHI,PATIALA,07-Aug-26,Shree Balaji Cement Store,Payment Success,18450
3324,Gujarat,"Construction of roads, link roads, pathways or any other road with or without drainage system",WS/MP577/2025-2026/133579,Dahod(DISTRICT COLLECTOR DOHAD_IDA),Jaswantsinh Sumanbhai Bhabhor,DAHOD(ST),11-Aug-26,BHUTARDI GROUP GR PANCHAYAT,Payment Success,247496
3325,Maharashtra,Construction of buildings for community cultural activities,WS/MP18132/2025-2026/205459,SANGLI(DISTRICT COLLECTOR SANGLI_IDA),VISHAL,SANGLI,06-Aug-26,VASANTDADA PATIL MAJUR SAHAKARI SOCIETY LTD DHAVALESHWAR,Payment Success,999994
3326,Haryana,Improvement of electricity distribution infrastructure,WS/MP18066/2025-2026/243750,FATEHABAD(Deputy Commissioner Fatehabad),SELJA,SIRSA(SC),24-Aug-26,KKG,Payment Success,99639
3327,Haryana,Improvement of electricity distribution infrastructure,WS/MP18066/2025-2026/243750,FATEHABAD(Deputy Commissioner Fatehabad),SELJA,SIRSA(SC),24-Aug-26,KKG,Payment Success,192359
3328,Kerala,"Construction of flood control embankments/ protection walls along riverbanks, hilltops, roadsides",WS/MP18305/2025-2026/184459,MALAPPURAM(DISTRICT COLLECTOR MALAPPURAM_IDA),E.T. MOHAMMED BASHEER,MALAPPURAM,04-Aug-26,HARIS BABU,Payment Success,293676
3329,Chhattisgarh,Construction of common work sheds/ common covered sitting area,WS/MP18051/2026-2027/289991,DHAMTARI(DISTRICT COLLECTOR DHAMTARI_IDA),ROOP KUMARI CHOUDHARY,MAHASAMUND,04-Aug-26,GRAM PANCHAYAT DHAURABHATHA,Payment Success,500000
3330,Odisha,Construction of rooms and halls in school and colleges,WS/MP18145/2025-2026/185980,Kendrapada(DISTRICT COLLECTOR KENDRAPARA_IDA),BAIJAYANT PANDA,KENDRAPARA,04-Aug-26,JUNIOR ENGINEER,Payment Success,318931
3331,Andhra Pradesh,Construction of bus-sheds or bus-stops,WS/MP18003/2024-2025/157527,Ananthapuramu(DISTRICT COLLECTOR ANANTAPUR_IDA),AMBICA G LAKSHMINARAYANA VALMIKI,ANANTAPUR,04-Aug-26,B Jaya Prakash,Payment Success,499613
3332,Andhra Pradesh,Construction of rooms and halls in school and colleges,WS/MP18003/2025-2026/223871,Ananthapuramu(DISTRICT COLLECTOR ANANTAPUR_IDA),AMBICA G LAKSHMINARAYANA VALMIKI,ANANTAPUR,05-Aug-26,Pachha Ajay,Payment Success,399605
3333,Odisha,"Construction of flood control embankments/ protection walls along riverbanks, hilltops, roadsides",WS/MP18147/2025-2026/238097,MAYURBHANJ(DISTRICT COLLECTOR MAYURBHANJ_IDA),NABA CHARAN MAJHI,MAYURBHANJ (ST),10-Aug-26,SUNAINA BHANJDEO,Payment Success,500000
3334,Haryana,Construction of public libraries and reading rooms,WS/MP18060/2025-2026/230496,AMBALA(DEPUTY COMMISSIONER AMBALA_IDA),VARUN CHAUDHRY,AMBALA (SC),05-Aug-26,THE GANGA CO OPERATIVE LABOUR AND CONSTRUCTION SOCIETY,Payment Success,740058
3335,Assam,Construction of community centers and community halls,WS/MP540/2025-2026/235854,"Sribhumi(Deputy Commissioner , Karimganj)",Kripanath Mallah,KARIMGANJ (SC),19-Aug-26,SATYA PRIYA PAUL,Payment Success,57495
3336,Assam,Construction of community centers and community halls,WS/MP540/2025-2026/235854,"Sribhumi(Deputy Commissioner , Karimganj)",Kripanath Mallah,KARIMGANJ (SC),05-Aug-26,SATYA PRIYA PAUL,Payment Success,170112
3337,Odisha,Construction of public libraries and reading rooms,WS/MP300/2025-2026/190853,KHORDHA(DISTRICT COLLECTOR KHORDHA_IDA),Smt Aparajita Sarangi,BHUBANESWAR,04-Aug-26,SARITA BEHERA,Payment Success,681212
3338,Odisha,Construction of public libraries and reading rooms,WS/MP300/2025-2026/199514,KHORDHA(DISTRICT COLLECTOR KHORDHA_IDA),Smt Aparajita Sarangi,BHUBANESWAR,04-Aug-26,SARITA BEHERA,Payment Success,943535
3339,Odisha,Construction of community centers and community halls,WS/MP18149/2025-2026/269453,PURI(DISTRICT COLLECTOR PURI_IDA),SAMBIT PATRA,PURI,15-Aug-26,ASST ENG  III,Payment Success,500000
3340,Odisha,Development of public parks,WS/MP18149/2025-2026/269456,PURI(DISTRICT COLLECTOR PURI_IDA),SAMBIT PATRA,PURI,04-Aug-26,ASST ENG  III,Payment Success,500000
3341,Jammu And Kashmir,"Construction of flood control embankments/ protection walls along riverbanks, hilltops, roadsides",WS/MP331/2025-2026/256177,JAMMU(DEPUTY COMMISSIONER JAMMU_IDA),Shri Jugal Kishore Sharma,JAMMU,07-Aug-26,Ankush Sharma,Payment Success,130000
3342,Jammu And Kashmir,"Construction of flood control embankments/ protection walls along riverbanks, hilltops, roadsides",WS/MP331/2025-2026/256160,JAMMU(DEPUTY COMMISSIONER JAMMU_IDA),Shri Jugal Kishore Sharma,JAMMU,07-Aug-26,Ankush Sharma,Payment Success,100500
3343,Jammu And Kashmir,"Construction of flood control embankments/ protection walls along riverbanks, hilltops, roadsides",WS/MP331/2025-2026/256161,JAMMU(DEPUTY COMMISSIONER JAMMU_IDA),Shri Jugal Kishore Sharma,JAMMU,06-Aug-26,Ankush Sharma,Payment Success,99000
3344,Jammu And Kashmir,"Construction of flood control embankments/ protection walls along riverbanks, hilltops, roadsides",WS/MP331/2025-2026/256164,JAMMU(DEPUTY COMMISSIONER JAMMU_IDA),Shri Jugal Kishore Sharma,JAMMU,07-Aug-26,Ankush Sharma,Payment Success,100700
3345,Gujarat,"Construction of roads, link roads, pathways or any other road with or without drainage system",WS/MP18326/2026-2027/256371,SURENDRANAGAR(DISTRICT COLLECTOR SURENDRANAGAR_IDA),CHANDUBHAI CHHAGANBHAI SHIHORA,SURENDRANAGAR,10-Aug-26,KOTHARIYA GRAM PANCHAYAT,Payment Success,499912
3346,Odisha,Construction of rooms and halls in school and colleges,WS/MP18310/2026-2027/272553,BHADRAK(DISTRICT COLLECTOR BHADRAK_IDA),AVIMANYU SETHI,BHADRAK(SC),11-Aug-26,JEEBAN KUMAR MISHRA,Payment Success,300000
3347,Assam,"Construction of roads, link roads, pathways or any other road with or without drainage system",WS/MP540/2025-2026/235852,"Sribhumi(Deputy Commissioner , Karimganj)",Kripanath Mallah,KARIMGANJ (SC),05-Aug-26,SUPRIYO DEB,Payment Success,168340
3348,Uttarakhand,Purchase of furniture and fixtures for educational purposes,WS/MP021/2026-2027/254816,NAINITAL(DISTRICT MAGISTRATE NAINITAL_IDA),Ajay Bhatt,NAINITAL UDHAM SINGH NAG.,03-Aug-26,ATTARI FABRICATION,Payment Success,199125
3349,Delhi,Installing community drinking water plants,WS/MP18399/2025-2026/236552,SOUTH(COMMISSIONER SOUTH),Ramvir Singh Bidhuri,SOUTH DELHI,10-Aug-26,PESI PRIVATE LIMITED,Payment Success,426013
3350,Gujarat,Construction of common work sheds/ common covered sitting area,WS/MP18058/2025-2026/274767,VADODARA(DISTRICT COLLECTOR VADODARA_IDA),DR. HEMANG JOSHI,VADODARA,05-Aug-26,Samantpura Gram Panchayat,Payment Success,497872
3351,Rajasthan,Construction of community centers and community halls,WS/MP18162/2025-2026/178543,Shahpura(DISTRICT COLLECTOR Shahpura_IDA),DAMODAR AGARWAL,BHILWARA,13-Aug-26,SHREE BALAJI CONSTRUCTION,Payment Success,321029
3352,Rajasthan,"Construction of roads, link roads, pathways or any other road with or without drainage system",WS/MP18162/2025-2026/183836,Shahpura(DISTRICT COLLECTOR Shahpura_IDA),DAMODAR AGARWAL,BHILWARA,17-Aug-26,SHREE BALAJI CONSTRUCTION,Payment Success,362519
3353,Gujarat,Construction of common work sheds/ common covered sitting area,WS/MP18321/2026-2027/274532,ARVALLI(DISTRICT COLLECTOR ARVALLI_IDA),SHOBHANABEN MAHENDRASINH BARAIYA,SABARKANTHA,03-Aug-26,NARANPURA KAMPA GRAM PANCHAYAT,Payment Success,300000
3354,Gujarat,"Construction of roads, link roads, pathways or any other road with or without drainage system",WS/MP18054/2026-2027/265437,MAHESANA(DISTRICT COLLECTOR MAHESANA_IDA),HARIBHAI PATEL,MAHESANA,21-Aug-26,DHARPURA KHANT,Payment Success,200000
3355,Gujarat,"Construction of roads, link roads, pathways or any other road with or without drainage system",WS/MP18054/2026-2027/255397,MAHESANA(DISTRICT COLLECTOR MAHESANA_IDA),HARIBHAI PATEL,MAHESANA,10-Aug-26,DHARPURA KHANT,Payment Success,200000
3356,Uttarakhand,"Construction of flood control embankments/ protection walls along riverbanks, hilltops, roadsides",WS/MP478/2025-2026/243391,Uttarkashi(DISTRICT COLLECTOR UTTARKASHI_IDA),Mala Rajya Laxmi Shah,TEHRI GARHWAL,01-Aug-26,ANUJ  Panwar,Payment Success,12600
3357,Assam,Construction of community centers and community halls,WS/MP18019/2026-2027/139500,DIMA HASAO(DEPUTY COMMISSIONER Dima Hasao_IDA),AMARSING TISSO,Diphu (ST),09-Aug-26,Executive Engineer and EO,Payment Success,85000
3358,Telangana,Installing tube-wells and borewells,WS/MP18193/2025-2026/255212,MEDCHAL MALKAJGIRI(DISTRICT COLLECTOR MEDCHAL MALKAJGIRI_IDA),EATALA RAJENDER,MALKAJGIRI,14-Aug-26,Sri Maheshwari Contract Works,Payment Success,324108
3359,Chhattisgarh,Construction of common work sheds/ common covered sitting area,WS/MP568/2026-2027/279471,DURG(DISTRICT COLLECTOR DURG_IDA),Vijay Baghel,DURG,04-Aug-26,SARPANCH SACHIV GRAM PANCHAYAT KUTHREL,Payment Success,400000
3360,Madhya Pradesh,Construction of community centers and community halls,WS/MP650/2025-2026/212496,INDORE(DISTRICT COLLECTOR INDORE_IDA),Shankar Lalwani,INDORE,19-Aug-26,Jai Baba Barfani trader,Payment Success,249621
3361,Karnataka,Construction of community centers and community halls,WS/MP18089/2025-2026/175231,KOPPAL(DEPUTY COMMISSIONER KOPPAL_IDA),K. RAJASHEKAR BASAVARAJ HITNAL,KOPPAL,05-Aug-26,SHIVANAND MALLAPPA MENASINAKAI,Payment Success,225000
3362,Assam,Construction of community centers and community halls,WS/MP18019/2026-2027/139500,DIMA HASAO(DEPUTY COMMISSIONER Dima Hasao_IDA),AMARSING TISSO,Diphu (ST),09-Aug-26,Bimal Hanse,Payment Success,4913740
3363,Andhra Pradesh,"Construction of roads, link roads, pathways or any other road with or without drainage system",WS/MP529/2025-2026/267504,Sri Potti Sriramulu Nellore(DISTRICT COLLECTOR NELLORE_IDA),Maddila Gurumoorthy,TIRUPATI(SC),06-Aug-26,Galam Ravi,Payment Success,498851
3364,Madhya Pradesh,Construction of community centers and community halls,WS/MP650/2025-2026/212495,INDORE(DISTRICT COLLECTOR INDORE_IDA),Shankar Lalwani,INDORE,19-Aug-26,TANVEER Engineering,Payment Success,201594
3365,Gujarat,Construction of public irrigation facilities,WS/MP577/2025-2026/229558,Dahod(DISTRICT COLLECTOR DOHAD_IDA),Jaswantsinh Sumanbhai Bhabhor,DAHOD(ST),31-Jul-26,GRAM PANCHAYAT zazori,Payment Success,474716
3366,Maharashtra,Construction of community centers and community halls,WS/MP18112/2025-2026/211417,AMRAVATI(DISTRICT COLLECTOR AMRAVATI_IDA),BALWANT BASWANT WANKHADE,AMRAVATI(SC),04-Aug-26,MOHD ANIS MOHD SHAFI,Payment Success,842346
3367,Odisha,Construction of rainwater harvesting structures,WS/MP18150/2026-2027/272769,SAMBALPUR(DISTRICT COLLECTOR SAMBALPUR_IDA),DHARMENDRA PRADHAN,SAMBALPUR,01-Aug-26,MPLAD Holding Account Jujomura Block,Payment Success,11846
3368,Odisha,"Construction of roads, link roads, pathways or any other road with or without drainage system",WS/MP18146/2025-2026/173898,Kendujhar(DISTRICT COLLECTOR KEONJHAR_IDA),ANANTA NAYAK,KEONJHAR(ST),01-Aug-26,BDO Champua Royalty,Payment Success,5280
3369,Odisha,"Construction of roads, link roads, pathways or any other road with or without drainage system",WS/MP18146/2026-2027/250794,Kendujhar(DISTRICT COLLECTOR KEONJHAR_IDA),ANANTA NAYAK,KEONJHAR(ST),01-Aug-26,BDO Champua Royalty,Payment Success,40126
3370,Maharashtra,"Construction of roads, link roads, pathways or any other road with or without drainage system",WS/MP18120/2026-2027/169217,NANDED(DISTRICT COLLECTOR NANDED_IDA),AASHTIKAR PATIL NAGESH BAPURAO,HINGOLI,03-Aug-26,TIRUPATI cONSTRUCTION,Payment Success,699588
3371,Maharashtra,"Construction of roads, link roads, pathways or any other road with or without drainage system",WS/MP18120/2026-2027/192782,NANDED(DISTRICT COLLECTOR NANDED_IDA),AASHTIKAR PATIL NAGESH BAPURAO,HINGOLI,03-Aug-26,TIRUPATI cONSTRUCTION,Payment Success,299757
3372,Maharashtra,"Construction of roads, link roads, pathways or any other road with or without drainage system",WS/MP18120/2026-2027/192783,NANDED(DISTRICT COLLECTOR NANDED_IDA),AASHTIKAR PATIL NAGESH BAPURAO,HINGOLI,03-Aug-26,TIRUPATI cONSTRUCTION,Payment Success,699707
3373,Andhra Pradesh,Construction of community centers and community halls,WS/MP403/2025-2026/246191,PRAKASAM(DISTRICT COLLECTOR PRAKASAM_IDA),Magunta Sreenivasulu Reddy,ONGOLE,31-Jul-26,NALAM RAVI TEJA CONTRACTOR,Payment Success,1199137
3374,Himachal Pradesh,"Construction of roads, link roads, pathways or any other road with or without drainage system",WS/MP18328/2025-2026/222413,MANDI(DEPUTY COMMISSIONER MANDI_IDA),Kangana Ranaut,MANDI,25-Aug-26,Gram Panchayat Trembli,Payment Success,70000
3375,Maharashtra,"Construction of roads, link roads, pathways or any other road with or without drainage system",WS/MP18258/2026-2027/183797,CHANDRAPUR(DISTRICT COLLECTOR CHANDRAPUR_IDA),DHANORKAR PRATIBHA SURESH ALIAS BALUBHAU,CHANDRAPUR,07-Aug-26,NUTAN KAMGAR SAHAKARI SANSTHA,Payment Success,1466928
3376,Odisha,Construction of rainwater harvesting structures,WS/MP18150/2026-2027/272769,SAMBALPUR(DISTRICT COLLECTOR SAMBALPUR_IDA),DHARMENDRA PRADHAN,SAMBALPUR,01-Aug-26,PABITRA MOHAN LENKA TC,Payment Success,483001
3377,Tamil Nadu,Construction of bus-sheds or bus-stops,WS/MP394/2026-2027/223985,KANNIYAKUMARI(DISTRICT COLLECTOR KANNIYAKUMARI_IDA),Shri vijayakumar Vasanth,KANNIYAKUMARI,21-Aug-26,UTHAYAN T,Payment Success,499812
3378,Tamil Nadu,Construction of bus-sheds or bus-stops,WS/MP18183/2025-2026/222810,THANJAVUR(DISTRICT COLLECTOR THANJAVUR_IDA),MURASOLI S,THANJAVUR,03-Aug-26,Durairaj jayakumar Co,Payment Success,799695
3379,Uttarakhand,Purchase of furniture and fixtures for educational purposes,WS/MP477/2026-2027/258914,"PITHORAGARH(NRLM , pithoragarh)",Ajay Tamta,ALMORA(SC),07-Aug-26,MARTOLIA TRADERS,Payment Success,199980
3380,Uttarakhand,Street lights,WS/MP478/2026-2027/277520,TEHRI GARHWAL(DISTRICT MAGISTRATE TEHRI GARHWAL_IDA),Mala Rajya Laxmi Shah,TEHRI GARHWAL,13-Aug-26,Mr Dhan singh,Payment Success,249325
3381,Uttarakhand,Street lights,WS/MP478/2026-2027/277485,TEHRI GARHWAL(DISTRICT MAGISTRATE TEHRI GARHWAL_IDA),Mala Rajya Laxmi Shah,TEHRI GARHWAL,01-Aug-26,Mr Dhan singh,Payment Success,249325
3382,Uttarakhand,Street lights,WS/MP478/2026-2027/277486,TEHRI GARHWAL(DISTRICT MAGISTRATE TEHRI GARHWAL_IDA),Mala Rajya Laxmi Shah,TEHRI GARHWAL,01-Aug-26,Mr Dhan singh,Payment Success,249325
3383,Maharashtra,Construction of community centers and community halls,WS/MP687/2026-2027/295798,RAIGAD(DISTRICT COLLECTOR RAIGAD_IDA),Sunil Dattatray Tatkare,RAIGAD,03-Aug-26,Sanket Sudhakar Khedekar,Payment Success,500000
3384,Gujarat,"Construction of roads, link roads, pathways or any other road with or without drainage system",WS/MP18326/2025-2026/238354,SURENDRANAGAR(DISTRICT COLLECTOR SURENDRANAGAR_IDA),CHANDUBHAI CHHAGANBHAI SHIHORA,SURENDRANAGAR,11-Aug-26,GAJANVAV GRAM PANCHAYAT,Payment Success,499873
3385,Gujarat,"Construction of roads, link roads, pathways or any other road with or without drainage system",WS/MP18056/2025-2026/263454,RAJKOT(DISTRICT COLLECTOR RAJKOT_IDA),PARSHOTTAMBHAI RUPALA,RAJKOT,04-Aug-26,Parevala Gram Panchayat,Payment Success,400000
3386,Gujarat,Providing drains and gutters for public drainage,WS/MP18056/2026-2027/280655,RAJKOT(DISTRICT COLLECTOR RAJKOT_IDA),PARSHOTTAMBHAI RUPALA,RAJKOT,04-Aug-26,Devpara Gram Panchayat,Payment Success,498331
3387,Tamil Nadu,Construction of buildings for crèches and anganwadies,WS/MP18185/2026-2027/223232,TIRUNELVELI(DISTRICT COLLECTOR TIRUNELVELI_IDA),ROBERT BRUCE C,TIRUNELVELI,06-Aug-26,T SIVACHANDRAN,Payment Success,1599925
3388,Gujarat,"Construction of roads, link roads, pathways or any other road with or without drainage system",WS/MP18326/2025-2026/252397,SURENDRANAGAR(DISTRICT COLLECTOR SURENDRANAGAR_IDA),CHANDUBHAI CHHAGANBHAI SHIHORA,SURENDRANAGAR,11-Aug-26,BAVALI GRAM PANCHAYAT,Payment Success,499412
3389,Chhattisgarh,Construction of culverts and bridges,WS/MP18048/2026-2027/278657,BASTAR(DISTRICT COLLECTOR BASTAR_IDA),MAHESH KASHYAP,BASTAR(ST),13-Aug-26,Gram Panchayt Chapapadar,Payment Success,225000
3390,Gujarat,Providing drains and gutters for public drainage,WS/MP18056/2026-2027/280656,RAJKOT(DISTRICT COLLECTOR RAJKOT_IDA),PARSHOTTAMBHAI RUPALA,RAJKOT,05-Aug-26,Nani Lakhavad Gram Panchayat,Payment Success,500000
3391,Tamil Nadu,"Construction of Government office buildings (Post office, Police station, Police chauki, etc.)",WS/MP18175/2025-2026/158070,DHARMAPURI(DISTRICT COLLECTOR DHARMAPURI_IDA),MANI. A.,DHARAMAPURI,04-Aug-26,D S AKBAL CIVIL CONSTRUCTION,Payment Success,749247
3392,Andhra Pradesh,Street lights,WS/MP529/2025-2026/236650,Tirupati(DISTRICT COLLECTOR TIRUPATI_IDA),Maddila Gurumoorthy,TIRUPATI(SC),05-Aug-26,Dabbugunta Bhaktavatsalam,Payment Success,176201
3393,Tamil Nadu,Construction of buildings for community cultural activities,WS/MP756/2026-2027/242960,Ariyalur(District Collector Ariyalur_IDA),Thirumaa Valavan Thol,CHIDAMBARAM(SC),03-Aug-26,SUBRAMANIYAN S,Payment Success,898693
3394,Punjab,"Construction of roads, link roads, pathways or any other road with or without drainage system",WS/MP380/2025-2026/209170,LUDHIANA(DEPUTY COMMISSIONER LUDHIANA_IDA),Shri Amar Singh,FATEHGARH SAHIB(SC),02-Aug-26,SURJIT SINGH BKO,Payment Success,25098
3395,Karnataka,"Construction of roads, link roads, pathways or any other road with or without drainage system",WS/MP18356/2026-2027/228794,BELAGAVI(DEPUTY COMMISSIONER BELGAUM_IDA),PRIYANKA SATISH JARKIHOLI,CHIKKODI,03-Aug-26,ABHISHEK JAMBU MOHITE,Payment Success,375000
3396,Uttarakhand,Security gates in streets/public place for safety purpose,WS/MP021/2026-2027/192307,NAINITAL(DISTRICT MAGISTRATE NAINITAL_IDA),Ajay Bhatt,NAINITAL UDHAM SINGH NAG.,07-Aug-26,MANOJ SINGH,Payment Success,16800
3397,Andhra Pradesh,"Construction of roads, link roads, pathways or any other road with or without drainage system",WS/MP526/2025-2026/166419,Y.S.R. Kadapa(DISTRICT COLLECTOR CUDDAPAH_IDA),Y S Avinash Reddy,KADAPA,03-Aug-26,The Chairmen VLWC Kamasamudram,Payment Success,299169
3398,Kerala,Purchase of vans and buses for educational institutions,WS/MP353/2025-2026/196079,IDUKKI(DISTRICT COLLECTOR IDUKKI_IDA),Adv Dean Kuriakose,IDUKKI,11-Aug-26,HEADMISTRESS SNUPS CHURULY,Payment Success,92752
3399,Uttarakhand,Construction of community centers and community halls,WS/MP021/2025-2026/262400,NAINITAL(DISTRICT MAGISTRATE NAINITAL_IDA),Ajay Bhatt,NAINITAL UDHAM SINGH NAG.,11-Aug-26,HEMLATA,Payment Success,16104
3400,Tamil Nadu,Construction of bus-sheds or bus-stops,WS/MP870/2025-2026/200462,VELLORE(DISTRICT COLLECTOR VELLORE_IDA),D M Kathir Anand,VELLORE,03-Aug-26,SEKARAN VENGADESAN,Payment Success,1099556
3401,Uttarakhand,Construction of community centers and community halls,WS/MP021/2025-2026/262400,NAINITAL(DISTRICT MAGISTRATE NAINITAL_IDA),Ajay Bhatt,NAINITAL UDHAM SINGH NAG.,11-Aug-26,PREMA DEVI,Payment Success,16470
3402,Jammu And Kashmir,Construction of shelters for animals,"WS/	 MP331/2025-2026/263953",RAJOURI(Deputy Commissioner Rajouri_IDA),Shri Jugal Kishore Sharma,JAMMU,03-Aug-26,BEJ NATH,Payment Success,196000
3403,Uttarakhand,Construction of community centers and community halls,WS/MP021/2025-2026/262400,NAINITAL(DISTRICT MAGISTRATE NAINITAL_IDA),Ajay Bhatt,NAINITAL UDHAM SINGH NAG.,11-Aug-26,YOGESH SINGH,Payment Success,16470
3404,Uttarakhand,Construction of community centers and community halls,WS/MP021/2025-2026/262400,NAINITAL(DISTRICT MAGISTRATE NAINITAL_IDA),Ajay Bhatt,NAINITAL UDHAM SINGH NAG.,11-Aug-26,ANITA PANDEY,Payment Success,16470
3405,Uttarakhand,Construction of community centers and community halls,WS/MP021/2025-2026/262400,NAINITAL(DISTRICT MAGISTRATE NAINITAL_IDA),Ajay Bhatt,NAINITAL UDHAM SINGH NAG.,11-Aug-26,HIMASNHU BISHT,Payment Success,16470
3406,Uttarakhand,Construction of community centers and community halls,WS/MP021/2025-2026/262400,NAINITAL(DISTRICT MAGISTRATE NAINITAL_IDA),Ajay Bhatt,NAINITAL UDHAM SINGH NAG.,11-Aug-26,BHADUR SINGH,Payment Success,23230
3407,Uttarakhand,Construction of community centers and community halls,WS/MP021/2025-2026/262400,NAINITAL(DISTRICT MAGISTRATE NAINITAL_IDA),Ajay Bhatt,NAINITAL UDHAM SINGH NAG.,11-Aug-26,BALWANT SINGH,Payment Success,22725
3408,Tamil Nadu,Construction of bus-sheds or bus-stops,WS/MP870/2025-2026/200564,VELLORE(DISTRICT COLLECTOR VELLORE_IDA),D M Kathir Anand,VELLORE,03-Aug-26,R K CONSTRUCTIONS,Payment Success,1099545
3409,Maharashtra,Street lights,WS/MP18429/2026-2027/242119,NANDED(DISTRICT COLLECTOR NANDED_IDA),Ravindra Vasantrao Chavan,NANDED,10-Aug-26,SWAMI NARENDRA ELECTRICAL,Payment Success,499947
3410,Tamil Nadu,"Construction of roads, link roads, pathways or any other road with or without drainage system",WS/MP508/2026-2027/246906,TIRUVANNAMALAI(DISTRICT COLLECTOR TIRUVANNAMALAI_IDA),CN Annadurai,TIRUVANNAMALAI,10-Aug-26,CS Builders,Payment Success,994902
3411,Uttarakhand,Security gates in streets/public place for safety purpose,WS/MP021/2026-2027/192307,NAINITAL(DISTRICT MAGISTRATE NAINITAL_IDA),Ajay Bhatt,NAINITAL UDHAM SINGH NAG.,07-Aug-26,CHANDAN SINGH BISHT,Payment Success,16380
3412,Uttarakhand,Security gates in streets/public place for safety purpose,WS/MP021/2026-2027/192307,NAINITAL(DISTRICT MAGISTRATE NAINITAL_IDA),Ajay Bhatt,NAINITAL UDHAM SINGH NAG.,07-Aug-26,LEELA BISHT,Payment Success,16380
3413,Uttarakhand,Security gates in streets/public place for safety purpose,WS/MP021/2026-2027/192307,NAINITAL(DISTRICT MAGISTRATE NAINITAL_IDA),Ajay Bhatt,NAINITAL UDHAM SINGH NAG.,07-Aug-26,PRATAP SINGH BISHT,Payment Success,16380
3414,Punjab,Construction of common work sheds/ common covered sitting area,WS/MP18158/2025-2026/225796,PATIALA(DEPUTY COMMISSIONER PATIALA_IDA),DR DHARAMVIRA GANDHI,PATIALA,06-Aug-26,Videya vanti,Payment Success,74124
3415,Punjab,"Construction of roads, link roads, pathways or any other road with or without drainage system",WS/MP381/2026-2027/275246,AMRITSAR(DEPUTY COMMISSIONER AMRITSAR_IDA),Shri Gurjeet Singh Aujla,AMRITSAR,04-Aug-26,BHILLOWAL TRADERS,Payment Success,146300
3416,Punjab,Crematoriums/energy efficient crematoriums or structures on burial/cremation ground,WS/MP381/2026-2027/275555,AMRITSAR(DEPUTY COMMISSIONER AMRITSAR_IDA),Shri Gurjeet Singh Aujla,AMRITSAR,07-Aug-26,BHILLOWAL TRADERS,Payment Success,100500
3417,Punjab,Crematoriums/energy efficient crematoriums or structures on burial/cremation ground,WS/MP381/2026-2027/278061,AMRITSAR(DEPUTY COMMISSIONER AMRITSAR_IDA),Shri Gurjeet Singh Aujla,AMRITSAR,03-Aug-26,Yuvraj Enterprises,Payment Success,90000
3418,Punjab,Crematoriums/energy efficient crematoriums or structures on burial/cremation ground,WS/MP381/2026-2027/278061,AMRITSAR(DEPUTY COMMISSIONER AMRITSAR_IDA),Shri Gurjeet Singh Aujla,AMRITSAR,03-Aug-26,Yuvraj Enterprises,Payment Success,82000
3419,Punjab,Crematoriums/energy efficient crematoriums or structures on burial/cremation ground,WS/MP381/2026-2027/278061,AMRITSAR(DEPUTY COMMISSIONER AMRITSAR_IDA),Shri Gurjeet Singh Aujla,AMRITSAR,03-Aug-26,Yuvraj Enterprises,Payment Success,64000
3420,Punjab,Crematoriums/energy efficient crematoriums or structures on burial/cremation ground,WS/MP381/2026-2027/278061,AMRITSAR(DEPUTY COMMISSIONER AMRITSAR_IDA),Shri Gurjeet Singh Aujla,AMRITSAR,03-Aug-26,Yuvraj Enterprises,Payment Success,70000
3421,Rajasthan,Construction of rooms and halls in school and colleges,WS/MP386/2026-2027/242832,Didwana-Kuchaman(DISTRICT COLLECTOR Didwana Kuchaman_IDA),Shri Hanuman Beniwal,NAGAUR,05-Aug-26,H K CONSTRUCTION,Payment Success,791007
3422,Tamil Nadu,Construction of community centers and community halls,WS/MP18179/2026-2027/245289,Mayiladuthurai(District Collector Mayiladuthurai_IDA),SUDHA R,MAYILADUTHURAI,05-Aug-26,MAGA BUILDERS,Payment Success,1333598
3423,Karnataka,"Construction of roads, link roads, pathways or any other road with or without drainage system",WS/MP18263/2026-2027/234848,UDUPI(DEPUTY COMMISSIONER UDUPI_IDA),KOTA SRINIVAS POOJARY,UDUPI CHIKMAGALUR,05-Aug-26,AJITH KUMAR SHETTY,Payment Success,500000
3424,Gujarat,"Construction of roads, link roads, pathways or any other road with or without drainage system",WS/MP18324/2025-2026/219945,AMRELI(DISTRICT COLLECTOR AMRELI_IDA),BHARATBHAI MANUBHAI SUTARIYA,AMRELI,01-Aug-26,MOTA AGARIYA GRAM PANCHAYAT,Payment Success,291607
3425,Uttarakhand,Construction of community centers and community halls,WS/MP021/2025-2026/178118,NAINITAL(DISTRICT MAGISTRATE NAINITAL_IDA),Ajay Bhatt,NAINITAL UDHAM SINGH NAG.,23-Aug-26,SAVITRI DEVI,Payment Success,10248
3426,Uttarakhand,Construction of community centers and community halls,WS/MP021/2025-2026/178119,NAINITAL(DISTRICT MAGISTRATE NAINITAL_IDA),Ajay Bhatt,NAINITAL UDHAM SINGH NAG.,23-Aug-26,SAVITRI DEVI,Payment Success,17934
3427,Uttarakhand,Construction of community centers and community halls,WS/MP021/2025-2026/178119,NAINITAL(DISTRICT MAGISTRATE NAINITAL_IDA),Ajay Bhatt,NAINITAL UDHAM SINGH NAG.,23-Aug-26,CHANDAN,Payment Success,17934
3428,Uttarakhand,Construction of community centers and community halls,WS/MP021/2025-2026/178118,NAINITAL(DISTRICT MAGISTRATE NAINITAL_IDA),Ajay Bhatt,NAINITAL UDHAM SINGH NAG.,23-Aug-26,CHANDAN,Payment Success,10248
3429,Uttarakhand,Construction of community centers and community halls,WS/MP021/2025-2026/178118,NAINITAL(DISTRICT MAGISTRATE NAINITAL_IDA),Ajay Bhatt,NAINITAL UDHAM SINGH NAG.,23-Aug-26,RAKHI,Payment Success,10248
3430,Uttarakhand,Construction of community centers and community halls,WS/MP021/2025-2026/178119,NAINITAL(DISTRICT MAGISTRATE NAINITAL_IDA),Ajay Bhatt,NAINITAL UDHAM SINGH NAG.,23-Aug-26,RAKHI,Payment Success,17934
3431,Gujarat,"Construction of roads, link roads, pathways or any other road with or without drainage system",WS/MP18324/2025-2026/221534,AMRELI(DISTRICT COLLECTOR AMRELI_IDA),BHARATBHAI MANUBHAI SUTARIYA,AMRELI,01-Aug-26,VISALIYA GRAM PANCHAYAT,Payment Success,400000
3432,Uttarakhand,Construction of community centers and community halls,WS/MP021/2025-2026/178119,NAINITAL(DISTRICT MAGISTRATE NAINITAL_IDA),Ajay Bhatt,NAINITAL UDHAM SINGH NAG.,23-Aug-26,RAMESH CHANDRA,Payment Success,23735
3433,Uttarakhand,Construction of community centers and community halls,WS/MP021/2025-2026/178118,NAINITAL(DISTRICT MAGISTRATE NAINITAL_IDA),Ajay Bhatt,NAINITAL UDHAM SINGH NAG.,23-Aug-26,RAMESH CHANDRA,Payment Success,11615
3434,Uttarakhand,Construction of community centers and community halls,WS/MP021/2025-2026/178118,NAINITAL(DISTRICT MAGISTRATE NAINITAL_IDA),Ajay Bhatt,NAINITAL UDHAM SINGH NAG.,23-Aug-26,NAVEEN JOSHI,Payment Success,10248
3435,Uttarakhand,Construction of community centers and community halls,WS/MP021/2025-2026/178119,NAINITAL(DISTRICT MAGISTRATE NAINITAL_IDA),Ajay Bhatt,NAINITAL UDHAM SINGH NAG.,23-Aug-26,NAVEEN JOSHI,Payment Success,17934
3436,Uttarakhand,Construction of community centers and community halls,WS/MP021/2025-2026/178119,NAINITAL(DISTRICT MAGISTRATE NAINITAL_IDA),Ajay Bhatt,NAINITAL UDHAM SINGH NAG.,23-Aug-26,MAHIPAL,Payment Success,17934
3437,Uttarakhand,Construction of community centers and community halls,WS/MP021/2025-2026/178118,NAINITAL(DISTRICT MAGISTRATE NAINITAL_IDA),Ajay Bhatt,NAINITAL UDHAM SINGH NAG.,23-Aug-26,MAHIPAL,Payment Success,10248
3438,Andhra Pradesh,"Construction of roads, link roads, pathways or any other road with or without drainage system",WS/MP18008/2026-2027/260769,GUNTUR(DISTRICT COLLECTOR GUNTUR_IDA),Dr Chandra Sekhar Pemmasani,GUNTUR,01-Aug-26,Moparthy Srinivasa Rao,Payment Success,314762
3439,Punjab,Providing supply pipelines for drinking water,WS/MP18156/2025-2026/219758,JALANDHAR(DEPUTY COMMISSIONER JALANDHAR_IDA),CHARANJIT SINGH CHANNI,JALANDHAR(SC),04-Aug-26,SWARAN SINGH CONTRACTOR,Payment Success,182959
3440,Haryana,Construction of common work sheds/ common covered sitting area,WS/MP18064/2025-2026/203137,KURUKSHETRA(DEPUTY COMMISSIONER KURUKSHETRA_IDA),NAVEEN JINDAL,KURUKSHETRA,01-Aug-26,THE LUV KUSH COOP LABOUR AND CONSTRUCION SOCIETY LTD,Payment Success,503375
3441,Andhra Pradesh,"Construction of roads, link roads, pathways or any other road with or without drainage system",WS/MP529/2025-2026/267513,Sri Potti Sriramulu Nellore(DISTRICT COLLECTOR NELLORE_IDA),Maddila Gurumoorthy,TIRUPATI(SC),06-Aug-26,VADIHBOINA CHENCHU REDDY,Payment Success,498807
3442,Andhra Pradesh,"Construction of roads, link roads, pathways or any other road with or without drainage system",WS/MP529/2025-2026/267516,Sri Potti Sriramulu Nellore(DISTRICT COLLECTOR NELLORE_IDA),Maddila Gurumoorthy,TIRUPATI(SC),06-Aug-26,VADIHBOINA CHENCHU REDDY,Payment Success,299336
3443,Andhra Pradesh,"Construction of roads, link roads, pathways or any other road with or without drainage system",WS/MP529/2025-2026/267517,Sri Potti Sriramulu Nellore(DISTRICT COLLECTOR NELLORE_IDA),Maddila Gurumoorthy,TIRUPATI(SC),06-Aug-26,VADIHBOINA CHENCHU REDDY,Payment Success,235214
3444,Andhra Pradesh,"Construction of roads, link roads, pathways or any other road with or without drainage system",WS/MP529/2025-2026/267520,Sri Potti Sriramulu Nellore(DISTRICT COLLECTOR NELLORE_IDA),Maddila Gurumoorthy,TIRUPATI(SC),06-Aug-26,VADIHBOINA CHENCHU REDDY,Payment Success,486410
3445,Andhra Pradesh,"Construction of roads, link roads, pathways or any other road with or without drainage system",WS/MP18008/2026-2027/251376,GUNTUR(DISTRICT COLLECTOR GUNTUR_IDA),Dr Chandra Sekhar Pemmasani,GUNTUR,01-Aug-26,Kornepati Ashok Kumar,Payment Success,307485
3446,Maharashtra,Construction of footpaths and pedestrian ways,WS/MP18116/2025-2026/220954,THANE(DISTRICT COLLECTOR THANE_IDA),BALYA MAMA SURESH GOPINATH MHATRE,BHIWANDI,06-Aug-26,bhushan raghunath gharat,Payment Success,492080
3447,Uttarakhand,Construction of footpaths and pedestrian ways,WS/MP477/2026-2027/274252,ALMORA(DISTRICT MAGISTRATE ALMORA_IDA),Ajay Tamta,ALMORA(SC),01-Aug-26,Sankar Singh,Payment Success,8585
3448,Uttarakhand,Construction of footpaths and pedestrian ways,WS/MP477/2026-2027/274252,ALMORA(DISTRICT MAGISTRATE ALMORA_IDA),Ajay Tamta,ALMORA(SC),01-Aug-26,Khadak Singh,Payment Success,8585
3449,Odisha,Construction of common work sheds/ common covered sitting area,WS/MP18350/2025-2026/179076,Kandhamala(DISTRICT COLLECTOR KANDHAMAL_IDA),SUKANTA KUMAR PANIGRAHI,KANDHAMAL,29-Jul-26,D BHABANI SANKAR DORA,Payment Success,200000
3450,Chhattisgarh,"Construction of Government office buildings (Post office, Police station, Police chauki, etc.)",WS/MP18049/2025-2026/218149,BILASPUR(DISTRICT COLLECTOR BILASPUR_IDA),TOKHAN SAHU,BILASPUR,11-Aug-26,SUNIL KASHYAP,Payment Success,472708
3451,Andhra Pradesh,"Construction of roads, link roads, pathways or any other road with or without drainage system",WS/MP18008/2026-2027/251003,GUNTUR(DISTRICT COLLECTOR GUNTUR_IDA),Dr Chandra Sekhar Pemmasani,GUNTUR,01-Aug-26,Tirumalasetty Ashok Kumar,Payment Success,130677
3452,Gujarat,"Construction of roads, link roads, pathways or any other road with or without drainage system",WS/MP18326/2025-2026/238272,MORBI(District collector Morbi_IDA),CHANDUBHAI CHHAGANBHAI SHIHORA,SURENDRANAGAR,19-Aug-26,NAVA GHANSHYAMGADH GRAM PANCHAYAT,Payment Success,499406
3453,Gujarat,"Construction of roads, link roads, pathways or any other road with or without drainage system",WS/MP18326/2025-2026/175600,MORBI(District collector Morbi_IDA),CHANDUBHAI CHHAGANBHAI SHIHORA,SURENDRANAGAR,18-Aug-26,SUNDARI BHAVANI GRAM PANCHAYAT,Payment Success,249893
3454,Rajasthan,"Construction of roads, link roads, pathways or any other road with or without drainage system",WS/MP18169/2025-2026/247258,RAJSAMAND(DISTRICT COLLECTOR RAJSAMAND_IDA),MAHIMA KUMARI MEWAR,RAJSAMAND,01-Aug-26,DEVI LAL KUMAWAT,Payment Success,7800
3455,Rajasthan,"Construction of roads, link roads, pathways or any other road with or without drainage system",WS/MP18169/2025-2026/247258,RAJSAMAND(DISTRICT COLLECTOR RAJSAMAND_IDA),MAHIMA KUMARI MEWAR,RAJSAMAND,01-Aug-26,MOHAN LAL KUMAWAT,Payment Success,7800
3456,Rajasthan,"Construction of roads, link roads, pathways or any other road with or without drainage system",WS/MP18169/2025-2026/247258,RAJSAMAND(DISTRICT COLLECTOR RAJSAMAND_IDA),MAHIMA KUMARI MEWAR,RAJSAMAND,01-Aug-26,BABU LAL,Payment Success,7800
3457,Rajasthan,"Construction of roads, link roads, pathways or any other road with or without drainage system",WS/MP18169/2025-2026/247258,RAJSAMAND(DISTRICT COLLECTOR RAJSAMAND_IDA),MAHIMA KUMARI MEWAR,RAJSAMAND,01-Aug-26,DHAN RAJ,Payment Success,7800
3458,Rajasthan,"Construction of roads, link roads, pathways or any other road with or without drainage system",WS/MP18169/2025-2026/247258,RAJSAMAND(DISTRICT COLLECTOR RAJSAMAND_IDA),MAHIMA KUMARI MEWAR,RAJSAMAND,01-Aug-26,KAILASH PURI,Payment Success,15600
3459,Rajasthan,"Construction of roads, link roads, pathways or any other road with or without drainage system",WS/MP18169/2025-2026/247258,RAJSAMAND(DISTRICT COLLECTOR RAJSAMAND_IDA),MAHIMA KUMARI MEWAR,RAJSAMAND,01-Aug-26,MAMTA KUMAWAT,Payment Success,6720
3460,Rajasthan,"Construction of roads, link roads, pathways or any other road with or without drainage system",WS/MP18169/2025-2026/247258,RAJSAMAND(DISTRICT COLLECTOR RAJSAMAND_IDA),MAHIMA KUMARI MEWAR,RAJSAMAND,01-Aug-26,POOJA KUMAWAT,Payment Success,6720
3461,Rajasthan,"Construction of roads, link roads, pathways or any other road with or without drainage system",WS/MP18169/2025-2026/247258,RAJSAMAND(DISTRICT COLLECTOR RAJSAMAND_IDA),MAHIMA KUMARI MEWAR,RAJSAMAND,01-Aug-26,PARASI DEVI,Payment Success,5320
3462,Rajasthan,"Construction of roads, link roads, pathways or any other road with or without drainage system",WS/MP18169/2025-2026/247258,RAJSAMAND(DISTRICT COLLECTOR RAJSAMAND_IDA),MAHIMA KUMARI MEWAR,RAJSAMAND,01-Aug-26,SHAYRI DEVI,Payment Success,3360
3463,Uttarakhand,"Construction of roads, link roads, pathways or any other road with or without drainage system",WS/MP021/2025-2026/197138,NAINITAL(DISTRICT MAGISTRATE NAINITAL_IDA),Ajay Bhatt,NAINITAL UDHAM SINGH NAG.,24-Aug-26,jai  Isht dev supplier,Payment Success,51307
3464,Karnataka,Construction of bus-sheds or bus-stops,WS/MP18076/2026-2027/228437,Bengaluru South(DEPUTY COMMISSIONER RAMANAGARA_IDA),DR C N MANJUNATH,BANGALORE RURAL,03-Aug-26,RAVIKUMAR M,Payment Success,375000
3465,Maharashtra,Construction of boundary walls of existing public and community buildings,WS/MP18112/2025-2026/188633,AMRAVATI(DISTRICT COLLECTOR AMRAVATI_IDA),BALWANT BASWANT WANKHADE,AMRAVATI(SC),31-Jul-26,LAXMIKANT ANIL SOMANI,Payment Success,1199641
3466,Punjab,Construction of culverts and bridges,WS/MP18155/2025-2026/247640,HOSHIARPUR(DEPUTY COMMISSIONER HOSHIARPUR_IDA),DR. RAJ KUMAR CHABBEWAL,HOSHIARPUR(SC),07-Aug-26,Aggarwal Construction Co,Payment Success,123199
3467,Punjab,Construction of culverts and bridges,WS/MP18155/2025-2026/247640,HOSHIARPUR(DEPUTY COMMISSIONER HOSHIARPUR_IDA),DR. RAJ KUMAR CHABBEWAL,HOSHIARPUR(SC),07-Aug-26,Kapila Trading Co,Payment Success,27793
3468,Punjab,Construction of culverts and bridges,WS/MP18155/2025-2026/247640,HOSHIARPUR(DEPUTY COMMISSIONER HOSHIARPUR_IDA),DR. RAJ KUMAR CHABBEWAL,HOSHIARPUR(SC),07-Aug-26,Kapila Trading Co,Payment Success,30127
3469,Punjab,Construction of culverts and bridges,WS/MP18155/2025-2026/247640,HOSHIARPUR(DEPUTY COMMISSIONER HOSHIARPUR_IDA),DR. RAJ KUMAR CHABBEWAL,HOSHIARPUR(SC),07-Aug-26,Kapila Trading Co,Payment Success,27900
3470,Punjab,Construction of culverts and bridges,WS/MP18155/2025-2026/247640,HOSHIARPUR(DEPUTY COMMISSIONER HOSHIARPUR_IDA),DR. RAJ KUMAR CHABBEWAL,HOSHIARPUR(SC),07-Aug-26,Kapila Trading Co,Payment Success,14000
3471,Punjab,Construction of culverts and bridges,WS/MP18155/2025-2026/247640,HOSHIARPUR(DEPUTY COMMISSIONER HOSHIARPUR_IDA),DR. RAJ KUMAR CHABBEWAL,HOSHIARPUR(SC),07-Aug-26,Kapila Trading Co,Payment Success,30000
3472,Punjab,Construction of culverts and bridges,WS/MP18155/2025-2026/247640,HOSHIARPUR(DEPUTY COMMISSIONER HOSHIARPUR_IDA),DR. RAJ KUMAR CHABBEWAL,HOSHIARPUR(SC),07-Aug-26,Kapila Trading Co,Payment Success,49000
3473,Punjab,Construction of culverts and bridges,WS/MP18155/2025-2026/247640,HOSHIARPUR(DEPUTY COMMISSIONER HOSHIARPUR_IDA),DR. RAJ KUMAR CHABBEWAL,HOSHIARPUR(SC),07-Aug-26,Kapila Trading Co,Payment Success,49000
3474,Punjab,Construction of culverts and bridges,WS/MP18155/2025-2026/247640,HOSHIARPUR(DEPUTY COMMISSIONER HOSHIARPUR_IDA),DR. RAJ KUMAR CHABBEWAL,HOSHIARPUR(SC),07-Aug-26,Kapila Trading Co,Payment Success,11500
3475,Punjab,Construction of culverts and bridges,WS/MP18155/2025-2026/247640,HOSHIARPUR(DEPUTY COMMISSIONER HOSHIARPUR_IDA),DR. RAJ KUMAR CHABBEWAL,HOSHIARPUR(SC),07-Aug-26,Kapila Trading Co,Payment Success,12000
3476,Uttarakhand,Construction of rooms and halls in school and colleges,WS/MP18415/2025-2026/205427,DEHRADUN(DISTRICT MAGISTRATE DEHRADUN_IDA),TRIVENDRA SINGH RAWAT,HARDWAR,18-Aug-26,Banty Electrical,Payment Success,68668
3477,Andhra Pradesh,"Construction of roads, link roads, pathways or any other road with or without drainage system",WS/MP18008/2026-2027/251063,GUNTUR(DISTRICT COLLECTOR GUNTUR_IDA),Dr Chandra Sekhar Pemmasani,GUNTUR,03-Aug-26,Alapati satyanarayana,Payment Success,498247
3478,Maharashtra,Construction of community centers and community halls,WS/MP18112/2025-2026/233414,AMRAVATI(DISTRICT COLLECTOR AMRAVATI_IDA),BALWANT BASWANT WANKHADE,AMRAVATI(SC),03-Aug-26,SHUBHAM VIJAYRAO GADBAIL,Payment Success,966044
3479,Andhra Pradesh,"Construction of roads, link roads, pathways or any other road with or without drainage system",WS/MP18008/2026-2027/251393,GUNTUR(DISTRICT COLLECTOR GUNTUR_IDA),Dr Chandra Sekhar Pemmasani,GUNTUR,03-Aug-26,Doppalapudi Vasudeva Rao,Payment Success,282121
3480,Uttarakhand,Construction of footpaths and pedestrian ways,WS/MP477/2026-2027/274252,ALMORA(DISTRICT MAGISTRATE ALMORA_IDA),Ajay Tamta,ALMORA(SC),31-Jul-26,Godhan Singh,Payment Success,7616
3481,Uttarakhand,Construction of footpaths and pedestrian ways,WS/MP477/2026-2027/274252,ALMORA(DISTRICT MAGISTRATE ALMORA_IDA),Ajay Tamta,ALMORA(SC),31-Jul-26,Niraj  Singh Bora,Payment Success,7616
3482,Uttarakhand,Construction of footpaths and pedestrian ways,WS/MP477/2026-2027/274252,ALMORA(DISTRICT MAGISTRATE ALMORA_IDA),Ajay Tamta,ALMORA(SC),31-Jul-26,Pooja,Payment Success,7168
3483,Assam,Construction of boundary walls of existing public and community buildings,WS/MP18025/2026-2027/280735,NAGAON(DEPUTY COMMISSIONER NOWGONG_IDA),KAMAKHYA PRASAD TASA,Kaziranga,12-Aug-26,OM ENTERPRISE,Payment Success,224200
3484,Assam,Construction of boundary walls of existing public and community buildings,WS/MP18025/2026-2027/280735,NAGAON(DEPUTY COMMISSIONER NOWGONG_IDA),KAMAKHYA PRASAD TASA,Kaziranga,25-Aug-26,OM ENTERPRISE,Payment Success,74919
3485,Uttarakhand,Security gates in streets/public place for safety purpose,WS/MP021/2026-2027/192307,NAINITAL(DISTRICT MAGISTRATE NAINITAL_IDA),Ajay Bhatt,NAINITAL UDHAM SINGH NAG.,07-Aug-26,JAGDISH SINGH BISHT,Payment Success,18564
3486,Uttar Pradesh,"Construction of roads, link roads, pathways or any other road with or without drainage system",WS/MP18206/2026-2027/252551,BANDA(DISTRICT MAGISTRATE BANDA_IDA),KRISHNA DEVI SHIVSHANKER PATEL,BANDA,09-Aug-26,Pradeep Kumar,Payment Success,139132
3487,Uttarakhand,Security gates in streets/public place for safety purpose,WS/MP021/2026-2027/192307,NAINITAL(DISTRICT MAGISTRATE NAINITAL_IDA),Ajay Bhatt,NAINITAL UDHAM SINGH NAG.,07-Aug-26,HARENDRA SINGH,Payment Success,18564
3488,Haryana,Construction of public irrigation facilities,WS/MP18062/2025-2026/210271,BHIWANI(DC Cum Nodal Officer MPLADS Bhiwani),JAI PARKASH,HISAR,05-Aug-26,Ramehar,Payment Success,299944
3489,Uttarakhand,Security gates in streets/public place for safety purpose,WS/MP021/2026-2027/192307,NAINITAL(DISTRICT MAGISTRATE NAINITAL_IDA),Ajay Bhatt,NAINITAL UDHAM SINGH NAG.,07-Aug-26,MUNNI DEVI,Payment Success,16380
3490,Jammu And Kashmir,Construction of footpaths and pedestrian ways,WS/MP600/2025-2026/237608,RAMBAN(Deputy Commissioner Ramban_IDA),Jitendra Singh,UDHAMPUR,03-Aug-26,Sh Anchal Singh So Khushi Ram Ro Kumate Tehsil Rajgarh District Ramban Contractor,Payment Success,131300
3491,Bihar,Construction of buildings for community cultural activities,WS/MP316/2025-2026/237836,SARAN(DISTRICT PLANNING OFFICE SARAN CHAPRA_IDA),Shri Janardan Singh Sigriwal,MAHARAJGANJ_BR,30-Jul-26,ANIKET KUMAR SINGH,Payment Success,1227383
3492,Maharashtra,"Construction of roads, link roads, pathways or any other road with or without drainage system",WS/MP18133/2025-2026/148457,SATARA(DISTRICT COLLECTOR SATARA_IDA),SHRIMANT CHH UDAYANRAJE PRATAPSINHAMAHARAJ BHONSLE,SATARA,11-Aug-26,NEERAJ DATTATRAY RANDIVE,Payment Success,1000000
3493,Uttarakhand,Security gates in streets/public place for safety purpose,WS/MP021/2026-2027/192307,NAINITAL(DISTRICT MAGISTRATE NAINITAL_IDA),Ajay Bhatt,NAINITAL UDHAM SINGH NAG.,07-Aug-26,SURAJ MEHTA,Payment Success,18564
3494,Himachal Pradesh,"Construction of roads, link roads, pathways or any other road with or without drainage system",WS/MP18069/2026-2027/292679,KANGRA(DEPUTY COMMISSIONER KANGRA_IDA),RAJEEV BHARDWAJ,KANGRA,21-Aug-26,GRAM PANCHAYAT CHARURI,Payment Success,100000
3495,Himachal Pradesh,"Construction of roads, link roads, pathways or any other road with or without drainage system",WS/MP18069/2026-2027/292680,KANGRA(DEPUTY COMMISSIONER KANGRA_IDA),RAJEEV BHARDWAJ,KANGRA,21-Aug-26,GRAM PANCHAYAT CHARURI,Payment Success,50000
3496,Nagaland,"Setting up processing plants, cold storages,etc for fish and fisheries products for community use",WS/MP18391/2026-2027/283791,WOKHA(Deputy Commissioner Wokha_IDA),S SUPONGMEREN JAMIR,NAGALAND,30-Jul-26,Mhachen Humtsoe,Payment Success,4000000
3497,Nagaland,"Setting up processing plants, cold storages,etc for fish and fisheries products for community use",WS/MP18391/2026-2027/283791,WOKHA(Deputy Commissioner Wokha_IDA),S SUPONGMEREN JAMIR,NAGALAND,18-Aug-26,Mhachen Humtsoe,Payment Success,2000000
3498,Madhya Pradesh,"Construction of roads, link roads, pathways or any other road with or without drainage system",WS/MP18103/2026-2027/295298,SHIVPURI(District Collector Shivpuri_IDA),BHARAT SINGH KUSHWAH,GWALIOR,12-Aug-26,Gram Panchayat Chakrampur,Payment Success,250000
3499,Assam,Construction of community centers and community halls,WS/MP18020/2026-2027/273975,BONGAIGAON(Deputy Commissioner Bongaigaon_IDA),PHANI BHUSAN CHOUDHURY,BARPETA,24-Aug-26,Construction of Natghar near Bhosamari,Payment Success,1200000
3500,Madhya Pradesh,"Construction of roads, link roads, pathways or any other road with or without drainage system",WS/MP18103/2026-2027/288868,SHIVPURI(District Collector Shivpuri_IDA),BHARAT SINGH KUSHWAH,GWALIOR,13-Aug-26,Gram Panchayat Kathegra,Payment Success,250000
3501,Chhattisgarh,Construction of buildings for community cultural activities,WS/MP428/2026-2027/275108,Kabeerdham(DISTRICT COLLECTOR KABIRDHAM),Santosh Pandey,RAJNANDGAON,04-Aug-26,Sarpanch Gram Panchayat CHACHEDI,Payment Success,150000
3502,Uttarakhand,"Construction of flood control embankments/ protection walls along riverbanks, hilltops, roadsides",WS/MP478/2025-2026/243391,Uttarkashi(DISTRICT COLLECTOR UTTARKASHI_IDA),Mala Rajya Laxmi Shah,TEHRI GARHWAL,01-Aug-26,NEELIMA,Payment Success,13356
3503,Uttarakhand,"Construction of flood control embankments/ protection walls along riverbanks, hilltops, roadsides",WS/MP478/2025-2026/243391,Uttarkashi(DISTRICT COLLECTOR UTTARKASHI_IDA),Mala Rajya Laxmi Shah,TEHRI GARHWAL,01-Aug-26,PURNIMA,Payment Success,13356
3504,Uttarakhand,"Construction of flood control embankments/ protection walls along riverbanks, hilltops, roadsides",WS/MP478/2025-2026/243391,Uttarkashi(DISTRICT COLLECTOR UTTARKASHI_IDA),Mala Rajya Laxmi Shah,TEHRI GARHWAL,01-Aug-26,LAVISH RAMOLA,Payment Success,13356
3505,Uttarakhand,"Construction of flood control embankments/ protection walls along riverbanks, hilltops, roadsides",WS/MP478/2025-2026/243391,Uttarkashi(DISTRICT COLLECTOR UTTARKASHI_IDA),Mala Rajya Laxmi Shah,TEHRI GARHWAL,01-Aug-26,GAGAN RATURI,Payment Success,13356
3506,Uttarakhand,"Construction of flood control embankments/ protection walls along riverbanks, hilltops, roadsides",WS/MP478/2025-2026/243391,Uttarkashi(DISTRICT COLLECTOR UTTARKASHI_IDA),Mala Rajya Laxmi Shah,TEHRI GARHWAL,01-Aug-26,NIKIT,Payment Success,13356
3507,Haryana,Purchase of mobile water tankers,WS/MP18066/2025-2026/267369,SIRSA(DEPUTY COMMISSIONER SIRSA_IDA),SELJA,SIRSA(SC),03-Aug-26,SS Steel Industries Sirsa,Payment Success,175000
3508,Haryana,Purchase of mobile water tankers,WS/MP18066/2025-2026/267003,SIRSA(DEPUTY COMMISSIONER SIRSA_IDA),SELJA,SIRSA(SC),03-Aug-26,SS Steel Industries Sirsa,Payment Success,175000
3509,Haryana,Purchase of mobile water tankers,WS/MP18066/2025-2026/267026,SIRSA(DEPUTY COMMISSIONER SIRSA_IDA),SELJA,SIRSA(SC),03-Aug-26,SS Steel Industries Sirsa,Payment Success,175000
3510,Haryana,Purchase of mobile water tankers,WS/MP18066/2025-2026/267027,SIRSA(DEPUTY COMMISSIONER SIRSA_IDA),SELJA,SIRSA(SC),03-Aug-26,SS Steel Industries Sirsa,Payment Success,175000
3511,Haryana,Purchase of mobile water tankers,WS/MP18066/2025-2026/267001,SIRSA(DEPUTY COMMISSIONER SIRSA_IDA),SELJA,SIRSA(SC),03-Aug-26,SS Steel Industries Sirsa,Payment Success,175000
3512,Haryana,Purchase of mobile water tankers,WS/MP18066/2025-2026/267628,SIRSA(DEPUTY COMMISSIONER SIRSA_IDA),SELJA,SIRSA(SC),03-Aug-26,SS Steel Industries Sirsa,Payment Success,175000
3513,Haryana,Purchase of mobile water tankers,WS/MP18066/2025-2026/267629,SIRSA(DEPUTY COMMISSIONER SIRSA_IDA),SELJA,SIRSA(SC),03-Aug-26,SS Steel Industries Sirsa,Payment Success,175000
3514,Haryana,Purchase of mobile water tankers,WS/MP18066/2025-2026/267631,SIRSA(DEPUTY COMMISSIONER SIRSA_IDA),SELJA,SIRSA(SC),03-Aug-26,SS Steel Industries Sirsa,Payment Success,174999
3515,Haryana,Purchase of mobile water tankers,WS/MP18066/2025-2026/263789,SIRSA(DEPUTY COMMISSIONER SIRSA_IDA),SELJA,SIRSA(SC),03-Aug-26,SS Steel Industries Sirsa,Payment Success,175000
3516,Haryana,Purchase of mobile water tankers,WS/MP18066/2025-2026/263109,SIRSA(DEPUTY COMMISSIONER SIRSA_IDA),SELJA,SIRSA(SC),03-Aug-26,SS Steel Industries Sirsa,Payment Success,175000
3517,Haryana,Purchase of mobile water tankers,WS/MP18066/2025-2026/252995,SIRSA(DEPUTY COMMISSIONER SIRSA_IDA),SELJA,SIRSA(SC),03-Aug-26,SS Steel Industries Sirsa,Payment Success,175000
3518,Haryana,Purchase of mobile water tankers,WS/MP18066/2025-2026/252996,SIRSA(DEPUTY COMMISSIONER SIRSA_IDA),SELJA,SIRSA(SC),03-Aug-26,SS Steel Industries Sirsa,Payment Success,175000
3519,Haryana,Purchase of mobile water tankers,WS/MP18066/2025-2026/263119,SIRSA(DEPUTY COMMISSIONER SIRSA_IDA),SELJA,SIRSA(SC),03-Aug-26,SS Steel Industries Sirsa,Payment Success,175000
3520,Haryana,Purchase of mobile water tankers,WS/MP18066/2025-2026/263121,SIRSA(DEPUTY COMMISSIONER SIRSA_IDA),SELJA,SIRSA(SC),03-Aug-26,SS Steel Industries Sirsa,Payment Success,174999
3521,Haryana,Purchase of mobile water tankers,WS/MP18066/2025-2026/263124,SIRSA(DEPUTY COMMISSIONER SIRSA_IDA),SELJA,SIRSA(SC),03-Aug-26,SS Steel Industries Sirsa,Payment Success,174999
3522,Haryana,Purchase of mobile water tankers,WS/MP18066/2025-2026/263125,SIRSA(DEPUTY COMMISSIONER SIRSA_IDA),SELJA,SIRSA(SC),03-Aug-26,SS Steel Industries Sirsa,Payment Success,175000
3523,Haryana,Purchase of mobile water tankers,WS/MP18066/2025-2026/263130,SIRSA(DEPUTY COMMISSIONER SIRSA_IDA),SELJA,SIRSA(SC),03-Aug-26,SS Steel Industries Sirsa,Payment Success,175000
3524,Haryana,Purchase of mobile water tankers,WS/MP18066/2025-2026/273456,SIRSA(DEPUTY COMMISSIONER SIRSA_IDA),SELJA,SIRSA(SC),03-Aug-26,SS Steel Industries Sirsa,Payment Success,174999
3525,Jammu And Kashmir,Lighting of public spaces,WS/MP18070/2025-2026/244798,ANANTNAG(DEPUTY COMMISSIONER ANANTNAG_IDA),MIAN ALTAF AHMAD,ANANTNAG,31-Jul-26,Mir and Co Prop Bilal Ahmad Mir,Payment Success,178709
3526,Kerala,"Construction of roads, link roads, pathways or any other road with or without drainage system",WS/MP18305/2025-2026/183287,MALAPPURAM(DISTRICT COLLECTOR MALAPPURAM_IDA),E.T. MOHAMMED BASHEER,MALAPPURAM,06-Aug-26,ABDUL LATHEEF K,Payment Success,243349
3527,Gujarat,"Construction of roads, link roads, pathways or any other road with or without drainage system",WS/MP577/2025-2026/222992,Dahod(DISTRICT COLLECTOR DOHAD_IDA),Jaswantsinh Sumanbhai Bhabhor,DAHOD(ST),30-Jul-26,GRAM PANCHAYAT ZARIKHURD,Payment Success,248299
3528,Telangana,"Construction of roads, link roads, pathways or any other road with or without drainage system",WS/MP18189/2026-2027/250010,KHAMMAM(DISTRICT COLLECTOR KHAMMAM_IDA),RAMASAHAYAM RAGHURAM REDDY,KHAMMAM,12-Aug-26,Bandaru Narasimha rao,Payment Success,496487
3529,Telangana,"Construction of roads, link roads, pathways or any other road with or without drainage system",WS/MP18189/2026-2027/250011,KHAMMAM(DISTRICT COLLECTOR KHAMMAM_IDA),RAMASAHAYAM RAGHURAM REDDY,KHAMMAM,12-Aug-26,Bandaru Narasimha rao,Payment Success,496675
3530,Telangana,"Construction of roads, link roads, pathways or any other road with or without drainage system",WS/MP18189/2026-2027/242610,KHAMMAM(DISTRICT COLLECTOR KHAMMAM_IDA),RAMASAHAYAM RAGHURAM REDDY,KHAMMAM,12-Aug-26,Bandaru Narasimha rao,Payment Success,499498
3531,Gujarat,"Construction of roads, link roads, pathways or any other road with or without drainage system","WS/	 MP005/2026-2027/264024",KHEDA(DISTRICT COLLECTOR KHEDA_IDA),Devusinh Jesingbhai Chauhan,KHEDA,17-Aug-26,Taluka Development Officer Mahudha MPLADS,Payment Success,200000
3532,Gujarat,"Construction of roads, link roads, pathways or any other road with or without drainage system","WS/	 MP005/2025-2026/234492",KHEDA(DISTRICT COLLECTOR KHEDA_IDA),Devusinh Jesingbhai Chauhan,KHEDA,17-Aug-26,Taluka Development Officer Mahudha MPLADS,Payment Success,200000
3533,Gujarat,"Construction of roads, link roads, pathways or any other road with or without drainage system","WS/	 MP005/2025-2026/230419",KHEDA(DISTRICT COLLECTOR KHEDA_IDA),Devusinh Jesingbhai Chauhan,KHEDA,17-Aug-26,Taluka Development Officer Mahudha MPLADS,Payment Success,200000
3534,Gujarat,"Construction of roads, link roads, pathways or any other road with or without drainage system","WS/	 MP005/2026-2027/230227",KHEDA(DISTRICT COLLECTOR KHEDA_IDA),Devusinh Jesingbhai Chauhan,KHEDA,17-Aug-26,Taluka Development Officer Mahudha MPLADS,Payment Success,100000
3535,Uttarakhand,"Construction of flood control embankments/ protection walls along riverbanks, hilltops, roadsides",WS/MP478/2025-2026/243391,Uttarkashi(DISTRICT COLLECTOR UTTARKASHI_IDA),Mala Rajya Laxmi Shah,TEHRI GARHWAL,01-Aug-26,JANAK SINGH,Payment Success,13356
3536,Uttarakhand,"Construction of flood control embankments/ protection walls along riverbanks, hilltops, roadsides",WS/MP478/2025-2026/243391,Uttarkashi(DISTRICT COLLECTOR UTTARKASHI_IDA),Mala Rajya Laxmi Shah,TEHRI GARHWAL,01-Aug-26,ANSHUMAN PARMAR,Payment Success,13356
3537,Madhya Pradesh,Crematoriums/energy efficient crematoriums or structures on burial/cremation ground,WS/MP640/2026-2027/274762,SEONI(District Collector Seoni_IDA),Faggan Singh Kulaste,MANDLA(ST),06-Aug-26,MISHRA GROUP,Payment Success,500000
3538,Lakshadweep,"Purchase of IT systems, including hardware and software for educational purposes",WS/MP18279/2025-2026/224092,LAKSHADWEEP DISTRICT(COLLECTOR CUM DEV COMMISSIONER LAKSHADWEEP_IDA),MUHAMMED HAMDULLAH SAYEED,LAKSHADWEEP(ST),04-Aug-26,Digitech Electronic Systems Private Limited,Payment Success,1099975
3539,Telangana,Construction of common work sheds/ common covered sitting area,WS/MP761/2026-2027/221186,Jagitial(DISTRICT COLLECTOR JAGTIAL_IDA),Arvind Dharmapuri,NIZAMABAD,27-Jul-26,Md Azeemuddin,Payment Success,268220
3540,Rajasthan,"Construction of roads, link roads, pathways or any other road with or without drainage system",WS/MP18162/2025-2026/251135,BHILWARA(DISTRICT COLLECTOR BHILWARA_IDA),DAMODAR AGARWAL,BHILWARA,05-Aug-26,SHANKAR LAL BASER,Payment Success,3679
3541,West Bengal,"Construction of roads, link roads, pathways or any other road with or without drainage system",WS/MP18257/2025-2026/236233,Purba Medinipur(DISTRICT MAGISTRATE PURBA MEDINIPUR_IDA),ABHIJIT GANGOPADHYAY,TAMLUK,03-Aug-26,Sainik Enterprise,Payment Success,311675
3542,Madhya Pradesh,Construction of community centers and community halls,WS/MP18375/2026-2027/286830,RAISEN(DISTRICT COLLECTOR RAISEN_IDA),SHIVRAJ SINGH CHOUHAN,VIDISHA,03-Aug-26,abhibhashak sangh goharganj,Payment Success,250000
3543,West Bengal,Crematoriums/energy efficient crematoriums or structures on burial/cremation ground,WS/MP859/2025-2026/207103,HOOGHLY(DISTRICT MAGISTRATE HOOGHLY_IDA),Kalyan Banerjee,SREERAMPUR,07-Aug-26,PRABIR KUMAR RAKSHIT,Payment Success,450683
3544,West Bengal,Construction of community centers and community halls,WS/MP826/2024-2025/135523,DARJEELING(DISTRICT MAGISTRATE DARJEELING_IDA),Raju Bista,DARJEELING,26-Jul-26,KRISHNA BARMEY SARKI19,Payment Success,497351
3545,Gujarat,Crematoriums/energy efficient crematoriums or structures on burial/cremation ground,WS/MP18056/2025-2026/247756,RAJKOT(DISTRICT COLLECTOR RAJKOT_IDA),PARSHOTTAMBHAI RUPALA,RAJKOT,05-Aug-26,Grampanchayat Virva,Payment Success,490396
3546,Punjab,Providing drains and gutters for public drainage,WS/MP18158/2025-2026/195789,PATIALA(DEPUTY COMMISSIONER PATIALA_IDA),DR DHARAMVIRA GANDHI,PATIALA,19-Aug-26,BANWARI LAL SURESH KUMAR,Payment Success,35669
3547,Jammu And Kashmir,Crematoriums/energy efficient crematoriums or structures on burial/cremation ground,WS/MP331/2026-2027/256129,JAMMU(DEPUTY COMMISSIONER JAMMU_IDA),Shri Jugal Kishore Sharma,JAMMU,28-Jul-26,ASHWANI KUMAR,Payment Success,294000
3548,Haryana,"Construction of roads, link roads, pathways or any other road with or without drainage system",WS/MP18062/2025-2026/254786,BHIWANI(DC Cum Nodal Officer MPLADS Bhiwani),JAI PARKASH,HISAR,01-Aug-26,Nav Durga Concrete Udyog,Payment Success,479393
3549,Haryana,"Construction of roads, link roads, pathways or any other road with or without drainage system",WS/MP18062/2025-2026/254786,BHIWANI(DC Cum Nodal Officer MPLADS Bhiwani),JAI PARKASH,HISAR,01-Aug-26,The Sharda co op l and c society ltd,Payment Success,968937
3550,Punjab,Providing drains and gutters for public drainage,WS/MP18158/2025-2026/195789,PATIALA(DEPUTY COMMISSIONER PATIALA_IDA),DR DHARAMVIRA GANDHI,PATIALA,19-Aug-26,JAI SHANKAR TRDING CO,Payment Success,40000
3551,Punjab,Providing drains and gutters for public drainage,WS/MP18158/2025-2026/195789,PATIALA(DEPUTY COMMISSIONER PATIALA_IDA),DR DHARAMVIRA GANDHI,PATIALA,19-Aug-26,JAI SHANKAR TRDING CO,Payment Success,22800
3552,Punjab,Providing drains and gutters for public drainage,WS/MP18158/2025-2026/195789,PATIALA(DEPUTY COMMISSIONER PATIALA_IDA),DR DHARAMVIRA GANDHI,PATIALA,19-Aug-26,JAI SHANKAR TRDING CO,Payment Success,7863
3553,West Bengal,Providing CCTV camera system for security of public areas,WS/MP829/2025-2026/242185,HOWRAH(DISTRICT MAGISTRATE HOWRAH_IDA),Smt Sajda Ahmed,ULUBERIA,30-Jul-26,R R CABLE NETWORK,Payment Success,300165
3554,Rajasthan,"Construction of roads, link roads, pathways or any other road with or without drainage system",WS/MP18162/2025-2026/251135,BHILWARA(DISTRICT COLLECTOR BHILWARA_IDA),DAMODAR AGARWAL,BHILWARA,05-Aug-26,Kishan LAl Meena,Payment Success,3679
3555,Rajasthan,"Construction of roads, link roads, pathways or any other road with or without drainage system",WS/MP18162/2025-2026/251135,BHILWARA(DISTRICT COLLECTOR BHILWARA_IDA),DAMODAR AGARWAL,BHILWARA,05-Aug-26,Madhu Devi Meena,Payment Success,3679
3556,Odisha,Installing tube-wells and borewells,WS/MP18145/2025-2026/220349,Kendrapada(DISTRICT COLLECTOR KENDRAPARA_IDA),BAIJAYANT PANDA,KENDRAPARA,01-Aug-26,BIBHU RANJAN NAYAK,Payment Success,764080
3557,Odisha,Construction of water tanks,WS/MP18145/2025-2026/211326,Kendrapada(DISTRICT COLLECTOR KENDRAPARA_IDA),BAIJAYANT PANDA,KENDRAPARA,01-Aug-26,AJAYA KUMAR BEHERA,Payment Success,745067
3558,Tamil Nadu,Crematoriums/energy efficient crematoriums or structures on burial/cremation ground,WS/MP18179/2026-2027/245278,Mayiladuthurai(District Collector Mayiladuthurai_IDA),SUDHA R,MAYILADUTHURAI,01-Aug-26,T Soundarapandiyan,Payment Success,698521
3559,Kerala,Purchase of vans and buses for educational institutions,WS/MP18095/2026-2027/283022,ALAPPUZHA(DISTRICT COLLECTOR ALAPPUZHA_IDA),K. C VENUGOPAL,ALAPPUZHA,04-Aug-26,M S 790 NSS KARAYOGAM NADUBHAGAM,Payment Success,75558
3560,Madhya Pradesh,Construction of common work sheds/ common covered sitting area,WS/MP18108/2026-2027/282359,SAGAR(DISTRICT COLLECTOR SAGAR_IDA),DR. LATA WANKHEDE,SAGAR,20-Aug-26,Gram Panchayat Heerapur,Payment Success,150000
3561,Madhya Pradesh,Construction of common work sheds/ common covered sitting area,WS/MP18108/2026-2027/282360,SAGAR(DISTRICT COLLECTOR SAGAR_IDA),DR. LATA WANKHEDE,SAGAR,20-Aug-26,Gram Panchayat Heerapur,Payment Success,150000
3562,Rajasthan,"Construction of roads, link roads, pathways or any other road with or without drainage system",WS/MP728/2025-2026/255413,HANUMANGARH(DISTRICT COLLECTOR HANUMANGARH_IDA),Rahul Kaswan,CHURU,19-Aug-26,MAHENDRA SINGH,Payment Success,9750
3563,Rajasthan,"Construction of roads, link roads, pathways or any other road with or without drainage system",WS/MP728/2025-2026/255413,HANUMANGARH(DISTRICT COLLECTOR HANUMANGARH_IDA),Rahul Kaswan,CHURU,19-Aug-26,MUKESH KUMAR,Payment Success,3705
3564,Rajasthan,"Construction of roads, link roads, pathways or any other road with or without drainage system",WS/MP728/2025-2026/255413,HANUMANGARH(DISTRICT COLLECTOR HANUMANGARH_IDA),Rahul Kaswan,CHURU,19-Aug-26,RAMNIWAS,Payment Success,3705
3565,Karnataka,"Construction of roads, link roads, pathways or any other road with or without drainage system",WS/MP18263/2026-2027/196232,CHIKKAMAGALURU(DEPUTY COMMISSIONER CHIKMAGALUR),KOTA SRINIVAS POOJARY,UDUPI CHIKMAGALUR,03-Aug-26,NAGRAJ K R,Payment Success,299870
3566,Rajasthan,"Construction of roads, link roads, pathways or any other road with or without drainage system",WS/MP728/2025-2026/255413,HANUMANGARH(DISTRICT COLLECTOR HANUMANGARH_IDA),Rahul Kaswan,CHURU,19-Aug-26,SUBESINGH,Payment Success,3705
3567,Rajasthan,"Construction of roads, link roads, pathways or any other road with or without drainage system",WS/MP728/2025-2026/255413,HANUMANGARH(DISTRICT COLLECTOR HANUMANGARH_IDA),Rahul Kaswan,CHURU,19-Aug-26,KIRAN,Payment Success,3705
3568,Rajasthan,"Construction of roads, link roads, pathways or any other road with or without drainage system",WS/MP728/2025-2026/255413,HANUMANGARH(DISTRICT COLLECTOR HANUMANGARH_IDA),Rahul Kaswan,CHURU,19-Aug-26,LAKHVIR SINGH,Payment Success,9750
3569,Rajasthan,"Construction of roads, link roads, pathways or any other road with or without drainage system",WS/MP728/2025-2026/255413,HANUMANGARH(DISTRICT COLLECTOR HANUMANGARH_IDA),Rahul Kaswan,CHURU,19-Aug-26,NARENDER,Payment Success,9750
3570,Rajasthan,"Construction of roads, link roads, pathways or any other road with or without drainage system",WS/MP728/2025-2026/255413,HANUMANGARH(DISTRICT COLLECTOR HANUMANGARH_IDA),Rahul Kaswan,CHURU,19-Aug-26,RAJBALA,Payment Success,3705
3571,Rajasthan,"Construction of roads, link roads, pathways or any other road with or without drainage system",WS/MP728/2025-2026/255413,HANUMANGARH(DISTRICT COLLECTOR HANUMANGARH_IDA),Rahul Kaswan,CHURU,19-Aug-26,DARSHANA DEVI,Payment Success,3705
3572,Rajasthan,"Construction of roads, link roads, pathways or any other road with or without drainage system",WS/MP728/2025-2026/255413,HANUMANGARH(DISTRICT COLLECTOR HANUMANGARH_IDA),Rahul Kaswan,CHURU,19-Aug-26,BHATERI,Payment Success,3705
3573,Punjab,"Construction of roads, link roads, pathways or any other road with or without drainage system",WS/MP18314/2025-2026/224293,SANGRUR(DEPUTY COMMISSIONER SANGRUR_IDA),GURMEET SINGH MEET HAYER,SANGRUR,03-Aug-26,Ms Dhillon  Tile Factory,Payment Success,49020
3574,Punjab,"Construction of roads, link roads, pathways or any other road with or without drainage system",WS/MP18314/2025-2026/224293,SANGRUR(DEPUTY COMMISSIONER SANGRUR_IDA),GURMEET SINGH MEET HAYER,SANGRUR,03-Aug-26,Ms Dhillon  Tile Factory,Payment Success,49020
3575,Punjab,"Construction of roads, link roads, pathways or any other road with or without drainage system",WS/MP18314/2025-2026/224293,SANGRUR(DEPUTY COMMISSIONER SANGRUR_IDA),GURMEET SINGH MEET HAYER,SANGRUR,03-Aug-26,Ms Dhillon  Tile Factory,Payment Success,49020
3576,Punjab,"Construction of roads, link roads, pathways or any other road with or without drainage system",WS/MP18314/2025-2026/224293,SANGRUR(DEPUTY COMMISSIONER SANGRUR_IDA),GURMEET SINGH MEET HAYER,SANGRUR,03-Aug-26,Ms Dhillon  Tile Factory,Payment Success,49020
3577,Punjab,"Construction of roads, link roads, pathways or any other road with or without drainage system",WS/MP18314/2025-2026/224293,SANGRUR(DEPUTY COMMISSIONER SANGRUR_IDA),GURMEET SINGH MEET HAYER,SANGRUR,03-Aug-26,Ms Dhillon  Tile Factory,Payment Success,49020
3578,Punjab,"Construction of roads, link roads, pathways or any other road with or without drainage system",WS/MP18314/2025-2026/224293,SANGRUR(DEPUTY COMMISSIONER SANGRUR_IDA),GURMEET SINGH MEET HAYER,SANGRUR,03-Aug-26,Ms Dhillon  Tile Factory,Payment Success,36366
3579,Tamil Nadu,"Construction of Government office buildings (Post office, Police station, Police chauki, etc.)",WS/MP747/2026-2027/242035,VIRUDHUNAGAR(DISTRICT COLLECTOR VIRUDHUNAGAR_IDA),Manickam Tagore B,VIRUDHUNAGAR,31-Jul-26,RENUKA DEVI R,Payment Success,1099641
3580,Himachal Pradesh,Construction of community centers and community halls,WS/MP18328/2025-2026/253061,KULLU(DEPUTY COMMISSIONER KULLU_IDA),Kangana Ranaut,MANDI,03-Aug-26,GP Nathan,Payment Success,300000
3581,Delhi,Fitting of Sitting RCC Benches in Public Places,WS/MP18397/2025-2026/194308,SOUTH(COMMISSIONER SOUTH),Bansuri Swaraj,NEW DELHI,13-Aug-26,Parth Construction Company,Payment Success,368034
3582,Tamil Nadu,Construction of bus-sheds or bus-stops,WS/MP746/2026-2027/298423,RAMANATHAPURAM(DISTRICT COLLECTOR RAMANATHAPURAM_IDA),Kani K Navas,RAMANATHAPURAM,01-Aug-26,Lakshmi L,Payment Success,898813
3583,Odisha,Providing drains and gutters for public drainage,WS/MP18310/2026-2027/272547,BHADRAK(DISTRICT COLLECTOR BHADRAK_IDA),AVIMANYU SETHI,BHADRAK(SC),01-Aug-26,PRAFULLA KUMAR MISHRA,Payment Success,300000
3584,Kerala,"Construction of roads, link roads, pathways or any other road with or without drainage system",WS/MP632/2025-2026/205261,PATHANAMTHITTA(DISTRICT COLLECTOR PATHANAMTHITTA_IDA),Anto Antony,PATHANAMTHITTA,01-Aug-26,BIJU M,Payment Success,385571
3585,Odisha,"Construction of roads, link roads, pathways or any other road with or without drainage system",WS/MP18146/2026-2027/228860,Kendujhar(DISTRICT COLLECTOR KEONJHAR_IDA),ANANTA NAYAK,KEONJHAR(ST),29-Jul-26,Nirmal Kumar Rout,Payment Success,286382
3586,Punjab,Construction of additional rooms and halls in the existing public and community building,WS/MP18157/2025-2026/239566,LUDHIANA(DEPUTY COMMISSIONER LUDHIANA_IDA),AMRINDER SINGH RAJA WARRING,LUDHIANA,20-Aug-26,RANJIT KAUR,Payment Success,50000
3587,Punjab,Construction of additional rooms and halls in the existing public and community building,WS/MP18157/2025-2026/239566,LUDHIANA(DEPUTY COMMISSIONER LUDHIANA_IDA),AMRINDER SINGH RAJA WARRING,LUDHIANA,03-Aug-26,RANJIT KAUR,Payment Success,50000
3588,Punjab,Construction of additional rooms and halls in the existing public and community building,WS/MP18157/2025-2026/239566,LUDHIANA(DEPUTY COMMISSIONER LUDHIANA_IDA),AMRINDER SINGH RAJA WARRING,LUDHIANA,03-Aug-26,GURU NANAK BUILDING AND MATERIAL STORE,Payment Success,89400
3589,Punjab,Construction of additional rooms and halls in the existing public and community building,WS/MP18157/2025-2026/239566,LUDHIANA(DEPUTY COMMISSIONER LUDHIANA_IDA),AMRINDER SINGH RAJA WARRING,LUDHIANA,20-Aug-26,GURU NANAK BUILDING AND MATERIAL STORE,Payment Success,58200
3590,Maharashtra,"Construction of roads, link roads, pathways or any other road with or without drainage system",WS/MP18120/2026-2027/194822,NANDED(DISTRICT COLLECTOR NANDED_IDA),AASHTIKAR PATIL NAGESH BAPURAO,HINGOLI,10-Aug-26,Gram Panchayat Sirapalli Tq Himayatnagar,Payment Success,986317
3591,Punjab,"Construction of roads, link roads, pathways or any other road with or without drainage system",WS/MP18314/2025-2026/224293,SANGRUR(DEPUTY COMMISSIONER SANGRUR_IDA),GURMEET SINGH MEET HAYER,SANGRUR,03-Aug-26,GURNOOR STEEL SHUTTERING AND CEMENT STOE,Payment Success,43685
3592,Punjab,"Construction of roads, link roads, pathways or any other road with or without drainage system",WS/MP18314/2025-2026/224293,SANGRUR(DEPUTY COMMISSIONER SANGRUR_IDA),GURMEET SINGH MEET HAYER,SANGRUR,03-Aug-26,GURNOOR STEEL SHUTTERING AND CEMENT STOE,Payment Success,38805
3593,Punjab,"Construction of roads, link roads, pathways or any other road with or without drainage system",WS/MP18314/2025-2026/224293,SANGRUR(DEPUTY COMMISSIONER SANGRUR_IDA),GURMEET SINGH MEET HAYER,SANGRUR,04-Aug-26,Gagandeep Singh,Payment Success,104040
3594,Punjab,"Construction of roads, link roads, pathways or any other road with or without drainage system",WS/MP18314/2025-2026/224293,SANGRUR(DEPUTY COMMISSIONER SANGRUR_IDA),GURMEET SINGH MEET HAYER,SANGRUR,04-Aug-26,Gagandeep Singh,Payment Success,31825
3595,Punjab,"Construction of roads, link roads, pathways or any other road with or without drainage system",WS/MP380/2025-2026/231503,LUDHIANA(DEPUTY COMMISSIONER LUDHIANA_IDA),Shri Amar Singh,FATEHGARH SAHIB(SC),03-Aug-26,kulwinder singh bhwanpura,Payment Success,32000
3596,Telangana,Construction of additional rooms and halls in the existing public and community building,WS/MP18192/2025-2026/232875,JOGULAMBA GADWAL(DISTRICT COLLECTOR JOGULAMBA GADWAL_IDA),DR.MALLU RAVI,NAGARKURNOOL(SC),07-Aug-26,RAVI NAIK,Payment Success,499914
3597,Chhattisgarh,Construction of artificial reef,WS/MP428/2026-2027/275105,Kabeerdham(DISTRICT COLLECTOR KABIRDHAM),Santosh Pandey,RAJNANDGAON,04-Aug-26,Gram Panchayat Mahratola,Payment Success,100000
3598,Chhattisgarh,Construction of artificial reef,WS/MP428/2026-2027/275109,Kabeerdham(DISTRICT COLLECTOR KABIRDHAM),Santosh Pandey,RAJNANDGAON,04-Aug-26,Gram Panchayat Dashrangpur,Payment Success,100000
3599,Punjab,Construction of common work sheds/ common covered sitting area,WS/MP18314/2025-2026/235956,BARNALA(DEPUTY COMMISSIONER BARNALA_IDA),GURMEET SINGH MEET HAYER,SANGRUR,13-Aug-26,DHILLON CEMENT STORE,Payment Success,33421
3600,Punjab,Construction of common work sheds/ common covered sitting area,WS/MP18314/2025-2026/235956,BARNALA(DEPUTY COMMISSIONER BARNALA_IDA),GURMEET SINGH MEET HAYER,SANGRUR,13-Aug-26,DHILLON CEMENT STORE,Payment Success,21016
3601,Punjab,Construction of common work sheds/ common covered sitting area,WS/MP18314/2025-2026/235956,BARNALA(DEPUTY COMMISSIONER BARNALA_IDA),GURMEET SINGH MEET HAYER,SANGRUR,13-Aug-26,ASMAT BB,Payment Success,21201
3602,Madhya Pradesh,Construction of culverts and bridges,WS/MP18103/2026-2027/288880,SHIVPURI(District Collector Shivpuri_IDA),BHARAT SINGH KUSHWAH,GWALIOR,01-Aug-26,GRAM PANCHAYAT FULIPURA,Payment Success,250000
3603,Madhya Pradesh,Construction of culverts and bridges,WS/MP18103/2026-2027/288095,SHIVPURI(District Collector Shivpuri_IDA),BHARAT SINGH KUSHWAH,GWALIOR,06-Aug-26,GRAM PANCHAYAT CHARCH,Payment Success,250000
3604,Madhya Pradesh,Construction of culverts and bridges,WS/MP18103/2026-2027/286982,SHIVPURI(District Collector Shivpuri_IDA),BHARAT SINGH KUSHWAH,GWALIOR,10-Aug-26,GRAM PANCHAYAT SALODA,Payment Success,250000
3605,Andaman And Nicobar Islands,Construction of community centers and community halls,WS/MP18275/2025-2026/187484,NORTH AND MIDDLE ANDAMAN(Implementing District Authority(N&MA)),BISHNU PADA RAY,ANDAMAN AND NICOBAR ISLANDS,05-Aug-26,Sulata Baroi,Payment Success,1350689
3606,Kerala,Purchase of vans and buses for educational institutions,WS/MP18095/2025-2026/246637,ALAPPUZHA(DISTRICT COLLECTOR ALAPPUZHA_IDA),K. C VENUGOPAL,ALAPPUZHA,02-Aug-26,PTA GOVT UP SCHOOL KALARCODE,Payment Success,79370
3607,Tamil Nadu,Construction of road under bridge,WS/MP18185/2026-2027/247576,TENKASI(DISTRICT COLLECTOR TENKASI_IDA),ROBERT BRUCE C,TIRUNELVELI,12-Aug-26,Seetha,Payment Success,479711
3608,Kerala,Construction of public irrigation facilities,WS/MP343/2025-2026/165164,THIRUVANANTHAPURAM(DISTRICT COLLECTOR THIRUVANANTHAPURAM_IDA),Dr Shashi Tharoor,THIRUVANANTHAPURAM,06-Aug-26,Ravidas M,Payment Success,811809
3609,Kerala,Construction of culverts and bridges,WS/MP343/2025-2026/244528,THIRUVANANTHAPURAM(DISTRICT COLLECTOR THIRUVANANTHAPURAM_IDA),Dr Shashi Tharoor,THIRUVANANTHAPURAM,06-Aug-26,Thankamony R,Payment Success,698247
3610,Andhra Pradesh,"Construction of roads, link roads, pathways or any other road with or without drainage system",WS/MP18009/2025-2026/245741,Sri Sathya Sai(DISTRICT COLLECTOR SRI SATHYA SAI_IDA),B K PARTHASARATHI,HINDUPUR,06-Aug-26,P Venkatarmi Reddy,Payment Success,499379
3611,Andhra Pradesh,"Construction of roads, link roads, pathways or any other road with or without drainage system",WS/MP18009/2025-2026/243739,Sri Sathya Sai(DISTRICT COLLECTOR SRI SATHYA SAI_IDA),B K PARTHASARATHI,HINDUPUR,06-Aug-26,P Venkatarmi Reddy,Payment Success,498785
3612,Himachal Pradesh,"Construction of roads, link roads, pathways or any other road with or without drainage system",WS/MP18328/2026-2027/267684,MANDI(DEPUTY COMMISSIONER MANDI_IDA),Kangana Ranaut,MANDI,29-Jul-26,ACUTE ENGINEERS AND CONTRACTORS OPC PRIVATE LIMITED,Payment Success,1000000
3613,Andhra Pradesh,Construction of boundary walls of existing public and community buildings,WS/MP18010/2025-2026/182158,Kakinada(DISTRICT COLLECTOR KAKINADA_IDA),TANGELLA UDAY SRINIVAS,KAKINADA,01-Aug-26,Kadiyala Gopala Krishna,Payment Success,495797
3614,Andhra Pradesh,Construction of boundary walls of existing public and community buildings,WS/MP18010/2025-2026/182159,Kakinada(DISTRICT COLLECTOR KAKINADA_IDA),TANGELLA UDAY SRINIVAS,KAKINADA,01-Aug-26,Kadiyala Gopala Krishna,Payment Success,496902
3615,Andhra Pradesh,Development of playfields and sports grounds,WS/MP18010/2025-2026/213636,Kakinada(DISTRICT COLLECTOR KAKINADA_IDA),TANGELLA UDAY SRINIVAS,KAKINADA,29-Jul-26,Viswanadhula Naveen Kumar,Payment Success,498819
3616,Madhya Pradesh,Construction of shelters for animals,WS/MP18100/2026-2027/234935,Pandhurna(District Collector Pandhurna_IDA),BUNTY VIVEK SAHU,CHHINDWARA,05-Aug-26,Naveen Infraspace Private Limited,Payment Success,600000
3617,Uttar Pradesh,Construction of rooms and halls in school and colleges,WS/MP18206/2025-2026/234486,CHITRAKOOT(DISTRICT MAGISTRATE CHITRAKOOT_IDA),KRISHNA DEVI SHIVSHANKER PATEL,BANDA,11-Aug-26,DR RAM MANOHAR LOHIYA SHIKSHA SANSTHAN,Payment Success,499531
3618,Gujarat,"Construction of roads, link roads, pathways or any other road with or without drainage system",WS/MP579/2025-2026/256447,ANAND(District Collector ANAND_IDA),Mitesh Rameshbhai Bakabhai Patel,ANAND,04-Aug-26,Changada Gp Account,Payment Success,100000
3619,Gujarat,"Construction of roads, link roads, pathways or any other road with or without drainage system",WS/MP579/2025-2026/256449,ANAND(District Collector ANAND_IDA),Mitesh Rameshbhai Bakabhai Patel,ANAND,04-Aug-26,Changada Gp Account,Payment Success,90000
3620,Gujarat,"Construction of roads, link roads, pathways or any other road with or without drainage system",WS/MP579/2025-2026/256463,ANAND(District Collector ANAND_IDA),Mitesh Rameshbhai Bakabhai Patel,ANAND,04-Aug-26,Changada Gp Account,Payment Success,170000
3621,Rajasthan,"Construction of roads, link roads, pathways or any other road with or without drainage system",WS/MP18169/2025-2026/247258,RAJSAMAND(DISTRICT COLLECTOR RAJSAMAND_IDA),MAHIMA KUMARI MEWAR,RAJSAMAND,01-Aug-26,HIMMAT,Payment Success,15600
3622,Andhra Pradesh,Construction of community centers and community halls,WS/MP18007/2025-2026/169477,Eluru(DISTRICT COLLECTOR ELURU_IDA),Putta Mahesh Kumar,ELURU,01-Aug-26,SAO MANNROW CONSTRUCTIONS PRIVATE LIMITED,Payment Success,1947249
3623,Haryana,Construction of veterinary hospitals and dispensaries,WS/MP18065/2026-2027/152353,ROHTAK(DEPUTY COMMISSIONER ROHTAK_IDA),DEEPENDER SINGH HOODA,ROHTAK,12-Aug-26,JINDAL CONSULTANTS,Payment Success,23600
3624,Gujarat,"Construction of roads, link roads, pathways or any other road with or without drainage system",WS/MP577/2024-2025/138732,Dahod(DISTRICT COLLECTOR DOHAD_IDA),Jaswantsinh Sumanbhai Bhabhor,DAHOD(ST),01-Aug-26,Gram Panchayat Kaliarai,Payment Success,250000
3625,Andhra Pradesh,"Construction of roads, link roads, pathways or any other road with or without drainage system",WS/MP526/2025-2026/166435,Y.S.R. Kadapa(DISTRICT COLLECTOR CUDDAPAH_IDA),Y S Avinash Reddy,KADAPA,01-Aug-26,THE CHAIRMAN VLC KALUVAPALLE GP,Payment Success,249920
3626,Tamil Nadu,Construction of bus-sheds or bus-stops,WS/MP746/2026-2027/232984,RAMANATHAPURAM(DISTRICT COLLECTOR RAMANATHAPURAM_IDA),Kani K Navas,RAMANATHAPURAM,05-Aug-26,SURESHKANNAN M,Payment Success,642795
3627,Rajasthan,Construction of community centers and community halls,WS/MP18162/2025-2026/203729,Shahpura(DISTRICT COLLECTOR Shahpura_IDA),DAMODAR AGARWAL,BHILWARA,03-Aug-26,Priya Khatik,Payment Success,7566
3628,Rajasthan,Construction of community centers and community halls,WS/MP18162/2025-2026/203729,Shahpura(DISTRICT COLLECTOR Shahpura_IDA),DAMODAR AGARWAL,BHILWARA,03-Aug-26,Amit Kumar,Payment Success,7566
3629,Rajasthan,Construction of community centers and community halls,WS/MP18162/2025-2026/203729,Shahpura(DISTRICT COLLECTOR Shahpura_IDA),DAMODAR AGARWAL,BHILWARA,03-Aug-26,Yovraj  Solnki,Payment Success,7566
3630,Rajasthan,Construction of community centers and community halls,WS/MP18162/2025-2026/203729,Shahpura(DISTRICT COLLECTOR Shahpura_IDA),DAMODAR AGARWAL,BHILWARA,03-Aug-26,Ghanshyam Regar,Payment Success,7566
3631,Rajasthan,Construction of community centers and community halls,WS/MP18162/2025-2026/203729,Shahpura(DISTRICT COLLECTOR Shahpura_IDA),DAMODAR AGARWAL,BHILWARA,03-Aug-26,Ratani Khatik,Payment Success,7566
3632,Rajasthan,Construction of community centers and community halls,WS/MP18162/2025-2026/203729,Shahpura(DISTRICT COLLECTOR Shahpura_IDA),DAMODAR AGARWAL,BHILWARA,03-Aug-26,Kailash Bhil,Payment Success,7566
3633,Rajasthan,Construction of community centers and community halls,WS/MP18162/2025-2026/203729,Shahpura(DISTRICT COLLECTOR Shahpura_IDA),DAMODAR AGARWAL,BHILWARA,03-Aug-26,Teena Khatik,Payment Success,7566
3634,Rajasthan,Construction of community centers and community halls,WS/MP18162/2025-2026/203729,Shahpura(DISTRICT COLLECTOR Shahpura_IDA),DAMODAR AGARWAL,BHILWARA,03-Aug-26,Maya Bhil,Payment Success,5820
3635,Rajasthan,"Construction of roads, link roads, pathways or any other road with or without drainage system",WS/MP18162/2025-2026/251135,BHILWARA(DISTRICT COLLECTOR BHILWARA_IDA),DAMODAR AGARWAL,BHILWARA,05-Aug-26,Geeta Regar,Payment Success,3679
3636,Rajasthan,Construction of community centers and community halls,WS/MP18162/2025-2026/203729,Shahpura(DISTRICT COLLECTOR Shahpura_IDA),DAMODAR AGARWAL,BHILWARA,03-Aug-26,Rani Khatik,Payment Success,3783
3637,Rajasthan,Construction of community centers and community halls,WS/MP18162/2025-2026/203729,Shahpura(DISTRICT COLLECTOR Shahpura_IDA),DAMODAR AGARWAL,BHILWARA,03-Aug-26,Parbhu Lal Khatik,Payment Success,19500
3638,Rajasthan,"Construction of roads, link roads, pathways or any other road with or without drainage system",WS/MP18162/2025-2026/251135,BHILWARA(DISTRICT COLLECTOR BHILWARA_IDA),DAMODAR AGARWAL,BHILWARA,05-Aug-26,Dalla Ram Regar,Payment Success,3679
3639,Rajasthan,"Construction of roads, link roads, pathways or any other road with or without drainage system",WS/MP18162/2025-2026/251135,BHILWARA(DISTRICT COLLECTOR BHILWARA_IDA),DAMODAR AGARWAL,BHILWARA,05-Aug-26,Geeta Devi Vaishnav,Payment Success,3679
3640,Rajasthan,Construction of community centers and community halls,WS/MP18162/2025-2026/203729,Shahpura(DISTRICT COLLECTOR Shahpura_IDA),DAMODAR AGARWAL,BHILWARA,03-Aug-26,Dipak Khatik,Payment Success,16500
3641,Rajasthan,"Construction of roads, link roads, pathways or any other road with or without drainage system",WS/MP18162/2025-2026/251135,BHILWARA(DISTRICT COLLECTOR BHILWARA_IDA),DAMODAR AGARWAL,BHILWARA,05-Aug-26,Govind Sadhu,Payment Success,3679
3642,Rajasthan,Construction of community centers and community halls,WS/MP18162/2025-2026/203729,Shahpura(DISTRICT COLLECTOR Shahpura_IDA),DAMODAR AGARWAL,BHILWARA,03-Aug-26,Harsvardhan,Payment Success,7566
3643,Rajasthan,"Construction of roads, link roads, pathways or any other road with or without drainage system",WS/MP18162/2025-2026/251135,BHILWARA(DISTRICT COLLECTOR BHILWARA_IDA),DAMODAR AGARWAL,BHILWARA,05-Aug-26,Bhanwar Lal Sharma,Payment Success,3679
3644,Rajasthan,Construction of community centers and community halls,WS/MP18162/2025-2026/203729,Shahpura(DISTRICT COLLECTOR Shahpura_IDA),DAMODAR AGARWAL,BHILWARA,03-Aug-26,Kamlesh Khatik,Payment Success,9750
3645,Rajasthan,"Construction of roads, link roads, pathways or any other road with or without drainage system",WS/MP18162/2025-2026/251135,BHILWARA(DISTRICT COLLECTOR BHILWARA_IDA),DAMODAR AGARWAL,BHILWARA,05-Aug-26,Lad Devi Vaishnav,Payment Success,3679
3646,Rajasthan,"Construction of roads, link roads, pathways or any other road with or without drainage system",WS/MP18162/2025-2026/251135,BHILWARA(DISTRICT COLLECTOR BHILWARA_IDA),DAMODAR AGARWAL,BHILWARA,05-Aug-26,Dinesh Kumar Regar,Payment Success,3679
3647,Rajasthan,"Construction of roads, link roads, pathways or any other road with or without drainage system",WS/MP18162/2025-2026/251135,BHILWARA(DISTRICT COLLECTOR BHILWARA_IDA),DAMODAR AGARWAL,BHILWARA,05-Aug-26,Choti Balai,Payment Success,3679
3648,Rajasthan,"Construction of roads, link roads, pathways or any other road with or without drainage system",WS/MP18162/2025-2026/251135,BHILWARA(DISTRICT COLLECTOR BHILWARA_IDA),DAMODAR AGARWAL,BHILWARA,05-Aug-26,Ramesh Chand Balai,Payment Success,3679
3649,Rajasthan,"Construction of roads, link roads, pathways or any other road with or without drainage system",WS/MP18162/2025-2026/251135,BHILWARA(DISTRICT COLLECTOR BHILWARA_IDA),DAMODAR AGARWAL,BHILWARA,05-Aug-26,Pavan Kumar Sharma,Payment Success,3679
3650,Rajasthan,"Construction of roads, link roads, pathways or any other road with or without drainage system",WS/MP18162/2025-2026/251135,BHILWARA(DISTRICT COLLECTOR BHILWARA_IDA),DAMODAR AGARWAL,BHILWARA,05-Aug-26,Kalu Ram Balai,Payment Success,3679
3651,Rajasthan,"Construction of roads, link roads, pathways or any other road with or without drainage system",WS/MP18162/2025-2026/251135,BHILWARA(DISTRICT COLLECTOR BHILWARA_IDA),DAMODAR AGARWAL,BHILWARA,05-Aug-26,Kamla Devi Balai,Payment Success,6000
3652,Rajasthan,"Construction of roads, link roads, pathways or any other road with or without drainage system",WS/MP18162/2025-2026/251135,BHILWARA(DISTRICT COLLECTOR BHILWARA_IDA),DAMODAR AGARWAL,BHILWARA,05-Aug-26,Leela Devi Balai,Payment Success,3679
3653,Uttar Pradesh,"Construction of roads, link roads, pathways or any other road with or without drainage system",WS/MP490/2025-2026/241420,VARANASI(DISTRICT MAGISTRAE VARANASI_IDA),Shri Narendra Modi,VARANASI,06-Aug-26,jai mata di enterprises,Payment Success,200228
3654,Rajasthan,"Construction of roads, link roads, pathways or any other road with or without drainage system",WS/MP18162/2025-2026/251135,BHILWARA(DISTRICT COLLECTOR BHILWARA_IDA),DAMODAR AGARWAL,BHILWARA,05-Aug-26,Bhula Devi Balai,Payment Success,3679
3655,Rajasthan,"Construction of roads, link roads, pathways or any other road with or without drainage system",WS/MP18162/2025-2026/251135,BHILWARA(DISTRICT COLLECTOR BHILWARA_IDA),DAMODAR AGARWAL,BHILWARA,05-Aug-26,Jagdeesh Chand Balai,Payment Success,6000
3656,Rajasthan,"Construction of roads, link roads, pathways or any other road with or without drainage system",WS/MP18162/2025-2026/251135,BHILWARA(DISTRICT COLLECTOR BHILWARA_IDA),DAMODAR AGARWAL,BHILWARA,05-Aug-26,Balu Lal Balai,Payment Success,2830
3657,Rajasthan,"Construction of roads, link roads, pathways or any other road with or without drainage system",WS/MP18162/2025-2026/251135,BHILWARA(DISTRICT COLLECTOR BHILWARA_IDA),DAMODAR AGARWAL,BHILWARA,05-Aug-26,Ramesh Chand Sharma,Payment Success,3679
3658,Rajasthan,"Construction of roads, link roads, pathways or any other road with or without drainage system",WS/MP18162/2025-2026/251135,BHILWARA(DISTRICT COLLECTOR BHILWARA_IDA),DAMODAR AGARWAL,BHILWARA,05-Aug-26,Seema Devi Basher,Payment Success,3679
3659,Punjab,Setting up of kitchen and pantries,WS/MP18158/2025-2026/237229,PATIALA(DEPUTY COMMISSIONER PATIALA_IDA),DR DHARAMVIRA GANDHI,PATIALA,30-Jul-26,Karanveer Singh,Payment Success,18000
3660,Punjab,Setting up of kitchen and pantries,WS/MP18158/2025-2026/237229,PATIALA(DEPUTY COMMISSIONER PATIALA_IDA),DR DHARAMVIRA GANDHI,PATIALA,30-Jul-26,Karanveer Singh,Payment Success,200
3661,Punjab,Setting up of kitchen and pantries,WS/MP18158/2025-2026/237229,PATIALA(DEPUTY COMMISSIONER PATIALA_IDA),DR DHARAMVIRA GANDHI,PATIALA,30-Jul-26,Mandeep Singh,Payment Success,10000
3662,Uttarakhand,Security gates in streets/public place for safety purpose,WS/MP021/2026-2027/192307,NAINITAL(DISTRICT MAGISTRATE NAINITAL_IDA),Ajay Bhatt,NAINITAL UDHAM SINGH NAG.,07-Aug-26,BCS  ENTERPRISES,Payment Success,41924
3663,Telangana,Construction of public irrigation facilities,WS/MP18338/2025-2026/179195,SURYAPET(DISTRICT COLLECTOR SURYAPET),CHAMALA KIRAN KUMAR REDDY,BHONGIR,21-Aug-26,SAMA ABHISHEK REDDY,Payment Success,500000
3664,Haryana,Purchase of mobile sanitation equipment,WS/MP329/2026-2027/293972,BHIWANI(DC Cum Nodal Officer MPLADS Bhiwani),Shri  Dharambir Singh,BHIWANI MAHENDRAGARH,01-Aug-26,Amar Agro Industries,Payment Success,68250
3665,Jammu And Kashmir,Development of public parks,WS/MP18260/2025-2026/239288,PULWAMA(Deputy Commissioner  Pulwama_IDA),AGA SYED RUHULLAH MEHDI,SRINAGAR,29-Jul-26,Mohd Rafiq Mir,Payment Success,223600
3666,Jammu And Kashmir,"Construction of roads, link roads, pathways or any other road with or without drainage system",WS/MP18260/2025-2026/261083,PULWAMA(Deputy Commissioner  Pulwama_IDA),AGA SYED RUHULLAH MEHDI,SRINAGAR,29-Jul-26,Ghulam Hassan Mir,Payment Success,120515
3667,Lakshadweep,Purchase of hospital equipment,WS/MP18279/2025-2026/213956,LAKSHADWEEP DISTRICT(COLLECTOR CUM DEV COMMISSIONER LAKSHADWEEP_IDA),MUHAMMED HAMDULLAH SAYEED,LAKSHADWEEP(ST),06-Aug-26,Illumix LED Lighting Private Ltd,Payment Success,268000
3668,Nagaland,Creation of new ponds,WS/MP18391/2026-2027/283800,Chumoukedima(Deputy Commissioner Chumoukedima_IDA),S SUPONGMEREN JAMIR,NAGALAND,06-Aug-26,Imtijungla,Payment Success,300000
3669,Nagaland,Creation of new ponds,WS/MP18391/2026-2027/283799,Chumoukedima(Deputy Commissioner Chumoukedima_IDA),S SUPONGMEREN JAMIR,NAGALAND,06-Aug-26,Temsu Ao,Payment Success,400000
3670,Gujarat,Construction of additional rooms and halls in the existing public and community building,WS/MP18320/2025-2026/231624,BANAS KANTHA(DISTRICT COLLECTOR BANAS KANTHA_IDA),GENIBEN NAGAJI THAKOR,BANASKANTHA,01-Aug-26,GODA GRAM PANCHAYAT,Payment Success,300000
3671,Odisha,"Construction of roads, link roads, pathways or any other road with or without drainage system",WS/MP18147/2025-2026/238096,MAYURBHANJ(DISTRICT COLLECTOR MAYURBHANJ_IDA),NABA CHARAN MAJHI,MAYURBHANJ (ST),27-Jul-26,GOPAL NAYAK,Payment Success,500000
3672,Chhattisgarh,Construction of boundary walls of existing public and community buildings,WS/MP428/2026-2027/278461,RAJNANDGAON(DISTRICT COLLECTOR RAJNANDGAON_IDA),Santosh Pandey,RAJNANDGAON,07-Aug-26,gram panchayat chamaray tolagaon,Payment Success,250000
3673,Chhattisgarh,Construction of boundary walls of existing public and community buildings,WS/MP428/2026-2027/275097,Kabeerdham(DISTRICT COLLECTOR KABIRDHAM),Santosh Pandey,RAJNANDGAON,04-Aug-26,GRAM PANCHAYAT RAMHEPUR,Payment Success,100000
3674,Chhattisgarh,Construction of buildings for community cultural activities,WS/MP428/2026-2027/275087,Kabeerdham(DISTRICT COLLECTOR KABIRDHAM),Santosh Pandey,RAJNANDGAON,04-Aug-26,GRAM PANCHAYAT MAGARWADA,Payment Success,250000
3675,Chhattisgarh,"Construction of roads, link roads, pathways or any other road with or without drainage system",WS/MP428/2026-2027/275090,Kabeerdham(DISTRICT COLLECTOR KABIRDHAM),Santosh Pandey,RAJNANDGAON,27-Jul-26,GRAM PANCHAYAT TARO,Payment Success,250000
3676,Madhya Pradesh,"Construction of roads, link roads, pathways or any other road with or without drainage system",WS/MP446/2026-2027/288629,CHHATARPUR(District Collector Chhatarpur_IDA),Vishnu Dutt Sharma,KHAJURAHO,20-Aug-26,GRAM PANCHAYAT PAHADI WAVAN,Payment Success,360000
3677,Odisha,Construction of community centers and community halls,WS/MP372/2025-2026/186032,Nayagada(DISTRICT COLLECTOR  NAYAGARH_IDA),Shri Bhartruhari Mahtab,CUTTACK,05-Aug-26,SANTOSH KUMAR MALLICK,Payment Success,187121
3678,Maharashtra,Construction of community centers and community halls,WS/MP18134/2025-2026/182697,Ahilyanagar(DISTRICT COLLECTOR AHMEDNAGAR_IDA),BHAUSAHEB RAJARAM WAKCHAURE,SHIRDI(SC),03-Aug-26,Pavan Ganesh Majur Sah Sanstha LTD Kharwandi,Payment Success,593193
3679,Uttar Pradesh,"Construction of roads, link roads, pathways or any other road with or without drainage system",WS/MP793/2025-2026/251910,GORAKHPUR(DISTRICT MAGISTRATE GORAKHPUR_IDA),Kamlesh Paswan,BANSGAON(SC),04-Aug-26,HP ASSOCIATES,Payment Success,342436
3680,Uttar Pradesh,"Construction of roads, link roads, pathways or any other road with or without drainage system",WS/MP793/2025-2026/251916,GORAKHPUR(DISTRICT MAGISTRATE GORAKHPUR_IDA),Kamlesh Paswan,BANSGAON(SC),04-Aug-26,HP ASSOCIATES,Payment Success,842048
3681,Madhya Pradesh,Fitting of Sitting RCC Benches in Public Places,WS/MP18103/2026-2027/277952,GWALIOR(DISTRICT COLLECTOR GWALIOR_IDA),BHARAT SINGH KUSHWAH,GWALIOR,25-Aug-26,A J CONSTRUCTION,Payment Success,559057
3682,Nagaland,"Construction of rooms and facilities for hospitals, FWC , PHC Centers and ANM centers",WS/MP18391/2026-2027/283796,Chumoukedima(Deputy Commissioner Chumoukedima_IDA),S SUPONGMEREN JAMIR,NAGALAND,01-Aug-26,Sotisola Imkong,Payment Success,500000
3683,Nagaland,"Construction of roads, link roads, pathways or any other road with or without drainage system",WS/MP18391/2026-2027/283793,Chumoukedima(Deputy Commissioner Chumoukedima_IDA),S SUPONGMEREN JAMIR,NAGALAND,01-Aug-26,N Yona Konya,Payment Success,1000000
3684,Rajasthan,Development of public parks,WS/MP18168/2025-2026/260581,KARAULI(DISTRICT COLLECTOR KARAULI_IDA),BHAJAN LAL JATAV,KARAULI-DHOLPUR(SC),30-Jul-26,mausam kumar,Payment Success,7410
3685,Rajasthan,Development of public parks,WS/MP18168/2025-2026/260581,KARAULI(DISTRICT COLLECTOR KARAULI_IDA),BHAJAN LAL JATAV,KARAULI-DHOLPUR(SC),30-Jul-26,SEEMA,Payment Success,7410
3686,Uttar Pradesh,Construction of rooms and halls in school and colleges,WS/MP18228/2026-2027/193576,JAUNPUR(DISTRICT MAGISTRATE JAUNPUR_IDA),PRIYA SAROJ,MACHHLISHAHR(SC),03-Aug-26,Pradeep Kumar,Payment Success,500000
3687,Rajasthan,Development of public parks,WS/MP18168/2025-2026/260581,KARAULI(DISTRICT COLLECTOR KARAULI_IDA),BHAJAN LAL JATAV,KARAULI-DHOLPUR(SC),30-Jul-26,SUMAN DEVI,Payment Success,7410
3688,Rajasthan,Development of public parks,WS/MP18168/2025-2026/260581,KARAULI(DISTRICT COLLECTOR KARAULI_IDA),BHAJAN LAL JATAV,KARAULI-DHOLPUR(SC),30-Jul-26,POORAN MAL,Payment Success,7410
3689,Uttar Pradesh,"Construction of roads, link roads, pathways or any other road with or without drainage system",WS/MP793/2025-2026/251917,GORAKHPUR(DISTRICT MAGISTRATE GORAKHPUR_IDA),Kamlesh Paswan,BANSGAON(SC),04-Aug-26,MS SATYADEEP HEIGHTS,Payment Success,842166
3690,Uttar Pradesh,"Construction of roads, link roads, pathways or any other road with or without drainage system",WS/MP793/2025-2026/251896,GORAKHPUR(DISTRICT MAGISTRATE GORAKHPUR_IDA),Kamlesh Paswan,BANSGAON(SC),04-Aug-26,MS SATYADEEP HEIGHTS,Payment Success,564158
3691,Rajasthan,Development of public parks,WS/MP18168/2025-2026/260581,KARAULI(DISTRICT COLLECTOR KARAULI_IDA),BHAJAN LAL JATAV,KARAULI-DHOLPUR(SC),30-Jul-26,SAJNI DEVI,Payment Success,7410
3692,Rajasthan,Development of public parks,WS/MP18168/2025-2026/260581,KARAULI(DISTRICT COLLECTOR KARAULI_IDA),BHAJAN LAL JATAV,KARAULI-DHOLPUR(SC),30-Jul-26,SATISH KUMAR,Payment Success,9750
3693,Rajasthan,Development of public parks,WS/MP18168/2025-2026/260581,KARAULI(DISTRICT COLLECTOR KARAULI_IDA),BHAJAN LAL JATAV,KARAULI-DHOLPUR(SC),30-Jul-26,CHETAN BAIRWA,Payment Success,9750
3694,Rajasthan,Development of public parks,WS/MP18168/2025-2026/260581,KARAULI(DISTRICT COLLECTOR KARAULI_IDA),BHAJAN LAL JATAV,KARAULI-DHOLPUR(SC),30-Jul-26,SHASHIKANT,Payment Success,3720
3695,Punjab,Construction of community centers and community halls,WS/MP18311/2025-2026/234406,S.A.S Nagar(DEPUTY COMMISSIONER SAHIBZADA AJIT SINGH NAGAR MOHALI_IDA),MALVINDER SINGH KANG,ANANDPUR SAHIB,27-Jul-26,Anmol Kalia,Payment Success,140519
3696,Madhya Pradesh,Construction of community centers and community halls,WS/MP446/2026-2027/288515,CHHATARPUR(District Collector Chhatarpur_IDA),Vishnu Dutt Sharma,KHAJURAHO,11-Aug-26,GRAM PANCHAYAT SILON,Payment Success,300000
3697,Gujarat,Construction of public irrigation facilities,WS/MP577/2025-2026/229566,Dahod(DISTRICT COLLECTOR DOHAD_IDA),Jaswantsinh Sumanbhai Bhabhor,DAHOD(ST),23-Aug-26,Gram Panchayat bhanpur,Payment Success,453542
3698,Gujarat,"Construction of roads, link roads, pathways or any other road with or without drainage system",WS/MP577/2025-2026/229548,Dahod(DISTRICT COLLECTOR DOHAD_IDA),Jaswantsinh Sumanbhai Bhabhor,DAHOD(ST),13-Aug-26,Gram Panchayat bhanpur,Payment Success,243560
3699,Gujarat,"Construction of roads, link roads, pathways or any other road with or without drainage system",WS/MP577/2025-2026/229533,Dahod(DISTRICT COLLECTOR DOHAD_IDA),Jaswantsinh Sumanbhai Bhabhor,DAHOD(ST),23-Aug-26,Gram Panchayat bhanpur,Payment Success,243359
3700,Madhya Pradesh,"Construction of roads, link roads, pathways or any other road with or without drainage system",WS/MP446/2026-2027/288625,CHHATARPUR(District Collector Chhatarpur_IDA),Vishnu Dutt Sharma,KHAJURAHO,25-Aug-26,GRAM PANCHAYAT NAYAGAON,Payment Success,360000
3701,Madhya Pradesh,"Construction of roads, link roads, pathways or any other road with or without drainage system",WS/MP446/2026-2027/288624,CHHATARPUR(District Collector Chhatarpur_IDA),Vishnu Dutt Sharma,KHAJURAHO,21-Aug-26,GRAM PANCHAYAT DHAWAD,Payment Success,600000
3702,Madhya Pradesh,Construction of buildings for community cultural activities,WS/MP638/2026-2027/236542,CHHATARPUR(District Collector Chhatarpur_IDA),Virendra Kumar,TIKAMGARH(SC),11-Aug-26,GRAM PANCHAYAT BUDOUR,Payment Success,240000
3703,Kerala,"Construction of roads, link roads, pathways or any other road with or without drainage system",WS/MP18305/2025-2026/183305,MALAPPURAM(DISTRICT COLLECTOR MALAPPURAM_IDA),E.T. MOHAMMED BASHEER,MALAPPURAM,01-Aug-26,ABDUL NASAR M P,Payment Success,238462
3704,Gujarat,Construction of boundary walls of existing public and community buildings,WS/MP18320/2025-2026/231512,BANAS KANTHA(DISTRICT COLLECTOR BANAS KANTHA_IDA),GENIBEN NAGAJI THAKOR,BANASKANTHA,03-Aug-26,VADIYA GRAM PANCHAYAT VADIYA,Payment Success,300000
3705,Rajasthan,Construction of community centers and community halls,WS/MP18162/2025-2026/203729,Shahpura(DISTRICT COLLECTOR Shahpura_IDA),DAMODAR AGARWAL,BHILWARA,02-Aug-26,Dev Narayan Construction  Company,Payment Success,375565
3706,West Bengal,"Construction of roads, link roads, pathways or any other road with or without drainage system",WS/MP826/2025-2026/258714,KALIMPONG(District Magistrate Kalimpong_IDA),Raju Bista,DARJEELING,10-Aug-26,MAHENDRA ADHIKARI,Payment Success,499735
3707,Chandigarh,"Purchase of IT systems, including hardware and software for educational purposes",WS/MP18047/2026-2027/286674,CHANDIGARH(DEPUTY COMMISSIONER ZILLA PARISHAD CHANDIGARH_IDA),MANISH TEWARI,CHANDIGARH,06-Aug-26,ULTIMATE SOLUTION,Payment Success,65000
3708,Chandigarh,"Purchase of IT systems, including hardware and software for educational purposes",WS/MP18047/2026-2027/286674,CHANDIGARH(DEPUTY COMMISSIONER ZILLA PARISHAD CHANDIGARH_IDA),MANISH TEWARI,CHANDIGARH,06-Aug-26,ULTIMATE SOLUTION,Payment Success,9000
3709,Chandigarh,"Purchase of IT systems, including hardware and software for educational purposes",WS/MP18047/2026-2027/286674,CHANDIGARH(DEPUTY COMMISSIONER ZILLA PARISHAD CHANDIGARH_IDA),MANISH TEWARI,CHANDIGARH,06-Aug-26,AVICHAL TRADERS,Payment Success,925000
3710,Tamil Nadu,"Construction of roads, link roads, pathways or any other road with or without drainage system",WS/MP18173/2026-2027/241935,TIRUVANNAMALAI(DISTRICT COLLECTOR TIRUVANNAMALAI_IDA),THARANIVENTHAN M S,ARANI,03-Aug-26,KUMAR V,Payment Success,297283
3711,Andhra Pradesh,Construction of buildings for crèches and anganwadies,WS/MP529/2025-2026/215867,Tirupati(DISTRICT COLLECTOR TIRUPATI_IDA),Maddila Gurumoorthy,TIRUPATI(SC),01-Aug-26,Shaik Tajuddin Ahmed,Payment Success,499987
3712,Andhra Pradesh,Construction of rooms and halls in school and colleges,WS/MP529/2025-2026/215868,Tirupati(DISTRICT COLLECTOR TIRUPATI_IDA),Maddila Gurumoorthy,TIRUPATI(SC),01-Aug-26,Shaik Tajuddin Ahmed,Payment Success,499993
3713,Jammu And Kashmir,Installation of fixed garden gym equipment,WS/MP600/2025-2026/237445,UDHAMPUR(Deputy Commissioner Udhampur_IDA),Jitendra Singh,UDHAMPUR,05-Aug-26,ANIRUDDHA ENTERPRISES,Payment Success,49900
3714,Jammu And Kashmir,Installation of fixed garden gym equipment,WS/MP600/2025-2026/237445,UDHAMPUR(Deputy Commissioner Udhampur_IDA),Jitendra Singh,UDHAMPUR,05-Aug-26,ANIRUDDHA ENTERPRISES,Payment Success,38940
3715,Nagaland,Construction of boundary walls of existing public and community buildings,WS/MP18391/2026-2027/283802,MOKOKCHUNG(Deputy Commissioner Mokokchung_IDA),S SUPONGMEREN JAMIR,NAGALAND,06-Aug-26,Imtinungsang,Payment Success,250000
3716,Jammu And Kashmir,Installation of fixed garden gym equipment,WS/MP600/2025-2026/237445,UDHAMPUR(Deputy Commissioner Udhampur_IDA),Jitendra Singh,UDHAMPUR,05-Aug-26,SHIVAM ENTERPRISES,Payment Success,41760
3717,Jammu And Kashmir,Installation of fixed garden gym equipment,WS/MP600/2025-2026/237445,UDHAMPUR(Deputy Commissioner Udhampur_IDA),Jitendra Singh,UDHAMPUR,05-Aug-26,SHIVAM ENTERPRISES,Payment Success,49560
3718,Jammu And Kashmir,Installation of fixed garden gym equipment,WS/MP600/2025-2026/237445,UDHAMPUR(Deputy Commissioner Udhampur_IDA),Jitendra Singh,UDHAMPUR,05-Aug-26,SHIVAM ENTERPRISES,Payment Success,31860
3719,Jammu And Kashmir,Installation of fixed garden gym equipment,WS/MP600/2025-2026/237445,UDHAMPUR(Deputy Commissioner Udhampur_IDA),Jitendra Singh,UDHAMPUR,05-Aug-26,JAMWAL AND  BROS,Payment Success,36240
3720,Jammu And Kashmir,Installation of fixed garden gym equipment,WS/MP600/2025-2026/237445,UDHAMPUR(Deputy Commissioner Udhampur_IDA),Jitendra Singh,UDHAMPUR,05-Aug-26,JAMWAL AND  BROS,Payment Success,49900
3721,Odisha,Construction of community centers and community halls,WS/MP372/2025-2026/237405,Kataka(DISTRICT COLLECTOR CUTTACK_IDA),Shri Bhartruhari Mahtab,CUTTACK,10-Aug-26,MAYADHAR BEHERA,Payment Success,300000
3722,Kerala,"Construction of roads, link roads, pathways or any other road with or without drainage system",WS/MP18423/2025-2026/199768,KOZHIKODE(DISTRICT COLLECTOR KOZHIKODE_IDA),Priyanka Gandhi Vadra,WAYANAD,07-Aug-26,PAL CONSTRUCTIONS,Payment Success,438297
3723,Karnataka,"Construction of roads, link roads, pathways or any other road with or without drainage system",WS/MP18086/2026-2027/238640,HASSAN(DEPUTY COMMISSIONER HASSAN_IDA),SHREYAS. M. PATEL,HASSAN,01-Aug-26,Prasannakumar K S,Payment Success,223260
3724,Tamil Nadu,Crematoriums/energy efficient crematoriums or structures on burial/cremation ground,WS/MP747/2026-2027/260750,VIRUDHUNAGAR(DISTRICT COLLECTOR VIRUDHUNAGAR_IDA),Manickam Tagore B,VIRUDHUNAGAR,04-Aug-26,THANGARAJA S,Payment Success,999593
3725,Odisha,Construction of buildings for community cultural activities,WS/MP18148/2025-2026/170270,NABARANGPUR(DISTRICT COLLECTOR NABARANGPUR_IDA),BALABHADRA MAJHI,NABARANGPUR(ST),05-Aug-26,ms santosh traders,Payment Success,173131
3726,Odisha,Construction of buildings for community cultural activities,WS/MP18148/2025-2026/170270,NABARANGPUR(DISTRICT COLLECTOR NABARANGPUR_IDA),BALABHADRA MAJHI,NABARANGPUR(ST),05-Aug-26,PAWAN HARDWARE,Payment Success,152789
3727,Odisha,Construction of rooms and halls in school and colleges,WS/MP18139/2026-2027/270782,Baragada(DISTRICT COLLECTOR BARAGARH_IDA),PRADEEP PUROHIT,BARGARH,27-Jul-26,ASSISTANT ENGINEER1 BHATLI BLOCK,Payment Success,300000
3728,Jammu And Kashmir,Construction of boundary walls of existing public and community buildings,WS/MP18379/2025-2026/236892,Budgam(Deputy Commissioner  Budgam_IDA),ABDUL RASHID SHEIKH,BARAMULLAH,29-Jul-26,Tahir Mohiuddin Mir,Payment Success,158860
3729,Karnataka,Construction of community centers and community halls,WS/MP623/2026-2027/177406,VIJAYAPURA(DEPUTY COMMISSIONER BIJAPUR_IDA),Ramesh Chandappa Jigajinagi,BIJAPUR(SC),24-Jul-26,TANVEER ABIDALI LASHKARI,Payment Success,225000
3730,Odisha,Construction of community centers and community halls,WS/MP373/2025-2026/249711,BALANGIR(DISTRICT COLLECTOR BOLANGIR_IDA),Smt Sangeeta Kumari Singh Deo,BOLANGIR,05-Aug-26,PHALGUNI NIAL,Payment Success,300000
3731,Odisha,Construction of community centers and community halls,WS/MP373/2025-2026/249715,BALANGIR(DISTRICT COLLECTOR BOLANGIR_IDA),Smt Sangeeta Kumari Singh Deo,BOLANGIR,05-Aug-26,SUDARSAN KATA,Payment Success,300000
3732,Gujarat,Construction of common work sheds/ common covered sitting area,WS/MP18058/2025-2026/254249,VADODARA(DISTRICT COLLECTOR VADODARA_IDA),DR. HEMANG JOSHI,VADODARA,20-Aug-26,Latva Juth Gram Panchayat,Payment Success,500000
3733,Gujarat,"Construction of roads, link roads, pathways or any other road with or without drainage system",WS/MP18058/2025-2026/254254,VADODARA(DISTRICT COLLECTOR VADODARA_IDA),DR. HEMANG JOSHI,VADODARA,28-Jul-26,Himmatpura Juth Gram Panchayat,Payment Success,300000
3734,Gujarat,"Construction of roads, link roads, pathways or any other road with or without drainage system",WS/MP18058/2025-2026/254255,VADODARA(DISTRICT COLLECTOR VADODARA_IDA),DR. HEMANG JOSHI,VADODARA,28-Jul-26,Himmatpura Juth Gram Panchayat,Payment Success,298698
3735,Haryana,Crematoriums/energy efficient crematoriums or structures on burial/cremation ground,WS/MP431/2025-2026/260685,REWARI(District Commissioner Rewari),Rao Inderjit Singh,GURGAON,07-Aug-26,Gram Panchayat Dharchana,Payment Success,944126
3736,Odisha,"Construction of roads, link roads, pathways or any other road with or without drainage system",WS/MP18144/2026-2027/273586,KALAHANDI(DISTRICT COLLECTOR KALAHANDI_IDA),MALVIKA DEVI,KALAHANDI,18-Aug-26,ASHEET KUMAR NANDA,Payment Success,500000
3737,Madhya Pradesh,Construction of culverts and bridges,WS/MP18108/2026-2027/282357,SAGAR(DISTRICT COLLECTOR SAGAR_IDA),DR. LATA WANKHEDE,SAGAR,20-Aug-26,Gram Panchayat Chandwar,Payment Success,375000
3738,Kerala,"Construction of roads, link roads, pathways or any other road with or without drainage system",WS/MP347/2024-2025/178893,KOLLAM(DISTRICT COLLECTOR KOLLAM_IDA),Shri Suresh Kodikunnil,MAVELIKKARA(SC),05-Aug-26,JAIN RAJ,Payment Success,943191
3739,Assam,Construction of community centers and community halls,WS/MP18029/2025-2026/229579,Biswanath(Deputy Commissioner Biswanath_IDA),RANJIT DUTTA,Sonitpur,29-Jul-26,Sankarlal Agarwala,Payment Success,295110
3740,Chhattisgarh,Construction of artificial reef,WS/MP428/2026-2027/275638,RAJNANDGAON(DISTRICT COLLECTOR RAJNANDGAON_IDA),Santosh Pandey,RAJNANDGAON,07-Aug-26,gram panchayat murmunda,Payment Success,150000
3741,Chhattisgarh,"Construction of roads, link roads, pathways or any other road with or without drainage system",WS/MP428/2026-2027/275639,RAJNANDGAON(DISTRICT COLLECTOR RAJNANDGAON_IDA),Santosh Pandey,RAJNANDGAON,07-Aug-26,gram panchayat murmunda,Payment Success,125000
3742,Assam,Construction of community centers and community halls,WS/MP18029/2025-2026/229542,Biswanath(Deputy Commissioner Biswanath_IDA),RANJIT DUTTA,Sonitpur,12-Aug-26,More Hardware,Payment Success,295110
3743,Meghalaya,Construction of footpaths and pedestrian ways,WS/MP18309/2026-2027/287961,NORTH GARO HILLS(DEPUTY COMMISSIONER NORTH GARO HILLS RESUBELPARA_IDA),SALENG A SANGMA,TURA,27-Jul-26,BEBETO N MARAK,Payment Success,100000
3744,Meghalaya,Construction of footpaths and pedestrian ways,WS/MP18309/2026-2027/287961,NORTH GARO HILLS(DEPUTY COMMISSIONER NORTH GARO HILLS RESUBELPARA_IDA),SALENG A SANGMA,TURA,12-Aug-26,BEBETO N MARAK,Payment Success,100000
3745,Punjab,Crematoriums/energy efficient crematoriums or structures on burial/cremation ground,WS/MP18158/2026-2027/262076,PATIALA(DEPUTY COMMISSIONER PATIALA_IDA),DR DHARAMVIRA GANDHI,PATIALA,30-Jul-26,Satnam Singh,Payment Success,20201
3746,Chhattisgarh,Development of playfields and sports grounds,WS/MP18050/2026-2027/279991,Uttar Bastar Kanker(DISTRICT COLLECTOR KANKER_IDA),BHOJRAJ NAG,KANKER(ST),03-Aug-26,GRAM PANCHYAT KONDRUNJ,Payment Success,984900
3747,Rajasthan,Construction of community centers and community halls,WS/MP18162/2025-2026/187418,Shahpura(DISTRICT COLLECTOR Shahpura_IDA),DAMODAR AGARWAL,BHILWARA,18-Aug-26,SHREE BALAJI CONSRTUCTION CO,Payment Success,368458
3748,Uttar Pradesh,Construction of community centers and community halls,WS/MP492/2026-2027/282327,SHAHJAHANPUR(DISTRICT MAGISTRAE SHAHJAHANAPUR_IDA),Shri Arun Kumar Sagar,SHAHJAHANPUR(SC),31-Jul-26,Rajeev Kumar Trivedi,Payment Success,1800000
3749,Punjab,Construction of community centers and community halls,WS/MP18155/2025-2026/257938,HOSHIARPUR(DEPUTY COMMISSIONER HOSHIARPUR_IDA),DR. RAJ KUMAR CHABBEWAL,HOSHIARPUR(SC),08-Aug-26,Keshav Dutt and Brothers,Payment Success,43900
3750,Punjab,Construction of community centers and community halls,WS/MP18155/2025-2026/257938,HOSHIARPUR(DEPUTY COMMISSIONER HOSHIARPUR_IDA),DR. RAJ KUMAR CHABBEWAL,HOSHIARPUR(SC),08-Aug-26,Keshav Dutt and Brothers,Payment Success,43100
3751,Punjab,Construction of community centers and community halls,WS/MP18155/2025-2026/257938,HOSHIARPUR(DEPUTY COMMISSIONER HOSHIARPUR_IDA),DR. RAJ KUMAR CHABBEWAL,HOSHIARPUR(SC),08-Aug-26,Kumra Sanitation Gallery,Payment Success,31742
3752,Punjab,Construction of community centers and community halls,WS/MP18155/2025-2026/257938,HOSHIARPUR(DEPUTY COMMISSIONER HOSHIARPUR_IDA),DR. RAJ KUMAR CHABBEWAL,HOSHIARPUR(SC),08-Aug-26,Kumra Sanitation Gallery,Payment Success,25742
3753,Rajasthan,"Construction of roads, link roads, pathways or any other road with or without drainage system",WS/MP18169/2026-2027/268488,RAJSAMAND(DISTRICT COLLECTOR RAJSAMAND_IDA),MAHIMA KUMARI MEWAR,RAJSAMAND,20-Aug-26,BHAWANI ENTERPRISES,Payment Success,372672
3754,Punjab,Construction of night shelters for homeless,WS/MP18155/2025-2026/250125,HOSHIARPUR(DEPUTY COMMISSIONER HOSHIARPUR_IDA),DR. RAJ KUMAR CHABBEWAL,HOSHIARPUR(SC),08-Aug-26,Parkesh Chand,Payment Success,24000
3755,Odisha,Construction of community centers and community halls,WS/MP18310/2026-2027/239518,Baleshwar(DISTRICT COLLECTOR BALESHWAR_IDA),AVIMANYU SETHI,BHADRAK(SC),29-Jul-26,NARAYAN ROUT AND SMT SWARNALATA ROUT,Payment Success,223000
3756,Uttar Pradesh,Development of public parks,WS/MP18224/2026-2027/279124,KANPUR NAGAR(DISTRICT MAGISTRAE KANPUR NAGAR_IDA),RAMESH AWASTHI,KANPUR,04-Aug-26,Vastu Shree Constructions,Payment Success,677750
3757,Uttar Pradesh,"Construction of roads, link roads, pathways or any other road with or without drainage system",WS/MP18224/2026-2027/279128,KANPUR NAGAR(DISTRICT MAGISTRAE KANPUR NAGAR_IDA),RAMESH AWASTHI,KANPUR,04-Aug-26,Vastu Shree Constructions,Payment Success,410563
3758,Uttar Pradesh,Construction of bus-sheds or bus-stops,WS/MP18224/2026-2027/279114,KANPUR NAGAR(DISTRICT MAGISTRAE KANPUR NAGAR_IDA),RAMESH AWASTHI,KANPUR,04-Aug-26,Vastu Shree Constructions,Payment Success,886743
3759,Uttar Pradesh,Construction of bus-sheds or bus-stops,WS/MP18224/2026-2027/279115,KANPUR NAGAR(DISTRICT MAGISTRAE KANPUR NAGAR_IDA),RAMESH AWASTHI,KANPUR,04-Aug-26,Vastu Shree Constructions,Payment Success,799215
3760,Uttar Pradesh,Construction of bus-sheds or bus-stops,WS/MP18224/2026-2027/279118,KANPUR NAGAR(DISTRICT MAGISTRAE KANPUR NAGAR_IDA),RAMESH AWASTHI,KANPUR,05-Aug-26,Vastu Shree Constructions,Payment Success,500196
3761,Uttar Pradesh,Construction of common work sheds/ common covered sitting area,WS/MP18224/2026-2027/279120,KANPUR NAGAR(DISTRICT MAGISTRAE KANPUR NAGAR_IDA),RAMESH AWASTHI,KANPUR,04-Aug-26,Vastu Shree Constructions,Payment Success,727308
3762,Tamil Nadu,Construction of water tanks,WS/MP18265/2025-2026/222901,CUDDALORE(DISTRICT COLLECTOR CUDDALORE_IDA),M.K. VISHNUPRASAD,CUDDALORE,28-Jul-26,TS SEKAR,Payment Success,1899126
3763,Tamil Nadu,Construction of rooms and halls in school and colleges,WS/MP18186/2026-2027/212286,THIRUVALLUR(DISTRICT COLLECTOR TIRUVALLUR_IDA),Sasikanth Senthil,TIRUVALLUR(SC),24-Jul-26,SRI LAKSHMI ELECTRICAL SERVICE,Payment Success,217548
3764,Punjab,Construction of boundary walls of existing public and community buildings,WS/MP380/2026-2027/279205,LUDHIANA(DEPUTY COMMISSIONER LUDHIANA_IDA),Shri Amar Singh,FATEHGARH SAHIB(SC),26-Jul-26,GILL PAINTS AND HARDWARE STORE,Payment Success,63240
3765,Punjab,"Construction of roads, link roads, pathways or any other road with or without drainage system",WS/MP380/2026-2027/279206,LUDHIANA(DEPUTY COMMISSIONER LUDHIANA_IDA),Shri Amar Singh,FATEHGARH SAHIB(SC),08-Aug-26,GILL PAINTS AND HARDWARE STORE,Payment Success,98600
3766,Andhra Pradesh,"Construction of roads, link roads, pathways or any other road with or without drainage system",WS/MP526/2025-2026/231552,Y.S.R. Kadapa(DISTRICT COLLECTOR CUDDAPAH_IDA),Y S Avinash Reddy,KADAPA,01-Aug-26,PALLE SRAVANATH REDDY,Payment Success,297994
3767,Karnataka,"Construction of roads, link roads, pathways or any other road with or without drainage system",WS/MP18083/2026-2027/267997,DAKSHINA KANNADA(DEPUTY COMMISSIONER DAKSHIN KANNAD MANGALORE_IDA),CAPTAIN BRIJESH CHOWTA,DAKSHINA KANNADA,25-Jul-26,MANOHARA,Payment Success,499590
3768,Gujarat,Providing drains and gutters for public drainage,WS/MP18054/2025-2026/255402,MAHESANA(DISTRICT COLLECTOR MAHESANA_IDA),HARIBHAI PATEL,MAHESANA,27-Jul-26,DODIWADA GRAM PANCHAYAT,Payment Success,150000
3769,Jammu And Kashmir,Street lights,WS/MP18379/2025-2026/252891,BARAMULLA(DEPUTY COMMISSIONER BARAMULLAH_IDA),ABDUL RASHID SHEIKH,BARAMULLAH,24-Jul-26,Chesti Enterprises,Payment Success,498400
3770,Rajasthan,Crematoriums/energy efficient crematoriums or structures on burial/cremation ground,WS/MP18167/2025-2026/228473,JHUNJHUNU(DISTRICT COLLECTOR JHUNJHUNU_IDA),BRIJENDRA SINGH OLA,JHUNJHUNU,24-Jul-26,k k stones and cement suppliers,Payment Success,497966
3771,Madhya Pradesh,"Construction of roads, link roads, pathways or any other road with or without drainage system",WS/MP18103/2026-2027/286520,SHIVPURI(District Collector Shivpuri_IDA),BHARAT SINGH KUSHWAH,GWALIOR,06-Aug-26,Gram Panchayat Khudawali,Payment Success,250000
3772,Madhya Pradesh,Construction of culverts and bridges,WS/MP18103/2026-2027/288882,SHIVPURI(District Collector Shivpuri_IDA),BHARAT SINGH KUSHWAH,GWALIOR,26-Jul-26,GramPanchayat Bahgavan,Payment Success,250000
3773,Madhya Pradesh,"Construction of roads, link roads, pathways or any other road with or without drainage system",WS/MP18103/2026-2027/288923,SHIVPURI(District Collector Shivpuri_IDA),BHARAT SINGH KUSHWAH,GWALIOR,26-Jul-26,Gram Panchayat Barkhadi,Payment Success,250000
3774,Gujarat,"Construction of roads, link roads, pathways or any other road with or without drainage system","WS/	 MP005/2025-2026/235909",Ahmedabad(DISTRICT COLLECTOR AHMADABAD_IDA),Devusinh Jesingbhai Chauhan,KHEDA,03-Aug-26,CHANDISAR GRAM PANCHAYAT,Payment Success,250000
3775,Gujarat,"Construction of roads, link roads, pathways or any other road with or without drainage system","WS/	 MP005/2025-2026/203627",Ahmedabad(DISTRICT COLLECTOR AHMADABAD_IDA),Devusinh Jesingbhai Chauhan,KHEDA,27-Jul-26,MEMAR GRAM PANCHAYAT,Payment Success,149916
3776,Gujarat,"Construction of roads, link roads, pathways or any other road with or without drainage system","WS/	 MP005/2025-2026/203632",Ahmedabad(DISTRICT COLLECTOR AHMADABAD_IDA),Devusinh Jesingbhai Chauhan,KHEDA,27-Jul-26,DHANVADA GRAM PANCHAYAT,Payment Success,99816
3777,Karnataka,"Construction of roads, link roads, pathways or any other road with or without drainage system",WS/MP18263/2026-2027/255820,UDUPI(DEPUTY COMMISSIONER UDUPI_IDA),KOTA SRINIVAS POOJARY,UDUPI CHIKMAGALUR,23-Jul-26,NAGARAJA SHETTY,Payment Success,500000
3778,West Bengal,"Construction of roads, link roads, pathways or any other road with or without drainage system",WS/MP499/2025-2026/210887,BIRBHUM(DISTRICT MAGISTRATE BIRBHUM_IDA),Smt Satabdi Roy (Banerjee),BIRBHUM,22-Jul-26,ALAUL ISLAM,Payment Success,249653
3779,Maharashtra,Construction of community centers and community halls,WS/MP18114/2026-2027/247796,BEED(DISTRICT COLLECTOR BEED_IDA),BAJRANG MANOHAR SONWANE,BEED,14-Aug-26,mohini anil bhise,Payment Success,992383
3780,Maharashtra,Construction of community centers and community halls,WS/MP18114/2026-2027/247799,BEED(DISTRICT COLLECTOR BEED_IDA),BAJRANG MANOHAR SONWANE,BEED,14-Aug-26,mohini anil bhise,Payment Success,993302
3781,Maharashtra,Construction of boundary walls of existing public and community buildings,WS/MP18114/2026-2027/247816,BEED(DISTRICT COLLECTOR BEED_IDA),BAJRANG MANOHAR SONWANE,BEED,22-Jul-26,mohini anil bhise,Payment Success,995413
3782,Assam,Construction of community centers and community halls,WS/MP18025/2025-2026/230812,GOLAGHAT(Deputy Commissioner Golaghat_IDA),KAMAKHYA PRASAD TASA,Kaziranga,22-Jul-26,M ENTERPRISE,Payment Success,291788
3783,Punjab,Street lights,WS/MP18154/2026-2027/269339,GURDASPUR(DEPUTY COMMISSIONER GURDASPUR_IDA),SUKHJINDER SINGH RANDHAWA,GURDASPUR,05-Aug-26,Sahib Preet Traders,Payment Success,118556
3784,Karnataka,Construction of buildings for community cultural activities,WS/MP18077/2026-2027/192618,BELAGAVI(DEPUTY COMMISSIONER BELGAUM_IDA),JAGADISH SHETTAR,BELGAUM,23-Jul-26,SHRI SWAMI CONSTRUCTIONS PROP P C SHATAVAJI,Payment Success,375000
3785,Tamil Nadu,Installing tube-wells and borewells,WS/MP751/2025-2026/236738,MADURAI(DISTRICT COLLECTOR MADURAI_IDA),S Venkatesan,MADURAI,22-Jul-26,Shanmugapriyan M,Payment Success,277449
3786,Tamil Nadu,Installing tube-wells and borewells,WS/MP751/2025-2026/236739,MADURAI(DISTRICT COLLECTOR MADURAI_IDA),S Venkatesan,MADURAI,22-Jul-26,Shanmugapriyan M,Payment Success,277678
3787,Uttarakhand,Installing hand pumps,WS/MP021/2026-2027/267129,NAINITAL(DISTRICT MAGISTRATE NAINITAL_IDA),Ajay Bhatt,NAINITAL UDHAM SINGH NAG.,03-Aug-26,HEERA SINGH BISHT,Payment Success,8585
3788,Uttarakhand,Installing hand pumps,WS/MP021/2026-2027/267129,NAINITAL(DISTRICT MAGISTRATE NAINITAL_IDA),Ajay Bhatt,NAINITAL UDHAM SINGH NAG.,03-Aug-26,MOHINI DEVI,Payment Success,5856
3789,Uttarakhand,Security gates in streets/public place for safety purpose,WS/MP021/2025-2026/208985,NAINITAL(DISTRICT MAGISTRATE NAINITAL_IDA),Ajay Bhatt,NAINITAL UDHAM SINGH NAG.,06-Aug-26,CHANCHAL SINGH,Payment Success,14645
3790,Uttarakhand,Security gates in streets/public place for safety purpose,WS/MP021/2025-2026/208985,NAINITAL(DISTRICT MAGISTRATE NAINITAL_IDA),Ajay Bhatt,NAINITAL UDHAM SINGH NAG.,06-Aug-26,RANJEET SINGH,Payment Success,9150
3791,Chhattisgarh,Lighting of public spaces,WS/MP18051/2026-2027/278588,MAHASAMUND(DISTRICT COLLECTOR MAHASAMUND_IDA),ROOP KUMARI CHOUDHARY,MAHASAMUND,29-Jul-26,GRAM PANCHAYAT DARRABHATHA B,Payment Success,250000
3792,Kerala,"Purchase of vehicle for mobile dispensaries (Four, three and two wheelers)",WS/MP18305/2025-2026/259370,MALAPPURAM(DISTRICT COLLECTOR MALAPPURAM_IDA),E.T. MOHAMMED BASHEER,MALAPPURAM,24-Jul-26,HOSPITAL MANAGEMENT COMMITTEE PHC ANGADIPURAM,Payment Success,28784
3793,Maharashtra,Construction of toilet blocks,WS/MP18131/2025-2026/248909,SINDHUDURG(DISTRICT COLLECTOR SINDHUDURG_IDA),NARAYAN TATU RANE,RATNAGIRI-SINDHUDURG,23-Jul-26,DINDAYAL MAJUR SAHKARI SANSTHA MARYADIT,Payment Success,500000
3794,Andhra Pradesh,"Construction of roads, link roads, pathways or any other road with or without drainage system",WS/MP18008/2026-2027/260771,GUNTUR(DISTRICT COLLECTOR GUNTUR_IDA),Dr Chandra Sekhar Pemmasani,GUNTUR,23-Jul-26,Alapati Constructions,Payment Success,504253
3795,Madhya Pradesh,Construction of boundary walls of existing public and community buildings,WS/MP18109/2026-2027/230484,SIDHI(DISTRICT COLLECTOR SIDHI_IDA),DR. RAJESH MISHRA,SIDHI,27-Jul-26,GRAM PANCHAYAT BADHAURA,Payment Success,63500
3796,Madhya Pradesh,Construction of boundary walls of existing public and community buildings,WS/MP18109/2026-2027/230484,SIDHI(DISTRICT COLLECTOR SIDHI_IDA),DR. RAJESH MISHRA,SIDHI,27-Jul-26,GRAM PANCHAYAT BADHAURA,Payment Success,82000
3797,Madhya Pradesh,Construction of boundary walls of existing public and community buildings,WS/MP18109/2026-2027/230484,SIDHI(DISTRICT COLLECTOR SIDHI_IDA),DR. RAJESH MISHRA,SIDHI,27-Jul-26,GRAM PANCHAYAT BADHAURA,Payment Success,5000
3798,Madhya Pradesh,Construction of boundary walls of existing public and community buildings,WS/MP18109/2026-2027/230484,SIDHI(DISTRICT COLLECTOR SIDHI_IDA),DR. RAJESH MISHRA,SIDHI,27-Jul-26,GRAM PANCHAYAT BADHAURA,Payment Success,49840
3799,Madhya Pradesh,Construction of boundary walls of existing public and community buildings,WS/MP18109/2026-2027/230484,SIDHI(DISTRICT COLLECTOR SIDHI_IDA),DR. RAJESH MISHRA,SIDHI,27-Jul-26,GRAM PANCHAYAT BADHAURA,Payment Success,49600
3800,Gujarat,"Construction of flood control embankments/ protection walls along riverbanks, hilltops, roadsides",WS/MP18058/2025-2026/267232,VADODARA(DISTRICT COLLECTOR VADODARA_IDA),DR. HEMANG JOSHI,VADODARA,23-Jul-26,Moti Varnoli Gram Panchayat,Payment Success,400000
3801,Gujarat,"Construction of roads, link roads, pathways or any other road with or without drainage system",WS/MP18054/2025-2026/255315,MAHESANA(DISTRICT COLLECTOR MAHESANA_IDA),HARIBHAI PATEL,MAHESANA,28-Jul-26,CHHATHIYARDA GRAM PANCHAYAT,Payment Success,200000
3802,Gujarat,Installing tube-wells and borewells,WS/MP18058/2025-2026/254251,VADODARA(DISTRICT COLLECTOR VADODARA_IDA),DR. HEMANG JOSHI,VADODARA,23-Jul-26,Jambugoral Gram Panchayat,Payment Success,125000
3803,Haryana,"Construction of roads, link roads, pathways or any other road with or without drainage system",WS/MP18064/2025-2026/249994,KURUKSHETRA(DEPUTY COMMISSIONER KURUKSHETRA_IDA),NAVEEN JINDAL,KURUKSHETRA,21-Jul-26,The M P Cooperative Labour and Construction Society Ltd,Payment Success,323660
3804,Punjab,Crematoriums/energy efficient crematoriums or structures on burial/cremation ground,WS/MP18158/2026-2027/267118,PATIALA(DEPUTY COMMISSIONER PATIALA_IDA),DR DHARAMVIRA GANDHI,PATIALA,03-Aug-26,Beant Singh,Payment Success,71218
3805,Andhra Pradesh,Construction of community centers and community halls,WS/MP526/2025-2026/191640,Y.S.R. Kadapa(DISTRICT COLLECTOR CUDDAPAH_IDA),Y S Avinash Reddy,KADAPA,21-Jul-26,Yelugoti chandra sekhar reddy,Payment Success,498197
3806,Gujarat,"Construction of roads, link roads, pathways or any other road with or without drainage system",WS/MP18344/2025-2026/225570,PORBANDAR(DISTRICT COLLECTOR PORBANDAR_IDA),DR. MANSUKH MANDAVIYA,PORBANDAR,06-Aug-26,DHARSAN GRAM PANCHAYAT,Payment Success,248592
3807,Gujarat,Providing drains and gutters for public drainage,WS/MP18344/2025-2026/187013,PORBANDAR(DISTRICT COLLECTOR PORBANDAR_IDA),DR. MANSUKH MANDAVIYA,PORBANDAR,21-Aug-26,TERI GRAM PANCHAYAT,Payment Success,294228
3808,Andhra Pradesh,"Construction of roads, link roads, pathways or any other road with or without drainage system",WS/MP526/2025-2026/203602,Y.S.R. Kadapa(DISTRICT COLLECTOR CUDDAPAH_IDA),Y S Avinash Reddy,KADAPA,01-Aug-26,G soma sekhar Reddy,Payment Success,496494
3809,Gujarat,"Construction of roads, link roads, pathways or any other road with or without drainage system",WS/MP18344/2025-2026/187196,PORBANDAR(DISTRICT COLLECTOR PORBANDAR_IDA),DR. MANSUKH MANDAVIYA,PORBANDAR,03-Aug-26,HAMADPARA GRAM PANCHAYAT,Payment Success,246471
3810,Tamil Nadu,Construction of community centers and community halls,WS/MP18184/2026-2027/212002,MADURAI(DISTRICT COLLECTOR MADURAI_IDA),THANGA TAMILSELVAN,THENI,22-Jul-26,PRAKASH P,Payment Success,1198367
3811,Meghalaya,Construction of community centers and community halls,WS/MP18309/2026-2027/287957,NORTH GARO HILLS(DEPUTY COMMISSIONER NORTH GARO HILLS RESUBELPARA_IDA),SALENG A SANGMA,TURA,23-Jul-26,ERICROGER N SANGMA,Payment Success,250000
3812,Meghalaya,Construction of community centers and community halls,WS/MP18309/2026-2027/287957,NORTH GARO HILLS(DEPUTY COMMISSIONER NORTH GARO HILLS RESUBELPARA_IDA),SALENG A SANGMA,TURA,13-Aug-26,ERICROGER N SANGMA,Payment Success,250000
3813,Meghalaya,Construction of footpaths and pedestrian ways,WS/MP18309/2026-2027/287962,NORTH GARO HILLS(DEPUTY COMMISSIONER NORTH GARO HILLS RESUBELPARA_IDA),SALENG A SANGMA,TURA,23-Jul-26,RESTER BROWN SANGMA,Payment Success,100000
3814,Meghalaya,Construction of footpaths and pedestrian ways,WS/MP18309/2026-2027/287962,NORTH GARO HILLS(DEPUTY COMMISSIONER NORTH GARO HILLS RESUBELPARA_IDA),SALENG A SANGMA,TURA,12-Aug-26,RESTER BROWN SANGMA,Payment Success,100000
3815,West Bengal,Construction of rooms and halls in school and colleges,WS/MP829/2025-2026/206047,HOWRAH(DISTRICT MAGISTRATE HOWRAH_IDA),Smt Sajda Ahmed,ULUBERIA,28-Jul-26,DILSHAN CONSTRUCTION,Payment Success,191289
3816,Chhattisgarh,Construction of community centers and community halls,WS/MP428/2026-2027/275644,RAJNANDGAON(DISTRICT COLLECTOR RAJNANDGAON_IDA),Santosh Pandey,RAJNANDGAON,28-Jul-26,gram panchayat lalutola,Payment Success,125000
3817,Maharashtra,Construction of community centers and community halls,WS/MP18134/2025-2026/181929,Ahilyanagar(DISTRICT COLLECTOR AHMEDNAGAR_IDA),BHAUSAHEB RAJARAM WAKCHAURE,SHIRDI(SC),04-Aug-26,Sanjay Majur Sahkari Sanstha Maryadit,Payment Success,413099
3818,Andhra Pradesh,"Construction of roads, link roads, pathways or any other road with or without drainage system",WS/MP18008/2026-2027/251392,GUNTUR(DISTRICT COLLECTOR GUNTUR_IDA),Dr Chandra Sekhar Pemmasani,GUNTUR,28-Jul-26,Bolleddu Sangeetha Rao,Payment Success,330722
3819,Kerala,"Construction of roads, link roads, pathways or any other road with or without drainage system",WS/MP18337/2025-2026/210858,PALAKKAD(DISTRICT COLLECTOR PALAKKAD_IDA),K RADHAKRISHNAN,ALATHUR(SC),25-Jul-26,K SAJEEVAN,Payment Success,1929300
3820,Tamil Nadu,Construction of community centers and community halls,WS/MP18184/2026-2027/212004,MADURAI(DISTRICT COLLECTOR MADURAI_IDA),THANGA TAMILSELVAN,THENI,22-Jul-26,RENGAMALAI PERUMALTHEVAR,Payment Success,1199609
3821,West Bengal,Development of playfields and sports grounds,WS/MP826/2025-2026/203993,KALIMPONG(District Magistrate Kalimpong_IDA),Raju Bista,DARJEELING,31-Jul-26,HIMALAYAN CONSTRUCTION,Payment Success,486235
3822,Rajasthan,Construction of community centers and community halls,WS/MP18169/2025-2026/226312,RAJSAMAND(DISTRICT COLLECTOR RAJSAMAND_IDA),MAHIMA KUMARI MEWAR,RAJSAMAND,31-Jul-26,DIVYANSH YADAV,Payment Success,1202495
3823,Tamil Nadu,Lighting of public spaces,WS/MP18186/2025-2026/173296,THIRUVALLUR(DISTRICT COLLECTOR TIRUVALLUR_IDA),Sasikanth Senthil,TIRUVALLUR(SC),22-Jul-26,SARO OVERSEAS PRIVATE LIMITED,Payment Success,167790
3824,Tamil Nadu,Lighting of public spaces,WS/MP18186/2025-2026/173297,THIRUVALLUR(DISTRICT COLLECTOR TIRUVALLUR_IDA),Sasikanth Senthil,TIRUVALLUR(SC),22-Jul-26,SARO OVERSEAS PRIVATE LIMITED,Payment Success,167790
3825,Tamil Nadu,Lighting of public spaces,WS/MP18186/2025-2026/173300,THIRUVALLUR(DISTRICT COLLECTOR TIRUVALLUR_IDA),Sasikanth Senthil,TIRUVALLUR(SC),22-Jul-26,SARO OVERSEAS PRIVATE LIMITED,Payment Success,233240
3826,Tamil Nadu,Lighting of public spaces,WS/MP18186/2025-2026/173301,THIRUVALLUR(DISTRICT COLLECTOR TIRUVALLUR_IDA),Sasikanth Senthil,TIRUVALLUR(SC),22-Jul-26,SARO OVERSEAS PRIVATE LIMITED,Payment Success,263585
3827,Tamil Nadu,Lighting of public spaces,WS/MP18186/2025-2026/173302,THIRUVALLUR(DISTRICT COLLECTOR TIRUVALLUR_IDA),Sasikanth Senthil,TIRUVALLUR(SC),22-Jul-26,SARO OVERSEAS PRIVATE LIMITED,Payment Success,165410
3828,Tamil Nadu,Lighting of public spaces,WS/MP18186/2025-2026/173303,THIRUVALLUR(DISTRICT COLLECTOR TIRUVALLUR_IDA),Sasikanth Senthil,TIRUVALLUR(SC),22-Jul-26,SARO OVERSEAS PRIVATE LIMITED,Payment Success,296310
3829,Tamil Nadu,Lighting of public spaces,WS/MP18186/2025-2026/173305,THIRUVALLUR(DISTRICT COLLECTOR TIRUVALLUR_IDA),Sasikanth Senthil,TIRUVALLUR(SC),22-Jul-26,SARO OVERSEAS PRIVATE LIMITED,Payment Success,263585
3830,Karnataka,"Construction of roads, link roads, pathways or any other road with or without drainage system",WS/MP18263/2026-2027/234878,UDUPI(DEPUTY COMMISSIONER UDUPI_IDA),KOTA SRINIVAS POOJARY,UDUPI CHIKMAGALUR,22-Jul-26,HARISH POOJARI,Payment Success,500000
3831,Telangana,Construction of boundary walls of existing public and community buildings,WS/MP18191/2025-2026/257214,Narayanpet(DISTRICT COLLECTOR NARAYANPET_IDA),ARUNA. D. K,MAHABUBNAGAR,22-Jul-26,Chettukindhi Balaraju,Payment Success,497884
3832,Karnataka,Construction of community centers and community halls,WS/MP623/2026-2027/177699,VIJAYAPURA(DEPUTY COMMISSIONER BIJAPUR_IDA),Ramesh Chandappa Jigajinagi,BIJAPUR(SC),21-Jul-26,TANVEER ABIDALI LASHKARI,Payment Success,371250
3833,Karnataka,Construction of community centers and community halls,WS/MP623/2026-2027/208578,VIJAYAPURA(DEPUTY COMMISSIONER BIJAPUR_IDA),Ramesh Chandappa Jigajinagi,BIJAPUR(SC),21-Jul-26,TANVEER ABIDALI LASHKARI,Payment Success,371250
3834,Karnataka,Construction of community centers and community halls,WS/MP623/2026-2027/208632,VIJAYAPURA(DEPUTY COMMISSIONER BIJAPUR_IDA),Ramesh Chandappa Jigajinagi,BIJAPUR(SC),21-Jul-26,TANVEER ABIDALI LASHKARI,Payment Success,371250
3835,West Bengal,Construction of rooms and halls in school and colleges,WS/MP498/2025-2026/188740,Dakshin Dinajpur(DISTRICT MAGISTRATE DINAJPUR DAKSHIN_IDA),Dr Sukanta Majumdar,BALURGHAT,21-Jul-26,SWARUP SARKAR,Payment Success,399582
3836,Punjab,Construction of boundary walls of existing public and community buildings,WS/MP18158/2025-2026/238956,PATIALA(DEPUTY COMMISSIONER PATIALA_IDA),DR DHARAMVIRA GANDHI,PATIALA,21-Jul-26,ASHOK CEMENT AND IRON STORE,Payment Success,16990
3837,Tripura,Construction of bus-sheds or bus-stops,WS/MP18196/2025-2026/219206,Khowai(DISTRICT MAGISTRATE and COLLECTOR  KHOWAI_IDA),KRITI DEVI DEBBARMAN,TRIPURA EAST(ST),29-Jul-26,D AND GRANDSONS ENGG PVT LTD,Payment Success,1999000
3838,Tripura,Construction of bus-sheds or bus-stops,WS/MP18196/2025-2026/241590,Khowai(DISTRICT MAGISTRATE and COLLECTOR  KHOWAI_IDA),KRITI DEVI DEBBARMAN,TRIPURA EAST(ST),29-Jul-26,D AND GRANDSONS ENGG PVT LTD,Payment Success,1999000
3839,Tripura,Construction of bus-sheds or bus-stops,WS/MP18196/2025-2026/244259,Khowai(DISTRICT MAGISTRATE and COLLECTOR  KHOWAI_IDA),KRITI DEVI DEBBARMAN,TRIPURA EAST(ST),29-Jul-26,D AND GRANDSONS ENGG PVT LTD,Payment Success,1999000
3840,Tripura,Construction of bus-sheds or bus-stops,WS/MP18196/2025-2026/244260,Khowai(DISTRICT MAGISTRATE and COLLECTOR  KHOWAI_IDA),KRITI DEVI DEBBARMAN,TRIPURA EAST(ST),29-Jul-26,D AND GRANDSONS ENGG PVT LTD,Payment Success,1999000
3841,Tripura,Construction of bus-sheds or bus-stops,WS/MP18196/2025-2026/244261,Khowai(DISTRICT MAGISTRATE and COLLECTOR  KHOWAI_IDA),KRITI DEVI DEBBARMAN,TRIPURA EAST(ST),29-Jul-26,D AND GRANDSONS ENGG PVT LTD,Payment Success,1999000
3842,Tamil Nadu,Construction of footpaths and pedestrian ways,WS/MP740/2026-2027/204068,THE NILGIRIS(DISTRICT COLLECTOR NILGIRIS_IDA),Andimuthu Raja,NILGIRIS(SC),23-Jul-26,SRI BANNARI AMMAN TRADERS,Payment Success,400000
3843,Maharashtra,"Construction of roads, link roads, pathways or any other road with or without drainage system",WS/MP18116/2026-2027/248969,THANE(DISTRICT COLLECTOR THANE_IDA),BALYA MAMA SURESH GOPINATH MHATRE,BHIWANDI,31-Jul-26,A Cube Enterprise,Payment Success,977041
3844,Tamil Nadu,Construction of bus-sheds or bus-stops,WS/MP18184/2026-2027/210959,MADURAI(DISTRICT COLLECTOR MADURAI_IDA),THANGA TAMILSELVAN,THENI,21-Jul-26,PERUMAL P,Payment Success,999494
3845,West Bengal,"Construction of roads, link roads, pathways or any other road with or without drainage system",WS/MP18257/2025-2026/264549,Purba Medinipur(DISTRICT MAGISTRATE PURBA MEDINIPUR_IDA),ABHIJIT GANGOPADHYAY,TAMLUK,31-Jul-26,Jana Enterprise,Payment Success,272501
3846,Uttar Pradesh,Construction of rooms and halls in school and colleges,WS/MP18240/2026-2027/274859,GORAKHPUR(DISTRICT MAGISTRATE GORAKHPUR_IDA),LAXMIKANT PAPPU NISHAD,SANT KABIR NAGAR,18-Jul-26,BADARI PRASAD SHIKSHA PRASAR SAMITI SUTI SUKARAULI,Payment Success,456500
3847,Gujarat,"Construction of roads, link roads, pathways or any other road with or without drainage system","WS/	 MP578/2025-2026/241880",VADODARA(DISTRICT COLLECTOR VADODARA_IDA),Mansukhbhai Dhanjibhai Vasava,BHARUCH,22-Jul-26,OSLAM GRAM PANCHAYT,Payment Success,100000
3848,Tripura,Construction of community centers and community halls,WS/MP18197/2025-2026/244067,West Tripura(DISTRICT MAGISTRATE WEST TRIPURA_IDA),BIPLAB KUMAR DEB,TRIPURA WEST,21-Jul-26,TAPAN KUMAR DHAR,Payment Success,1057226
3849,Assam,"Construction of roads, link roads, pathways or any other road with or without drainage system",WS/MP18020/2026-2027/273981,BONGAIGAON(Deputy Commissioner Bongaigaon_IDA),PHANI BHUSAN CHOUDHURY,BARPETA,18-Jul-26,IMPVT OF ROAD WITH SAND GRAVELLING FROM HARIS RAY HOUSE TO SARBESWAR,Payment Success,300000
3850,Gujarat,"Construction of roads, link roads, pathways or any other road with or without drainage system",WS/MP18326/2025-2026/238426,Ahmedabad(DISTRICT COLLECTOR AHMADABAD_IDA),CHANDUBHAI CHHAGANBHAI SHIHORA,SURENDRANAGAR,22-Jul-26,GOGLA GRAM PANCHAYAT,Payment Success,498682
3851,Assam,Construction of community centers and community halls,WS/MP18020/2026-2027/264625,BONGAIGAON(Deputy Commissioner Bongaigaon_IDA),PHANI BHUSAN CHOUDHURY,BARPETA,18-Jul-26,Rennovtion of community hall at khaija dolaigaon,Payment Success,300000
3852,Gujarat,"Construction of roads, link roads, pathways or any other road with or without drainage system",WS/MP18276/2025-2026/242198,VADODARA(DISTRICT COLLECTOR VADODARA_IDA),JASHUBHAI BHILUBHAI RATHVA,CHHOTA UDAIPUR(ST),23-Jul-26,ABHOR GRAM PANCHAYAT,Payment Success,400000
3853,Maharashtra,"Construction of roads, link roads, pathways or any other road with or without drainage system",WS/MP692/2026-2027/290008,PUNE(DISTRICT COLLECTOR PUNE_IDA),Smt Supriya Sadanand Sule,BARAMATI,20-Jul-26,RUSHABH RAMESH JAGTAP,Payment Success,985879
3854,Odisha,Construction of additional rooms and halls in the existing public and community building,WS/MP18310/2025-2026/243222,BHADRAK(DISTRICT COLLECTOR BHADRAK_IDA),AVIMANYU SETHI,BHADRAK(SC),23-Jul-26,EX SERVICEMEN ASSOCIATION,Payment Success,415577
3855,Gujarat,Construction of building for veterinary aid centers,WS/MP588/2025-2026/163054,JAMNAGAR(DISTRICT COLLECTOR JAMNAGAR_IDA),Smt Poonamben Hematbhai Maadam,JAMNAGAR,04-Aug-26,HOTHIJI KHADBA GRAM PANCHAYAT,Payment Success,418982
3856,Odisha,Construction of public toilets and bathrooms,WS/MP18310/2025-2026/180844,BHADRAK(DISTRICT COLLECTOR BHADRAK_IDA),AVIMANYU SETHI,BHADRAK(SC),22-Jul-26,MADHUSUDAN PARHI,Payment Success,416871
3857,Gujarat,Construction of boundary walls of existing public and community buildings,WS/MP18326/2026-2027/259245,SURENDRANAGAR(DISTRICT COLLECTOR SURENDRANAGAR_IDA),CHANDUBHAI CHHAGANBHAI SHIHORA,SURENDRANAGAR,20-Jul-26,JAYDEEP ENTERPRISE,Payment Success,61200
3858,Gujarat,Construction of boundary walls of existing public and community buildings,WS/MP18326/2026-2027/259245,SURENDRANAGAR(DISTRICT COLLECTOR SURENDRANAGAR_IDA),CHANDUBHAI CHHAGANBHAI SHIHORA,SURENDRANAGAR,20-Jul-26,CK ENTERPRISE,Payment Success,330103
3859,Odisha,Construction of community centers and community halls,WS/MP373/2025-2026/250097,BALANGIR(DISTRICT COLLECTOR BOLANGIR_IDA),Smt Sangeeta Kumari Singh Deo,BOLANGIR,21-Jul-26,PADMALOCHAN DANDSENA,Payment Success,300000
3860,Andhra Pradesh,Construction of buildings for crèches and anganwadies,WS/MP18017/2025-2026/262099,Visakhapatnam(DISTRICT COLLECTOR VISAKHAPATNAM_IDA),Sribharat MathuKumli,VISAKHAPATNAM,27-Jul-26,K AND B CONSTRUCTIONS,Payment Success,317696
3861,Andhra Pradesh,Construction of rooms and halls in school and colleges,WS/MP18017/2025-2026/262130,Visakhapatnam(DISTRICT COLLECTOR VISAKHAPATNAM_IDA),Sribharat MathuKumli,VISAKHAPATNAM,27-Jul-26,K AND B CONSTRUCTIONS,Payment Success,319060
3862,Andhra Pradesh,Construction of rooms and halls in school and colleges,WS/MP18017/2025-2026/251085,Visakhapatnam(DISTRICT COLLECTOR VISAKHAPATNAM_IDA),Sribharat MathuKumli,VISAKHAPATNAM,23-Jul-26,K AND B CONSTRUCTIONS,Payment Success,323960
3863,Assam,Construction of common work sheds/ common covered sitting area,WS/MP18025/2025-2026/231305,GOLAGHAT(Deputy Commissioner Golaghat_IDA),KAMAKHYA PRASAD TASA,Kaziranga,23-Jul-26,JANGOM JYOTI BORA,Payment Success,547800
3864,Kerala,Construction of footpaths and pedestrian ways,WS/MP343/2025-2026/244522,THIRUVANANTHAPURAM(DISTRICT COLLECTOR THIRUVANANTHAPURAM_IDA),Dr Shashi Tharoor,THIRUVANANTHAPURAM,24-Jul-26,KIRAN DAS Y L,Payment Success,551251
3865,Telangana,Construction of community centers and community halls,WS/MP765/2025-2026/232922,HYDERABAD(DISTRICT COLLECTOR HYDERABAD_IDA),Kishan Reddy Gangapuram,SECUNDERABAD,20-Jul-26,Medoju Venugopal,Payment Success,1108847
3866,Telangana,Construction of rooms and halls in school and colleges,WS/MP765/2025-2026/232923,HYDERABAD(DISTRICT COLLECTOR HYDERABAD_IDA),Kishan Reddy Gangapuram,SECUNDERABAD,20-Jul-26,Medoju Venugopal,Payment Success,2218132
3867,Telangana,Construction of community centers and community halls,WS/MP765/2025-2026/232924,HYDERABAD(DISTRICT COLLECTOR HYDERABAD_IDA),Kishan Reddy Gangapuram,SECUNDERABAD,20-Jul-26,Medoju Venugopal,Payment Success,1027343
3868,Jammu And Kashmir,"Construction of flood control embankments/ protection walls along riverbanks, hilltops, roadsides",WS/MP331/2025-2026/242817,JAMMU(DEPUTY COMMISSIONER JAMMU_IDA),Shri Jugal Kishore Sharma,JAMMU,20-Jul-26,SAHIL SHARMA CONTRACTOR,Payment Success,122000
3869,Jammu And Kashmir,"Construction of flood control embankments/ protection walls along riverbanks, hilltops, roadsides",WS/MP331/2025-2026/242821,JAMMU(DEPUTY COMMISSIONER JAMMU_IDA),Shri Jugal Kishore Sharma,JAMMU,20-Jul-26,SAHIL SHARMA CONTRACTOR,Payment Success,123000
3870,Karnataka,Construction of buildings for community cultural activities,WS/MP18087/2025-2026/244484,HAVERI(DEPUTY COMMISSIONER HAVERI_IDA),BASAVARAJ BOMMAI,HAVERI,27-Jul-26,M P CONSTRUCTION,Payment Success,374616
3871,Karnataka,Construction of buildings for community cultural activities,WS/MP18087/2025-2026/178985,HAVERI(DEPUTY COMMISSIONER HAVERI_IDA),BASAVARAJ BOMMAI,HAVERI,27-Jul-26,M P CONSTRUCTION,Payment Success,124964
3872,Andhra Pradesh,Construction of community centers and community halls,WS/MP18008/2025-2026/219430,GUNTUR(DISTRICT COLLECTOR GUNTUR_IDA),Dr Chandra Sekhar Pemmasani,GUNTUR,20-Jul-26,Sri Vinayaka Constructions,Payment Success,571993
3873,Andhra Pradesh,"Construction of roads, link roads, pathways or any other road with or without drainage system",WS/MP18008/2026-2027/251004,GUNTUR(DISTRICT COLLECTOR GUNTUR_IDA),Dr Chandra Sekhar Pemmasani,GUNTUR,20-Jul-26,Sri Vinayaka Constructions,Payment Success,550380
3874,Gujarat,"Construction of roads, link roads, pathways or any other road with or without drainage system",WS/MP18321/2026-2027/276654,SABAR KANTHA(DISTRICT COLLECTOR SABARKANTHA_IDA),SHOBHANABEN MAHENDRASINH BARAIYA,SABARKANTHA,10-Aug-26,BHAJPURA GROUP GRAM PANCHAYAT,Payment Success,300000
3875,Gujarat,"Construction of roads, link roads, pathways or any other road with or without drainage system",WS/MP18326/2025-2026/175570,MORBI(District collector Morbi_IDA),CHANDUBHAI CHHAGANBHAI SHIHORA,SURENDRANAGAR,28-Jul-26,VEGADAVAV GRAM PANCHAYAT,Payment Success,199331
3876,Madhya Pradesh,Construction of common work sheds/ common covered sitting area,WS/MP640/2026-2027/270774,Narsimhapur(DISTRICT COLLECTOR NARSINGHPUR_IDA),Faggan Singh Kulaste,MANDLA(ST),04-Aug-26,gram panchayat shreenagar,Payment Success,100000
3877,Madhya Pradesh,Construction of common work sheds/ common covered sitting area,WS/MP640/2026-2027/270766,Narsimhapur(DISTRICT COLLECTOR NARSINGHPUR_IDA),Faggan Singh Kulaste,MANDLA(ST),04-Aug-26,gram panchayat shreenagar,Payment Success,100000
3878,Madhya Pradesh,"Construction of roads, link roads, pathways or any other road with or without drainage system",WS/MP640/2026-2027/270690,Narsimhapur(DISTRICT COLLECTOR NARSINGHPUR_IDA),Faggan Singh Kulaste,MANDLA(ST),27-Jul-26,gram panchayat noni,Payment Success,100000
3879,Madhya Pradesh,Providing drains and gutters for public drainage,WS/MP640/2026-2027/270699,Narsimhapur(DISTRICT COLLECTOR NARSINGHPUR_IDA),Faggan Singh Kulaste,MANDLA(ST),27-Jul-26,gram panchayat khamariya,Payment Success,100000
3880,Odisha,"Construction of roads, link roads, pathways or any other road with or without drainage system",WS/MP453/2026-2027/263067,RAYAGADA(DISTRICT COLLECTOR RAYAGADA_IDA),Saptagiri Sankar Ulaka,KORAPUT(ST),01-Aug-26,Junior Engineer Ramanaguda,Payment Success,250000
3881,Odisha,"Construction of roads, link roads, pathways or any other road with or without drainage system",WS/MP453/2026-2027/263163,RAYAGADA(DISTRICT COLLECTOR RAYAGADA_IDA),Saptagiri Sankar Ulaka,KORAPUT(ST),20-Jul-26,Junior Engineer Ramanaguda,Payment Success,250000
3882,Odisha,"Construction of roads, link roads, pathways or any other road with or without drainage system",WS/MP453/2026-2027/262907,RAYAGADA(DISTRICT COLLECTOR RAYAGADA_IDA),Saptagiri Sankar Ulaka,KORAPUT(ST),22-Jul-26,Assistant EngineerII Ramanaguda block,Payment Success,300000
3883,Odisha,Construction of community centers and community halls,WS/MP453/2026-2027/261692,RAYAGADA(DISTRICT COLLECTOR RAYAGADA_IDA),Saptagiri Sankar Ulaka,KORAPUT(ST),01-Aug-26,Assistant EngineerII Ramanaguda block,Payment Success,500000
3884,Odisha,"Construction of roads, link roads, pathways or any other road with or without drainage system",WS/MP453/2026-2027/263147,RAYAGADA(DISTRICT COLLECTOR RAYAGADA_IDA),Saptagiri Sankar Ulaka,KORAPUT(ST),20-Jul-26,Assistant EngineerII Ramanaguda block,Payment Success,250000
3885,Gujarat,Construction of footpaths and pedestrian ways,WS/MP18055/2025-2026/220491,PANCH MAHALS(DISTRICT COLLECTOR PANCHMAHALS_IDA),RAJPALSINH MAHENDRASINH JADAV,PANCHMAHAL,29-Jul-26,SARPANCH GRAM PANCHAYAT BODIDR,Payment Success,160000
3886,Gujarat,Construction of common work sheds/ common covered sitting area,WS/MP584/2025-2026/216971,KACHCHH(DISTRICT COLLECTOR KUTCH_IDA),Vinod Chavda,KACHCHH(SC),31-Jul-26,NARANPAR ROHA JUTH GRAM PANCHAYAT,Payment Success,400000
3887,Madhya Pradesh,Construction of common work sheds/ common covered sitting area,WS/MP640/2026-2027/270768,Narsimhapur(DISTRICT COLLECTOR NARSINGHPUR_IDA),Faggan Singh Kulaste,MANDLA(ST),04-Aug-26,gram panchayat katkuhi,Payment Success,100000
3888,Odisha,Construction of community centers and community halls,WS/MP18146/2025-2026/173488,Kendujhar(DISTRICT COLLECTOR KEONJHAR_IDA),ANANTA NAYAK,KEONJHAR(ST),20-Jul-26,MS BDO JHUMPURA ROYALTY AND ADDITIONAL CHARGES,Payment Success,8179
3889,Andhra Pradesh,Construction of community centers and community halls,WS/MP18003/2025-2026/223836,Ananthapuramu(DISTRICT COLLECTOR ANANTAPUR_IDA),AMBICA G LAKSHMINARAYANA VALMIKI,ANANTAPUR,20-Jul-26,PATNAM NAGESH,Payment Success,408727
3890,Karnataka,"Construction of roads, link roads, pathways or any other road with or without drainage system",WS/MP18355/2026-2027/257724,BENGALURU URBAN(DEPUTY COMMISSIONER BANGALORE URBAN_IDA),SHOBHA KARANDLAJE,BANGALORE NORTH,21-Jul-26,Umesh S,Payment Success,2487158
3891,Karnataka,"Construction of roads, link roads, pathways or any other road with or without drainage system",WS/MP18355/2026-2027/257725,BENGALURU URBAN(DEPUTY COMMISSIONER BANGALORE URBAN_IDA),SHOBHA KARANDLAJE,BANGALORE NORTH,21-Jul-26,Lokesh C,Payment Success,2495309
3892,Punjab,Construction of community centers and community halls,WS/MP716/2025-2026/203929,BATHINDA(DEPUTY COMMISSIONER BHATINDA_IDA),Smt Harsimrat Kaur Badal,BHATINDA,23-Jul-26,GURUKIRPA CONTRACTOR,Payment Success,322952
3893,Punjab,Construction of boundary walls of existing public and community buildings,WS/MP18158/2025-2026/231392,PATIALA(DEPUTY COMMISSIONER PATIALA_IDA),DR DHARAMVIRA GANDHI,PATIALA,30-Jul-26,Harchand Singh,Payment Success,27000
3894,Andhra Pradesh,"Construction of roads, link roads, pathways or any other road with or without drainage system",WS/MP18008/2026-2027/251396,GUNTUR(DISTRICT COLLECTOR GUNTUR_IDA),Dr Chandra Sekhar Pemmasani,GUNTUR,29-Jul-26,Vejandla Ekambareswara Rao,Payment Success,95347
3895,Andhra Pradesh,"Construction of roads, link roads, pathways or any other road with or without drainage system",WS/MP18008/2026-2027/251527,GUNTUR(DISTRICT COLLECTOR GUNTUR_IDA),Dr Chandra Sekhar Pemmasani,GUNTUR,31-Jul-26,Vejandla Ekambareswara Rao,Payment Success,288231
3896,Haryana,Installing tube-wells and borewells,WS/MP329/2026-2027/237317,BHIWANI(DC Cum Nodal Officer MPLADS Bhiwani),Shri  Dharambir Singh,BHIWANI MAHENDRAGARH,27-Jul-26,Daramvir Singh Contractor,Payment Success,405000
3897,Haryana,Construction of buildings for multi-gym,WS/MP18065/2025-2026/134736,JHAJJAR(DEPUTY COMMISSIONER cum NODAL OFFICER MPLADS JHAJJAR),DEEPENDER SINGH HOODA,ROHTAK,26-Jul-26,BABA HARIDAS TRADERS,Payment Success,471613
3898,Haryana,Construction of buildings for multi-gym,WS/MP18065/2025-2026/134736,JHAJJAR(DEPUTY COMMISSIONER cum NODAL OFFICER MPLADS JHAJJAR),DEEPENDER SINGH HOODA,ROHTAK,26-Jul-26,BABA HARIDAS TRADERS,Payment Success,258788
3899,Andhra Pradesh,Crematoriums/energy efficient crematoriums or structures on burial/cremation ground,WS/MP18008/2026-2027/254599,GUNTUR(DISTRICT COLLECTOR GUNTUR_IDA),Dr Chandra Sekhar Pemmasani,GUNTUR,28-Jul-26,Adapa Narayana Reddy,Payment Success,264993
3900,Andhra Pradesh,Construction of culverts and bridges,WS/MP18008/2026-2027/254625,GUNTUR(DISTRICT COLLECTOR GUNTUR_IDA),Dr Chandra Sekhar Pemmasani,GUNTUR,28-Jul-26,Adapa Narayana Reddy,Payment Success,256039
3901,Rajasthan,Installing tube-wells and borewells,WS/MP18170/2025-2026/227385,SIKAR(DISTRICT COLLECTOR SIKAR_IDA),AMRARAM,SIKAR,21-Jul-26,AEN O M AVVNL REENGUS,Payment Success,134058
3902,Uttar Pradesh,"Construction of roads, link roads, pathways or any other road with or without drainage system",WS/MP18228/2025-2026/251201,JAUNPUR(DISTRICT MAGISTRATE JAUNPUR_IDA),PRIYA SAROJ,MACHHLISHAHR(SC),22-Jul-26,Tvinkal Saroj,Payment Success,1439887
3903,Uttar Pradesh,"Construction of roads, link roads, pathways or any other road with or without drainage system",WS/MP18228/2025-2026/251202,JAUNPUR(DISTRICT MAGISTRATE JAUNPUR_IDA),PRIYA SAROJ,MACHHLISHAHR(SC),22-Jul-26,Tvinkal Saroj,Payment Success,1294054
3904,Uttar Pradesh,"Construction of roads, link roads, pathways or any other road with or without drainage system",WS/MP18228/2025-2026/251203,JAUNPUR(DISTRICT MAGISTRATE JAUNPUR_IDA),PRIYA SAROJ,MACHHLISHAHR(SC),22-Jul-26,Tvinkal Saroj,Payment Success,2065821
3905,Uttar Pradesh,"Construction of roads, link roads, pathways or any other road with or without drainage system",WS/MP18228/2025-2026/251204,JAUNPUR(DISTRICT MAGISTRATE JAUNPUR_IDA),PRIYA SAROJ,MACHHLISHAHR(SC),22-Jul-26,Tvinkal Saroj,Payment Success,1307516
3906,Uttar Pradesh,"Construction of roads, link roads, pathways or any other road with or without drainage system",WS/MP18228/2025-2026/251205,JAUNPUR(DISTRICT MAGISTRATE JAUNPUR_IDA),PRIYA SAROJ,MACHHLISHAHR(SC),22-Jul-26,Tvinkal Saroj,Payment Success,648579
3907,Uttar Pradesh,"Construction of roads, link roads, pathways or any other road with or without drainage system",WS/MP18228/2025-2026/251206,JAUNPUR(DISTRICT MAGISTRATE JAUNPUR_IDA),PRIYA SAROJ,MACHHLISHAHR(SC),22-Jul-26,Tvinkal Saroj,Payment Success,670187
3908,Uttar Pradesh,"Construction of roads, link roads, pathways or any other road with or without drainage system",WS/MP18228/2025-2026/251207,JAUNPUR(DISTRICT MAGISTRATE JAUNPUR_IDA),PRIYA SAROJ,MACHHLISHAHR(SC),22-Jul-26,Tvinkal Saroj,Payment Success,1447521
3909,Uttar Pradesh,Construction of rainwater harvesting structures,WS/MP18228/2025-2026/251208,JAUNPUR(DISTRICT MAGISTRATE JAUNPUR_IDA),PRIYA SAROJ,MACHHLISHAHR(SC),22-Jul-26,Tvinkal Saroj,Payment Success,1939608
3910,Telangana,"Construction of roads, link roads, pathways or any other road with or without drainage system",WS/MP18188/2026-2027/277801,RANGA REDDY(DISTRICT COLLECTOR RANGAREDDY_IDA),KONDA VISHWESHWAR REDDY,CHELVELLA,06-Aug-26,SHIVA SAI SC WELFARE ASSOCIATION,Payment Success,499837
3911,Telangana,"Construction of roads, link roads, pathways or any other road with or without drainage system",WS/MP18188/2026-2027/277802,RANGA REDDY(DISTRICT COLLECTOR RANGAREDDY_IDA),KONDA VISHWESHWAR REDDY,CHELVELLA,06-Aug-26,SHIVA SAI SC WELFARE ASSOCIATION,Payment Success,499620
3912,Kerala,"Construction of roads, link roads, pathways or any other road with or without drainage system",WS/MP18264/2025-2026/206999,KOTTAYAM(DISTRICT COLLECTOR KOTTAYAM_IDA),ADV K FRANCIS GEORGE,KOTTAYAM,21-Jul-26,Shebbin Sebastian,Payment Success,293794
3913,Gujarat,"Construction of roads, link roads, pathways or any other road with or without drainage system",WS/MP18326/2025-2026/252398,SURENDRANAGAR(DISTRICT COLLECTOR SURENDRANAGAR_IDA),CHANDUBHAI CHHAGANBHAI SHIHORA,SURENDRANAGAR,03-Aug-26,isdra gram panchayat,Payment Success,449439
3914,Karnataka,Construction of bus-sheds or bus-stops,WS/MP18076/2026-2027/217254,Bengaluru South(DEPUTY COMMISSIONER RAMANAGARA_IDA),DR C N MANJUNATH,BANGALORE RURAL,21-Jul-26,UMESH J,Payment Success,375000
3915,Karnataka,Construction of community centers and community halls,WS/MP18086/2026-2027/275645,HASSAN(DEPUTY COMMISSIONER HASSAN_IDA),SHREYAS. M. PATEL,HASSAN,22-Jul-26,K S HARISH KUMAR,Payment Success,187500
3916,Madhya Pradesh,"Construction of roads, link roads, pathways or any other road with or without drainage system",WS/MP446/2026-2027/288636,CHHATARPUR(District Collector Chhatarpur_IDA),Vishnu Dutt Sharma,KHAJURAHO,31-Jul-26,GRAM PANCHAYAT GUDHORA,Payment Success,300000
3917,Madhya Pradesh,"Construction of roads, link roads, pathways or any other road with or without drainage system",WS/MP18103/2026-2027/288920,SHIVPURI(District Collector Shivpuri_IDA),BHARAT SINGH KUSHWAH,GWALIOR,31-Jul-26,Gram Panchayat Talbhev,Payment Success,250000
3918,Tamil Nadu,Construction of water tanks,WS/MP740/2026-2027/160926,COIMBATORE(DISTRICT COLLECTOR COIMBATORE_IDA),Andimuthu Raja,NILGIRIS(SC),27-Jul-26,SANDHIYA and CO,Payment Success,1600000
3919,West Bengal,"Construction of roads, link roads, pathways or any other road with or without drainage system",WS/MP18257/2025-2026/236226,Purba Medinipur(DISTRICT MAGISTRATE PURBA MEDINIPUR_IDA),ABHIJIT GANGOPADHYAY,TAMLUK,04-Aug-26,Nafis Enterprise,Payment Success,346022
3920,Maharashtra,"Construction of roads, link roads, pathways or any other road with or without drainage system",WS/MP692/2026-2027/183611,PUNE(DISTRICT COLLECTOR PUNE_IDA),Smt Supriya Sadanand Sule,BARAMATI,18-Aug-26,SHUBHAM SUDHAKAR MOHITE,Payment Success,497140
3921,Uttarakhand,"Construction of roads, link roads, pathways or any other road with or without drainage system",WS/MP021/2025-2026/197138,NAINITAL(DISTRICT MAGISTRATE NAINITAL_IDA),Ajay Bhatt,NAINITAL UDHAM SINGH NAG.,24-Aug-26,harish singh,Payment Success,17384
3922,Uttarakhand,"Construction of roads, link roads, pathways or any other road with or without drainage system",WS/MP021/2025-2026/197138,NAINITAL(DISTRICT MAGISTRATE NAINITAL_IDA),Ajay Bhatt,NAINITAL UDHAM SINGH NAG.,24-Aug-26,Gaurav singh,Payment Success,17384
3923,Uttarakhand,"Construction of roads, link roads, pathways or any other road with or without drainage system",WS/MP021/2025-2026/197138,NAINITAL(DISTRICT MAGISTRATE NAINITAL_IDA),Ajay Bhatt,NAINITAL UDHAM SINGH NAG.,24-Aug-26,Jugdish singh,Payment Success,17384
3924,Uttarakhand,"Construction of roads, link roads, pathways or any other road with or without drainage system",WS/MP021/2025-2026/197138,NAINITAL(DISTRICT MAGISTRATE NAINITAL_IDA),Ajay Bhatt,NAINITAL UDHAM SINGH NAG.,24-Aug-26,Mohan singh,Payment Success,17384
3925,Uttarakhand,"Construction of roads, link roads, pathways or any other road with or without drainage system",WS/MP021/2025-2026/197138,NAINITAL(DISTRICT MAGISTRATE NAINITAL_IDA),Ajay Bhatt,NAINITAL UDHAM SINGH NAG.,24-Aug-26,Dayal singh,Payment Success,13470
3926,Uttarakhand,"Construction of roads, link roads, pathways or any other road with or without drainage system",WS/MP021/2025-2026/197138,NAINITAL(DISTRICT MAGISTRATE NAINITAL_IDA),Ajay Bhatt,NAINITAL UDHAM SINGH NAG.,24-Aug-26,Aanad singh,Payment Success,13470
3927,Maharashtra,"Construction of roads, link roads, pathways or any other road with or without drainage system",WS/MP18323/2026-2027/144117,LATUR(DISTRICT COLLECTOR LATUR_IDA),DR KALGE SHIVAJI BANDAPPA,LATUR(SC),07-Aug-26,Jaybharat Majoor Sahakari Sanstha M Latur,Payment Success,1000000
3928,Uttarakhand,"Construction of roads, link roads, pathways or any other road with or without drainage system",WS/MP021/2025-2026/197138,NAINITAL(DISTRICT MAGISTRATE NAINITAL_IDA),Ajay Bhatt,NAINITAL UDHAM SINGH NAG.,24-Aug-26,Heera singh,Payment Success,13470
3929,Madhya Pradesh,"Construction of roads, link roads, pathways or any other road with or without drainage system",WS/MP18103/2026-2027/288891,SHIVPURI(District Collector Shivpuri_IDA),BHARAT SINGH KUSHWAH,GWALIOR,23-Jul-26,Gram Panchayat Sonhar,Payment Success,250000
3930,Uttarakhand,"Construction of roads, link roads, pathways or any other road with or without drainage system",WS/MP021/2025-2026/197138,NAINITAL(DISTRICT MAGISTRATE NAINITAL_IDA),Ajay Bhatt,NAINITAL UDHAM SINGH NAG.,24-Aug-26,Leela devi,Payment Success,21945
3931,Uttarakhand,"Construction of roads, link roads, pathways or any other road with or without drainage system",WS/MP021/2025-2026/197138,NAINITAL(DISTRICT MAGISTRATE NAINITAL_IDA),Ajay Bhatt,NAINITAL UDHAM SINGH NAG.,24-Aug-26,Geeta devi,Payment Success,21945
3932,Uttarakhand,"Construction of roads, link roads, pathways or any other road with or without drainage system",WS/MP021/2025-2026/197138,NAINITAL(DISTRICT MAGISTRATE NAINITAL_IDA),Ajay Bhatt,NAINITAL UDHAM SINGH NAG.,24-Aug-26,jyoti,Payment Success,21945
3933,Uttarakhand,"Construction of roads, link roads, pathways or any other road with or without drainage system",WS/MP021/2025-2026/197138,NAINITAL(DISTRICT MAGISTRATE NAINITAL_IDA),Ajay Bhatt,NAINITAL UDHAM SINGH NAG.,24-Aug-26,Suman,Payment Success,21945
3934,Karnataka,Construction of rainwater harvesting structures,WS/MP18078/2026-2027/213629,Vijayanagara(DEPUTY COMMISSIONER VIJAYANAGARA_IDA),E. TUKARAM,BELLARY(ST),21-Jul-26,CHAUTGI UMESHA,Payment Success,1125000
3935,Madhya Pradesh,"Construction of roads, link roads, pathways or any other road with or without drainage system",WS/MP446/2026-2027/288604,CHHATARPUR(District Collector Chhatarpur_IDA),Vishnu Dutt Sharma,KHAJURAHO,31-Jul-26,GRAM PANCHAYAT PATNA,Payment Success,300000
3936,Meghalaya,Construction of footpaths and pedestrian ways,WS/MP18309/2026-2027/288127,WEST GARO HILLS(DEPUTY COMMISSIONER WEST GARO HILLS_IDA),SALENG A SANGMA,TURA,22-Jul-26,Jamindro R Marak,Payment Success,100000
3937,Tamil Nadu,Lighting of public spaces,WS/MP747/2026-2027/269416,VIRUDHUNAGAR(DISTRICT COLLECTOR VIRUDHUNAGAR_IDA),Manickam Tagore B,VIRUDHUNAGAR,27-Jul-26,THIRUPATHYRAJ R,Payment Success,120000
3938,Rajasthan,Street lights,WS/MP18169/2026-2027/260421,NAGAUR(DISTRICT COLLECTOR NAGAUR_IDA),MAHIMA KUMARI MEWAR,RAJSAMAND,20-Jul-26,TANU ENTERPRISES,Payment Success,794188
3939,Punjab,Crematoriums/energy efficient crematoriums or structures on burial/cremation ground,WS/MP716/2025-2026/226774,SRI MUKTSAR SAHIB(DEPUTY COMMISSIONER SRI MUKTSAR SAHIB_IDA),Smt Harsimrat Kaur Badal,BHATINDA,16-Jul-26,BHULLAR FARMS,Payment Success,28000
3940,Punjab,Construction of additional rooms and halls in the existing public and community building,WS/MP716/2025-2026/226775,SRI MUKTSAR SAHIB(DEPUTY COMMISSIONER SRI MUKTSAR SAHIB_IDA),Smt Harsimrat Kaur Badal,BHATINDA,19-Jul-26,BHULLAR FARMS,Payment Success,36250
3941,Rajasthan,Construction of community centers and community halls,WS/MP18162/2025-2026/203474,Shahpura(DISTRICT COLLECTOR Shahpura_IDA),DAMODAR AGARWAL,BHILWARA,25-Jul-26,Seema devi,Payment Success,3640
3942,Gujarat,"Construction of roads, link roads, pathways or any other road with or without drainage system",WS/MP18344/2025-2026/176906,JUNAGADH(DISTRICT COLLECTOR JUNAGADH_IDA),DR. MANSUKH MANDAVIYA,PORBANDAR,23-Jul-26,GRAM PANCHAYAT AMARGADH,Payment Success,298300
3943,Kerala,"Construction of roads, link roads, pathways or any other road with or without drainage system",WS/MP440/2025-2026/162040,PALAKKAD(DISTRICT COLLECTOR PALAKKAD_IDA),Vellalath Kochukrishnan Nair Sreekandan,PALAKKAD,20-Jul-26,Hisana Thasni KV,Payment Success,1818309
3944,Telangana,Crematoriums/energy efficient crematoriums or structures on burial/cremation ground,WS/MP18389/2025-2026/237048,HANUMAKONDA(DISTRICT COLLECTOR HANUMAKONDA_IDA),KADIYAM KAVYA,WARANGEL(SC),18-Jul-26,Shanthipriya MPS,Payment Success,496913
3945,Madhya Pradesh,Construction of culverts and bridges,WS/MP18103/2026-2027/286542,SHIVPURI(District Collector Shivpuri_IDA),BHARAT SINGH KUSHWAH,GWALIOR,30-Jul-26,GRAM PANCHAYAT BAMRA,Payment Success,250000
3946,Kerala,"Construction of roads, link roads, pathways or any other road with or without drainage system",WS/MP351/2025-2026/195373,KANNUR(DISTRICT COLLECTOR KANNUR_IDA),Shri Kumbakudi Sudhakaran,KANNUR,20-Jul-26,N V SURENDRAN,Payment Success,281465
3947,Gujarat,"Construction of roads, link roads, pathways or any other road with or without drainage system",WS/MP18324/2025-2026/256008,AMRELI(DISTRICT COLLECTOR AMRELI_IDA),BHARATBHAI MANUBHAI SUTARIYA,AMRELI,18-Aug-26,GRAM PANCHAYAT NAGESHRI,Payment Success,300000
3948,Kerala,"Construction of roads, link roads, pathways or any other road with or without drainage system",WS/MP440/2025-2026/161950,PALAKKAD(DISTRICT COLLECTOR PALAKKAD_IDA),Vellalath Kochukrishnan Nair Sreekandan,PALAKKAD,18-Jul-26,MOIDU P S,Payment Success,674011
3949,Chhattisgarh,Construction of community centers and community halls,WS/MP428/2026-2027/273245,Mohla-Manpur-Ambagarh Chouki(Collector MMC_IDA),Santosh Pandey,RAJNANDGAON,22-Aug-26,GRAM PANCHAYAT SANGALI,Payment Success,100000
3950,Kerala,Purchase of vans and buses for educational institutions,WS/MP18423/2025-2026/180042,WAYANAD(DISTRICT COLLECTOR WAYANAD_IDA),Priyanka Gandhi Vadra,WAYANAD,18-Jul-26,HEADMASTER GUPS KAMBALAKKAD,Payment Success,64000
3951,Punjab,"Construction of roads, link roads, pathways or any other road with or without drainage system",WS/MP18154/2026-2027/269407,GURDASPUR(DEPUTY COMMISSIONER GURDASPUR_IDA),SUKHJINDER SINGH RANDHAWA,GURDASPUR,20-Jul-26,DASHMESH TILE FAACTORY,Payment Success,370000
3952,Punjab,Providing drains and gutters for public drainage,WS/MP18154/2025-2026/173176,GURDASPUR(DEPUTY COMMISSIONER GURDASPUR_IDA),SUKHJINDER SINGH RANDHAWA,GURDASPUR,19-Aug-26,DASHMESH TILE FAACTORY,Payment Success,180000
3953,Uttar Pradesh,Construction of road under bridge,WS/MP18233/2025-2026/256237,PRAYAGRAJ(DISTRICT MAGISTRAE ALLAHABAD_IDA),PRAVEEN PATEL,PHULPUR,20-Jul-26,RPS Enterprises,Payment Success,739473
3954,Uttar Pradesh,Construction of road under bridge,WS/MP18233/2025-2026/256237,PRAYAGRAJ(DISTRICT MAGISTRAE ALLAHABAD_IDA),PRAVEEN PATEL,PHULPUR,20-Jul-26,RPS Enterprises,Payment Success,563277
3955,Kerala,"Construction of roads, link roads, pathways or any other road with or without drainage system",WS/MP632/2025-2026/204400,PATHANAMTHITTA(DISTRICT COLLECTOR PATHANAMTHITTA_IDA),Anto Antony,PATHANAMTHITTA,20-Jul-26,BINSU DANIEL,Payment Success,416286
3956,Madhya Pradesh,Providing drains and gutters for public drainage,WS/MP356/2026-2027/277658,RATLAM(District Collector Ratlam_IDA),Shri Sudheer Gupta,MANDSOUR,23-Jul-26,Gram Panchayat Gothda,Payment Success,100000
3957,Kerala,Forest conservation infrastructure,WS/MP353/2025-2026/188637,IDUKKI(DISTRICT COLLECTOR IDUKKI_IDA),Adv Dean Kuriakose,IDUKKI,22-Aug-26,UNITED FENCE SYSTEMS,Payment Success,1105572
3958,Kerala,Forest conservation infrastructure,WS/MP353/2025-2026/188638,IDUKKI(DISTRICT COLLECTOR IDUKKI_IDA),Adv Dean Kuriakose,IDUKKI,22-Aug-26,UNITED FENCE SYSTEMS,Payment Success,1046679
3959,Karnataka,Construction of rooms and halls in school and colleges,WS/MP18086/2026-2027/190459,HASSAN(DEPUTY COMMISSIONER HASSAN_IDA),SHREYAS. M. PATEL,HASSAN,20-Jul-26,MADESHA H,Payment Success,187500
3960,Odisha,Construction of community centers and community halls,WS/MP372/2025-2026/224459,Kataka(DISTRICT COLLECTOR CUTTACK_IDA),Shri Bhartruhari Mahtab,CUTTACK,20-Jul-26,RAJENDRA PRASAD OJHA,Payment Success,147913
3961,Uttarakhand,Construction of community centers and community halls,WS/MP021/2025-2026/189668,NAINITAL(DISTRICT MAGISTRATE NAINITAL_IDA),Ajay Bhatt,NAINITAL UDHAM SINGH NAG.,19-Jul-26,DAN SINGH NEGI,Payment Success,296948
3962,Jharkhand,Construction of community centers and community halls,WS/MP18071/2025-2026/246701,LATEHAR(Deputy Commissioner latehar_IDA),KALI CHARAN SINGH,CHATRA,18-Jul-26,DILIP KUMAR KUSHWAHA JE ZP LATEHAR,Payment Success,249676
3963,Jharkhand,"Construction of roads, link roads, pathways or any other road with or without drainage system",WS/MP18071/2025-2026/246707,LATEHAR(Deputy Commissioner latehar_IDA),KALI CHARAN SINGH,CHATRA,18-Jul-26,DILIP KUMAR KUSHWAHA JE ZP LATEHAR,Payment Success,249361
3964,Karnataka,Lighting of public spaces,WS/MP18092/2025-2026/246952,RAICHUR(DEPUTY COMMISSIONER RAICHUR_IDA),G. KUMAR NAIK,RAICHUR(ST),18-Jul-26,LINGAPPA,Payment Success,375000
3965,Maharashtra,Construction of community centers and community halls,WS/MP18114/2026-2027/227497,BEED(DISTRICT COLLECTOR BEED_IDA),BAJRANG MANOHAR SONWANE,BEED,19-Aug-26,Ch Balaji Majur Sahkari Sanstha Limited Kathwada,Payment Success,997184
3966,West Bengal,"Construction of roads, link roads, pathways or any other road with or without drainage system",WS/MP18257/2025-2026/264552,Purba Medinipur(DISTRICT MAGISTRATE PURBA MEDINIPUR_IDA),ABHIJIT GANGOPADHYAY,TAMLUK,19-Jul-26,Sahoo Construction,Payment Success,380599
3967,West Bengal,"Construction of roads, link roads, pathways or any other road with or without drainage system",WS/MP18257/2025-2026/264553,Purba Medinipur(DISTRICT MAGISTRATE PURBA MEDINIPUR_IDA),ABHIJIT GANGOPADHYAY,TAMLUK,22-Jul-26,Sahoo Construction,Payment Success,345961
3968,West Bengal,"Construction of roads, link roads, pathways or any other road with or without drainage system",WS/MP18257/2025-2026/264556,Purba Medinipur(DISTRICT MAGISTRATE PURBA MEDINIPUR_IDA),ABHIJIT GANGOPADHYAY,TAMLUK,22-Jul-26,Sahoo Construction,Payment Success,168762
3969,West Bengal,"Construction of roads, link roads, pathways or any other road with or without drainage system",WS/MP18257/2025-2026/264557,Purba Medinipur(DISTRICT MAGISTRATE PURBA MEDINIPUR_IDA),ABHIJIT GANGOPADHYAY,TAMLUK,22-Jul-26,Sahoo Construction,Payment Success,271416
3970,Karnataka,Lighting of public spaces,WS/MP18092/2025-2026/246949,RAICHUR(DEPUTY COMMISSIONER RAICHUR_IDA),G. KUMAR NAIK,RAICHUR(ST),18-Jul-26,SHARANAPPA,Payment Success,375000
3971,Karnataka,Lighting of public spaces,WS/MP18092/2025-2026/246950,RAICHUR(DEPUTY COMMISSIONER RAICHUR_IDA),G. KUMAR NAIK,RAICHUR(ST),18-Jul-26,SHARANAPPA,Payment Success,375000
3972,Madhya Pradesh,Construction of culverts and bridges,WS/MP18103/2026-2027/288864,SHIVPURI(District Collector Shivpuri_IDA),BHARAT SINGH KUSHWAH,GWALIOR,30-Jul-26,GRAM PANCHAYAT GHATAI,Payment Success,250000
3973,Madhya Pradesh,Construction of culverts and bridges,WS/MP18103/2026-2027/286528,SHIVPURI(District Collector Shivpuri_IDA),BHARAT SINGH KUSHWAH,GWALIOR,30-Jul-26,GRAM PANCHAYAT KHARAIDAVAR,Payment Success,250000
3974,Rajasthan,Purchase of furniture and fixtures for educational purposes,WS/MP389/2025-2026/195539,PALI(DISTRICT COLLECTOR PALI_IDA),Shri PP Chaudhary,PALI,20-Jul-26,VIRMA RAM,Payment Success,6650
3975,Madhya Pradesh,Construction of culverts and bridges,WS/MP18103/2026-2027/296135,SHIVPURI(District Collector Shivpuri_IDA),BHARAT SINGH KUSHWAH,GWALIOR,30-Jul-26,GRAM PANCHAYAT RAIPUR,Payment Success,250000
3976,Rajasthan,Purchase of furniture and fixtures for educational purposes,WS/MP389/2025-2026/195539,PALI(DISTRICT COLLECTOR PALI_IDA),Shri PP Chaudhary,PALI,20-Jul-26,ALPU DEVI,Payment Success,3990
3977,Kerala,"Construction of roads, link roads, pathways or any other road with or without drainage system",WS/MP18306/2025-2026/186168,MALAPPURAM(DISTRICT COLLECTOR MALAPPURAM_IDA),DR. M.P ABDUSSAMAD SAMADANI,PONNANI,21-Jul-26,DULFIKAR K V,Payment Success,377147
3978,Rajasthan,Purchase of furniture and fixtures for educational purposes,WS/MP389/2025-2026/195539,PALI(DISTRICT COLLECTOR PALI_IDA),Shri PP Chaudhary,PALI,20-Jul-26,REKHA DEVI,Payment Success,3990
3979,Rajasthan,Purchase of furniture and fixtures for educational purposes,WS/MP389/2025-2026/195539,PALI(DISTRICT COLLECTOR PALI_IDA),Shri PP Chaudhary,PALI,20-Jul-26,MAMATA DEVI,Payment Success,3990
3980,Rajasthan,Purchase of furniture and fixtures for educational purposes,WS/MP389/2025-2026/195539,PALI(DISTRICT COLLECTOR PALI_IDA),Shri PP Chaudhary,PALI,20-Jul-26,DOLARAM,Payment Success,13300
3981,Uttar Pradesh,Construction of rooms and halls in school and colleges,WS/MP18206/2026-2027/254934,BANDA(DISTRICT MAGISTRATE BANDA_IDA),KRISHNA DEVI SHIVSHANKER PATEL,BANDA,27-Jul-26,Dwivedi Traders,Payment Success,486230
3982,Rajasthan,Purchase of furniture and fixtures for educational purposes,WS/MP389/2025-2026/195539,PALI(DISTRICT COLLECTOR PALI_IDA),Shri PP Chaudhary,PALI,20-Jul-26,GEETA DEVI,Payment Success,3990
3983,Rajasthan,Purchase of furniture and fixtures for educational purposes,WS/MP389/2025-2026/195539,PALI(DISTRICT COLLECTOR PALI_IDA),Shri PP Chaudhary,PALI,20-Jul-26,PUKHRAJ,Payment Success,3990
3984,Rajasthan,Purchase of furniture and fixtures for educational purposes,WS/MP389/2025-2026/195539,PALI(DISTRICT COLLECTOR PALI_IDA),Shri PP Chaudhary,PALI,20-Jul-26,RENUKA,Payment Success,3990
3985,Rajasthan,Purchase of furniture and fixtures for educational purposes,WS/MP389/2025-2026/195539,PALI(DISTRICT COLLECTOR PALI_IDA),Shri PP Chaudhary,PALI,20-Jul-26,PUSHPA,Payment Success,3990
3986,Gujarat,Crematoriums/energy efficient crematoriums or structures on burial/cremation ground,WS/MP574/2025-2026/183680,PATAN(DISTRICT COLLECTOR PATAN_IDA),Bharatsinhji Shankarji Dabhi,PATAN,10-Aug-26,MOTI CHANDUR GRAM PANCHAYAT,Payment Success,200000
3987,Kerala,"Construction of roads, link roads, pathways or any other road with or without drainage system",WS/MP18306/2025-2026/186167,MALAPPURAM(DISTRICT COLLECTOR MALAPPURAM_IDA),DR. M.P ABDUSSAMAD SAMADANI,PONNANI,21-Jul-26,Abdu Sadique I P,Payment Success,471975
3988,Haryana,Construction of boundary walls of existing public and community buildings,WS/MP18064/2025-2026/242490,KURUKSHETRA(DEPUTY COMMISSIONER KURUKSHETRA_IDA),NAVEEN JINDAL,KURUKSHETRA,21-Jul-26,THE MEHLA COOP LC SOCIETY,Payment Success,134080
3989,Uttar Pradesh,"Construction of roads, link roads, pathways or any other road with or without drainage system",WS/MP18346/2025-2026/219220,RAE BARELI(DISTRICT MAGISTRATE RAE BARELI_IDA),RAHUL GANDHI,RAE BARELI,17-Jul-26,Mahadev prasad,Payment Success,163113
3990,Uttar Pradesh,"Construction of roads, link roads, pathways or any other road with or without drainage system",WS/MP18346/2025-2026/207976,RAE BARELI(DISTRICT MAGISTRATE RAE BARELI_IDA),RAHUL GANDHI,RAE BARELI,24-Jul-26,Savita,Payment Success,115834
3991,Meghalaya,Construction of rooms and halls in school and colleges,WS/MP18137/2026-2027/233023,RI BHOI(DEPUTY COMMISSIONER RIBHOI NONGPOH_IDA),ANDREW J. SYNGKON,SHILLONG,20-Jul-26,Peter Jyrwa,Payment Success,200000
3992,Nagaland,"Retrofitting, preservation or conservation of heritage and archaeological monuments and buildings",WS/MP18391/2026-2027/283804,MOKOKCHUNG(Deputy Commissioner Mokokchung_IDA),S SUPONGMEREN JAMIR,NAGALAND,06-Aug-26,Temsuzulu Jamir,Payment Success,1100000
3993,Nagaland,"Construction of rooms and facilities for hospitals, FWC , PHC Centers and ANM centers",WS/MP18391/2026-2027/283803,MOKOKCHUNG(Deputy Commissioner Mokokchung_IDA),S SUPONGMEREN JAMIR,NAGALAND,06-Aug-26,Pangernukshi,Payment Success,500000
3994,Maharashtra,Construction of bus-sheds or bus-stops,WS/MP18129/2026-2027/186078,PUNE(DISTRICT COLLECTOR PUNE_IDA),MURLIDHAR MOHOL,PUNE,23-Jul-26,PREM SAI MAJUR SAHAKARI SANSTHA MARYADIT,Payment Success,990015
3995,Maharashtra,Construction of bus-sheds or bus-stops,WS/MP18129/2026-2027/186079,PUNE(DISTRICT COLLECTOR PUNE_IDA),MURLIDHAR MOHOL,PUNE,23-Jul-26,PREM SAI MAJUR SAHAKARI SANSTHA MARYADIT,Payment Success,997276
3996,Maharashtra,Construction of bus-sheds or bus-stops,WS/MP18129/2026-2027/186080,PUNE(DISTRICT COLLECTOR PUNE_IDA),MURLIDHAR MOHOL,PUNE,23-Jul-26,PREM SAI MAJUR SAHAKARI SANSTHA MARYADIT,Payment Success,996555
3997,Karnataka,"Construction of roads, link roads, pathways or any other road with or without drainage system",WS/MP18079/2025-2026/165392,BIDAR(DEPUTY COMMISSIONER BIDAR_IDA),SAGAR ESHWAR KHANDRE,BIDAR,17-Jul-26,VISHAL,Payment Success,300000
3998,Rajasthan,Construction of rooms and halls in school and colleges,WS/MP18159/2025-2026/231148,ALWAR(DISTRICT COLLECTOR ALWAR_IDA),BHUPENDER YADAV,ALWAR,20-Jul-26,SHARMA CONTRACTOR,Payment Success,680399
3999,Karnataka,Lighting of public spaces,WS/MP18079/2026-2027/235436,BIDAR(DEPUTY COMMISSIONER BIDAR_IDA),SAGAR ESHWAR KHANDRE,BIDAR,22-Jul-26,UMAKANT,Payment Success,187500
4000,Karnataka,Construction of rooms and halls in school and colleges,WS/MP18079/2026-2027/235434,BIDAR(DEPUTY COMMISSIONER BIDAR_IDA),SAGAR ESHWAR KHANDRE,BIDAR,22-Jul-26,Shivkumar,Payment Success,375000
Grand Total, , , , , , , , , ,"27,35,73,13,660.45"
